-- phpMyAdmin SQL Dump
-- version 5.2.1
-- https://www.phpmyadmin.net/
--
-- Host: 127.0.0.1
-- Generation Time: Dec 02, 2023 at 05:37 AM
-- Server version: 10.4.32-MariaDB
-- PHP Version: 8.0.30

SET SQL_MODE = "NO_AUTO_VALUE_ON_ZERO";
START TRANSACTION;
SET time_zone = "+00:00";


/*!40101 SET @OLD_CHARACTER_SET_CLIENT=@@CHARACTER_SET_CLIENT */;
/*!40101 SET @OLD_CHARACTER_SET_RESULTS=@@CHARACTER_SET_RESULTS */;
/*!40101 SET @OLD_COLLATION_CONNECTION=@@COLLATION_CONNECTION */;
/*!40101 SET NAMES utf8mb4 */;

--
-- Database: `student`
--

-- --------------------------------------------------------

--
-- Table structure for table `automobilecy3151`
--

CREATE TABLE `automobilecy3151` (
  `regno` bigint(20) DEFAULT NULL,
  `name` varchar(255) DEFAULT NULL,
  `cy3151_mark` varchar(11) DEFAULT NULL,
  `cy3151_attendance` int(11) DEFAULT NULL
) ENGINE=InnoDB DEFAULT CHARSET=utf8 COLLATE=utf8_unicode_ci;

--
-- Dumping data for table `automobilecy3151`
--

INSERT INTO `automobilecy3151` (`regno`, `name`, `cy3151_mark`, `cy3151_attendance`) VALUES
(810023102001, 'SRINATH A M', '66', 16),
(810023102002, 'AYYANAR S', '76', 23),
(810023102003, 'AJITHKUMAR P', '67', 20),
(810023102004, 'BALAMURUGAN T', '68', 23),
(810023102005, 'SAKTHIVEL R', '65', 20),
(810023102006, 'BHUVANESHKUMAR K', '71', 21),
(810023102007, 'GAYATHRI J', '70', 19),
(810023102008, 'THILLAIKANNAN M', '0', 0),
(810023102009, 'KRISHNAMOORTHI S', '70', 23),
(810023102010, 'VISHVABHARATHI S', '71', 20),
(810023102011, 'SIVAKUMAR M', '73', 18),
(810023102012, 'JEYA SRI P', '83', 23),
(810023102013, 'GIRIVASAN A', '71', 16),
(810023102014, 'SATHAIAH G', '76', 22),
(810023102015, 'TAMILNILAVAN V', '77         ', 21),
(810023102016, 'SANTHOSH E', '67', 21),
(810023102017, 'FAZIL AHMAD M', '88', 23),
(810023102018, 'ARUNMOZHIVARMAN A', '77', 23),
(810023102019, 'HARIPRASATH E', '65', 21),
(810023102020, 'VELAVAN G', '64', 21),
(810023102021, 'JOSEPH VIJAY D', '66         ', 20),
(810023102022, 'IRANIYAN K', '68', 22),
(810023102023, 'VICKNESWARAN P', '81', 23),
(810023102024, 'JABAZ RAJA PANDIAN R', '76', 15),
(810023102025, 'SENTHIL R', '63', 22),
(810023102026, 'SELVAPRIYAN M', '72', 19),
(810023102027, 'MOHAMMED RIYAS BABU A', '67', 23),
(810023102028, 'PRADEEP V', '66', 16),
(810023102029, 'DINESH KUMAR P', '67', 14),
(810023102030, 'VISHVA H', '64', 18),
(810023102031, 'LOHITHRAAJ S', '78', 21),
(810023102032, 'KUMARAN S', '63', 23),
(810023102033, 'MEDWIN SAMUEL P', '83', 22),
(810023102034, 'GOWTHAM U', '71', 22),
(810023102035, 'AMIRTHA MARDHINI R', '78', 23),
(810023102036, 'CHAITANYA SUZI S', '70', 20),
(810023102037, 'AJAY M', '65', 17);

-- --------------------------------------------------------

--
-- Table structure for table `automobilege3151`
--

CREATE TABLE `automobilege3151` (
  `regno` bigint(20) DEFAULT NULL,
  `name` varchar(255) DEFAULT NULL,
  `ge3151_mark` varchar(11) DEFAULT NULL,
  `ge3151_attendance` int(11) DEFAULT NULL
) ENGINE=InnoDB DEFAULT CHARSET=utf8 COLLATE=utf8_unicode_ci;

--
-- Dumping data for table `automobilege3151`
--

INSERT INTO `automobilege3151` (`regno`, `name`, `ge3151_mark`, `ge3151_attendance`) VALUES
(810023102001, 'SRINATH A M', '73', 21),
(810023102002, 'AYYANAR S', '73', 21),
(810023102003, 'AJITHKUMAR P', '77', 21),
(810023102004, 'BALAMURUGAN T', '80', 23),
(810023102005, 'SAKTHIVEL R', '75', 23),
(810023102006, 'BHUVANESHKUMAR K', '80', 23),
(810023102007, 'GAYATHRI J', '76', 23),
(810023102008, 'THILLAIKANNAN M', '0', 0),
(810023102009, 'KRISHNAMOORTHI S', '73', 21),
(810023102010, 'VISHVABHARATHI S', '70', 23),
(810023102011, 'SIVAKUMAR M', '86', 21),
(810023102012, 'JEYA SRI P', '82', 23),
(810023102013, 'GIRIVASAN A', '71', 20),
(810023102014, 'SATHAIAH G', '83', 23),
(810023102015, 'TAMILNILAVAN V', '50', 21),
(810023102016, 'SANTHOSH E', '51', 22),
(810023102017, 'FAZIL AHMAD M', '60', 23),
(810023102018, 'ARUNMOZHIVARMAN A', '58', 22),
(810023102019, 'HARIPRASATH E', '60', 22),
(810023102020, 'VELAVAN G', '50', 22),
(810023102021, 'JOSEPH VIJAY D', '77', 21),
(810023102022, 'IRANIYAN K', '76', 21),
(810023102023, 'VICKNESWARAN P', '77', 23),
(810023102024, 'JABAZ RAJA PANDIAN R', '74', 21),
(810023102025, 'SENTHIL R', '72', 23),
(810023102026, 'SELVAPRIYAN M', '50', 22),
(810023102027, 'MOHAMMED RIYAS BABU A', '70', 23),
(810023102028, 'PRADEEP V', '60', 22),
(810023102029, 'DINESH KUMAR P', '71', 22),
(810023102030, 'VISHVA H', '60', 23),
(810023102031, 'LOHITHRAAJ S', '71', 21),
(810023102032, 'KUMARAN S', '60', 23),
(810023102033, 'MEDWIN SAMUEL P', '67', 20),
(810023102034, 'GOWTHAM U', '86', 23),
(810023102035, 'AMIRTHA MARDHINI R', '77', 19),
(810023102036, 'CHAITANYA SUZI S', '77', 21),
(810023102037, 'AJAY M', '77', 19);

-- --------------------------------------------------------

--
-- Table structure for table `automobilege3152`
--

CREATE TABLE `automobilege3152` (
  `regno` bigint(20) DEFAULT NULL,
  `name` varchar(255) DEFAULT NULL,
  `ge3152_mark` varchar(11) DEFAULT NULL,
  `ge3152_attendance` int(11) DEFAULT NULL
) ENGINE=InnoDB DEFAULT CHARSET=utf8 COLLATE=utf8_unicode_ci;

--
-- Dumping data for table `automobilege3152`
--

INSERT INTO `automobilege3152` (`regno`, `name`, `ge3152_mark`, `ge3152_attendance`) VALUES
(810023102001, 'SRINATH A M', '48', 5),
(810023102002, 'AYYANAR S', '57', 7),
(810023102003, 'AJITHKUMAR P', '52', 6),
(810023102004, 'BALAMURUGAN T', '61', 7),
(810023102005, 'SAKTHIVEL R', '61', 7),
(810023102006, 'BHUVANESHKUMAR K', '65', 7),
(810023102007, 'GAYATHRI J', '59', 5),
(810023102008, 'THILLAIKANNAN M', 'AB', 0),
(810023102009, 'KRISHNAMOORTHI S', '45', 7),
(810023102010, 'VISHVABHARATHI S', '48', 6),
(810023102011, 'SIVAKUMAR M', '16', 6),
(810023102012, 'JEYA SRI P', '56', 7),
(810023102013, 'GIRIVASAN A', '53', 6),
(810023102014, 'SATHAIAH G', '70', 7),
(810023102015, 'TAMILNILAVAN V', '8', 6),
(810023102016, 'SANTHOSH E', '51', 6),
(810023102017, 'FAZIL AHMAD M', '56', 7),
(810023102018, 'ARUNMOZHIVARMAN A', '54', 7),
(810023102019, 'HARIPRASATH E', '15', 6),
(810023102020, 'VELAVAN G', '45', 6),
(810023102021, 'JOSEPH VIJAY D', '51', 5),
(810023102022, 'IRANIYAN K', '50', 6),
(810023102023, 'VICKNESWARAN P', '61', 7),
(810023102024, 'JABAZ RAJA PANDIAN R', '48', 5),
(810023102025, 'SENTHIL R', '45', 6),
(810023102026, 'SELVAPRIYAN M', '58', 6),
(810023102027, 'MOHAMMED RIYAS BABU A', '56', 7),
(810023102028, 'PRADEEP V', '50', 6),
(810023102029, 'DINESH KUMAR P', '52', 6),
(810023102030, 'VISHVA H', '46', 6),
(810023102031, 'LOHITHRAAJ S', '47', 6),
(810023102032, 'KUMARAN S', '51', 7),
(810023102033, 'MEDWIN SAMUEL P', '50', 6),
(810023102034, 'GOWTHAM U', '58', 7),
(810023102035, 'AMIRTHA MARDHINI R', '51', 7),
(810023102036, 'CHAITANYA SUZI S', '54', 4),
(810023102037, 'AJAY M', '45', 5);

-- --------------------------------------------------------

--
-- Table structure for table `automobilehs3152`
--

CREATE TABLE `automobilehs3152` (
  `regno` bigint(20) DEFAULT NULL,
  `name` varchar(255) DEFAULT NULL,
  `hs3152_mark` varchar(11) DEFAULT NULL,
  `hs3152_attendance` int(11) DEFAULT NULL
) ENGINE=InnoDB DEFAULT CHARSET=utf8 COLLATE=utf8_unicode_ci;

--
-- Dumping data for table `automobilehs3152`
--

INSERT INTO `automobilehs3152` (`regno`, `name`, `hs3152_mark`, `hs3152_attendance`) VALUES
(810023102001, 'SRINATH A M', '89', 14),
(810023102002, 'AYYANAR S', '55', 18),
(810023102003, 'AJITHKUMAR P', '50', 15),
(810023102004, 'BALAMURUGAN T', '51', 18),
(810023102005, 'SAKTHIVEL R', '50', 18),
(810023102006, 'BHUVANESHKUMAR K', '50', 18),
(810023102007, 'GAYATHRI J', '50', 16),
(810023102008, 'THILLAIKANNAN M', '0', 1),
(810023102009, 'KRISHNAMOORTHI S', '50', 18),
(810023102010, 'VISHVABHARATHI S', '50', 18),
(810023102011, 'SIVAKUMAR M', '89', 17),
(810023102012, 'JEYA SRI P', '57', 16),
(810023102013, 'GIRIVASAN A', '82', 18),
(810023102014, 'SATHAIAH G', '58', 17),
(810023102015, 'TAMILNILAVAN V', '51', 18),
(810023102016, 'SANTHOSH E', '50', 17),
(810023102017, 'FAZIL AHMAD M', '68', 17),
(810023102018, 'ARUNMOZHIVARMAN A', '67', 17),
(810023102019, 'HARIPRASATH E', '50', 16),
(810023102020, 'VELAVAN G', '50', 16),
(810023102021, 'JOSEPH VIJAY D', '68', 15),
(810023102022, 'IRANIYAN K', '13', 16),
(810023102023, 'VICKNESWARAN P', '60', 18),
(810023102024, 'JABAZ RAJA PANDIAN R', '38', 14),
(810023102025, 'SENTHIL R', '10', 17),
(810023102026, 'SELVAPRIYAN M', '71', 17),
(810023102027, 'MOHAMMED RIYAS BABU A', '50', 17),
(810023102028, 'PRADEEP V', '68', 17),
(810023102029, 'DINESH KUMAR P', '59', 16),
(810023102030, 'VISHVA H', '74', 17),
(810023102031, 'LOHITHRAAJ S', '89', 17),
(810023102032, 'KUMARAN S', '50', 17),
(810023102033, 'MEDWIN SAMUEL P', '86', 16),
(810023102034, 'GOWTHAM U', '50', 18),
(810023102035, 'AMIRTHA MARDHINI R', '60', 18),
(810023102036, 'CHAITANYA SUZI S', '53', 14),
(810023102037, 'AJAY M', '51', 15);

-- --------------------------------------------------------

--
-- Table structure for table `automobilema3151`
--

CREATE TABLE `automobilema3151` (
  `regno` bigint(20) DEFAULT NULL,
  `name` varchar(255) DEFAULT NULL,
  `ma3151_mark` varchar(11) DEFAULT NULL,
  `ma3151_attendance` int(11) DEFAULT NULL
) ENGINE=InnoDB DEFAULT CHARSET=utf8 COLLATE=utf8_unicode_ci;

--
-- Dumping data for table `automobilema3151`
--

INSERT INTO `automobilema3151` (`regno`, `name`, `ma3151_mark`, `ma3151_attendance`) VALUES
(810023102001, 'SRINATH A M', '59', 29),
(810023102002, 'AYYANAR S', '77', 31),
(810023102003, 'AJITHKUMAR P', '72', 29),
(810023102004, 'BALAMURUGAN T', '87', 31),
(810023102005, 'SAKTHIVEL R', '87', 33),
(810023102006, 'BHUVANESHKUMAR K', '57', 31),
(810023102007, 'GAYATHRI J', '63', 30),
(810023102008, 'THILLAIKANNAN M', '00', 0),
(810023102009, 'KRISHNAMOORTHI S', '41', 33),
(810023102010, 'VISHVABHARATHI S', '48', 33),
(810023102011, 'SIVAKUMAR M', '63', 27),
(810023102012, 'JEYA SRI P', '60', 30),
(810023102013, 'GIRIVASAN A', '58', 29),
(810023102014, 'SATHAIAH G', '44', 33),
(810023102015, 'TAMILNILAVAN V', '59', 25),
(810023102016, 'SANTHOSH E', '68', 28),
(810023102017, 'FAZIL AHMAD M', '82', 33),
(810023102018, 'ARUNMOZHIVARMAN A', '55', 31),
(810023102019, 'HARIPRASATH E', '67', 30),
(810023102020, 'VELAVAN G', '46', 30),
(810023102021, 'JOSEPH VIJAY D', '47', 27),
(810023102022, 'IRANIYAN K', '52', 28),
(810023102023, 'VICKNESWARAN P', '63', 31),
(810023102024, 'JABAZ RAJA PANDIAN R', '52', 25),
(810023102025, 'SENTHIL R', '40', 28),
(810023102026, 'SELVAPRIYAN M', '57', 26),
(810023102027, 'MOHAMMED RIYAS BABU A', '54', 33),
(810023102028, 'PRADEEP V', '58', 28),
(810023102029, 'DINESH KUMAR P', '49', 30),
(810023102030, 'VISHVA H', '51', 29),
(810023102031, 'LOHITHRAAJ S', '48', 33),
(810023102032, 'KUMARAN S', '42', 31),
(810023102033, 'MEDWIN SAMUEL P', '64', 28),
(810023102034, 'GOWTHAM U', '52', 31),
(810023102035, 'AMIRTHA MARDHINI R', '49', 31),
(810023102036, 'CHAITANYA SUZI S', '61', 21),
(810023102037, 'AJAY M', '55', 24);

-- --------------------------------------------------------

--
-- Table structure for table `automobileph3151`
--

CREATE TABLE `automobileph3151` (
  `regno` bigint(20) DEFAULT NULL,
  `name` varchar(255) DEFAULT NULL,
  `ph3151_mark` varchar(11) DEFAULT NULL,
  `ph3151_attendance` int(11) DEFAULT NULL
) ENGINE=InnoDB DEFAULT CHARSET=utf8 COLLATE=utf8_unicode_ci;

-- --------------------------------------------------------

--
-- Table structure for table `biotechcy3151`
--

CREATE TABLE `biotechcy3151` (
  `regno` bigint(20) DEFAULT NULL,
  `name` varchar(255) DEFAULT NULL,
  `cy3151_mark` varchar(11) DEFAULT NULL,
  `cy3151_attendance` int(11) DEFAULT NULL
) ENGINE=InnoDB DEFAULT CHARSET=utf8 COLLATE=utf8_unicode_ci;

-- --------------------------------------------------------

--
-- Table structure for table `biotechge3151`
--

CREATE TABLE `biotechge3151` (
  `regno` bigint(20) DEFAULT NULL,
  `name` varchar(255) DEFAULT NULL,
  `ge3151_mark` varchar(11) DEFAULT NULL,
  `ge3151_attendance` int(11) DEFAULT NULL
) ENGINE=InnoDB DEFAULT CHARSET=utf8 COLLATE=utf8_unicode_ci;

--
-- Dumping data for table `biotechge3151`
--

INSERT INTO `biotechge3151` (`regno`, `name`, `ge3151_mark`, `ge3151_attendance`) VALUES
(810023214001, 'PREM PRADHYUSH B A', '67', 15),
(810023214002, 'ABISHEK S', '92', 18),
(810023214003, 'NATRAJ R', '75', 18),
(810023214004, 'PRIYADHARSHINI P', '89', 17),
(810023214005, 'SURYASELVAN E', '81', 17),
(810023214006, 'RAYAN AFRIN S', '97', 18),
(810023214007, 'PRIYADHARSHINI B', '86', 17),
(810023214008, 'VENKATESHWARI S', '86', 18),
(810023214009, 'KAMALIKA M', '83', 18),
(810023214010, 'AAQIF ALI N R', '79', 15),
(810023214011, 'PREETHI JESSICA K', '93', 17),
(810023214013, 'DHANUJA SRI N', '76', 16),
(810023214014, 'SRIDHAR M', '70', 18),
(810023214015, 'GOPIKRISHNAN A', '94', 18),
(810023214016, 'MOURIYA J', '91', 18),
(810023214017, 'GUNA S', '78', 17),
(810023214018, 'ARUNADEVI R', '73', 17),
(810023214019, 'LOGESHWARI P', '85', 18),
(810023214020, 'NAVEEN KARTHIKEYAN R', '79', 16),
(810023214021, 'MATHIVATHANI U', '72', 15),
(810023214022, 'MADHUSRI V', '90', 18),
(810023214023, 'SANKARIYYA S', '82', 17),
(810023214024, 'KIRUBASANKARI J', '84', 18),
(810023214025, 'PRIYADHARSHINI A', '86', 16),
(810023214026, 'SUBIKSHA J', '85', 17),
(810023214027, 'FLORENCE HINRIKA B', '82', 17),
(810023214028, 'DHANUSH J U', '86', 18),
(810023214029, 'SOWMIYA S', '85', 16),
(810023214030, 'ABIRAMI S', '86', 18),
(810023214031, 'SANCHITHA R S', '88', 18),
(810023214032, 'HEMA SHALINI S', '87', 18),
(810023214033, 'PRIYADHARSHINI V', '77', 18),
(810023214034, 'DHARANI M', '81', 18),
(810023214035, 'MAHESHWARAN S', '71', 16),
(810023214036, 'DIVAHAR S', '87', 17),
(810023214037, 'DHANYA M', '77', 18),
(810023214038, 'JASMINE SHARMILA S', '75', 17),
(810023214039, 'NANDHINI S', '86', 16),
(810023214040, 'BAVATHARANI S', '80', 17),
(810023214041, 'SHREYA B', '85', 18),
(810023214042, 'SHILVIYA R', '89', 14),
(810023214043, 'LOGESHWARAN K', '83', 17),
(810023214044, 'DARWIN NAAKENDIRAN D', '87', 18),
(810023214045, 'SARANYAESHWARI S', '88', 17),
(810023214046, 'ABARNA P S', '83', 16),
(810023214047, 'KEERTHIKA R', '79', 17),
(810023214048, 'DEEPIKA T', '78', 18),
(810023214049, 'GLADSON RAJ I', '81', 16),
(810023214050, 'MAHABUNISHA M', '97', 18),
(810023214051, 'JANANI S', '89', 18),
(810023214053, 'SELVAKUMAR S', '75', 18),
(810023214054, 'SURUTHI M', '78', 17);

-- --------------------------------------------------------

--
-- Table structure for table `biotechge3152`
--

CREATE TABLE `biotechge3152` (
  `regno` bigint(20) DEFAULT NULL,
  `name` varchar(255) DEFAULT NULL,
  `ge3152_mark` varchar(11) DEFAULT NULL,
  `ge3152_attendance` int(11) DEFAULT NULL
) ENGINE=InnoDB DEFAULT CHARSET=utf8 COLLATE=utf8_unicode_ci;

--
-- Dumping data for table `biotechge3152`
--

INSERT INTO `biotechge3152` (`regno`, `name`, `ge3152_mark`, `ge3152_attendance`) VALUES
(810023214001, 'PREM PRADHYUSH B A', '65', 7),
(810023214002, 'ABISHEK S', '90', 7),
(810023214003, 'NATRAJ R', '77', 7),
(810023214004, 'PRIYADHARSHINI P', '80', 7),
(810023214005, 'SURYASELVAN E', '90', 6),
(810023214006, 'RAYAN AFRIN S', '89', 7),
(810023214007, 'PRIYADHARSHINI B', '94', 7),
(810023214008, 'VENKATESHWARI S', '85', 7),
(810023214009, 'KAMALIKA M', '77', 7),
(810023214010, 'AAQIF ALI N R', '76', 5),
(810023214011, 'PREETHI JESSICA K', '81', 7),
(810023214013, 'DHANUJA SRI N', '59', 7),
(810023214014, 'SRIDHAR M', '71', 7),
(810023214015, 'GOPIKRISHNAN A', '80', 7),
(810023214016, 'MOURIYA J', '87', 7),
(810023214017, 'GUNA S', '74', 7),
(810023214018, 'ARUNADEVI R', '76', 7),
(810023214019, 'LOGESHWARI P', '70', 7),
(810023214020, 'NAVEEN KARTHIKEYAN R', '74', 7),
(810023214021, 'MATHIVATHANI U', '71', 6),
(810023214022, 'MADHUSRI V', '90', 7),
(810023214023, 'SANKARIYYA S', '82', 7),
(810023214024, 'KIRUBASANKARI J', '81', 6),
(810023214025, 'PRIYADHARSHINI A', '81', 7),
(810023214026, 'SUBIKSHA J', '83', 7),
(810023214027, 'FLORENCE HINRIKA B', '75', 7),
(810023214028, 'DHANUSH J U', '87', 7),
(810023214029, 'SOWMIYA S', '71', 7),
(810023214030, 'ABIRAMI S', '80', 7),
(810023214031, 'SANCHITHA R S', '71', 6),
(810023214032, 'HEMA SHALINI S', '81', 7),
(810023214033, 'PRIYADHARSHINI V', '88', 7),
(810023214034, 'DHARANI M', '70', 7),
(810023214035, 'MAHESHWARAN S', '76', 7),
(810023214036, 'DIVAHAR S', '64', 7),
(810023214037, 'DHANYA M', '73', 7),
(810023214038, 'JASMINE SHARMILA S', '92', 6),
(810023214039, 'NANDHINI S', '88', 7),
(810023214040, 'BAVATHARANI S', '81', 7),
(810023214041, 'SHREYA B', '82', 7),
(810023214042, 'SHILVIYA R', '87', 7),
(810023214043, 'LOGESHWARAN K', '89', 6),
(810023214044, 'DARWIN NAAKENDIRAN D', '73', 7),
(810023214045, 'SARANYAESHWARI S', '82', 7),
(810023214046, 'ABARNA P S', '66', 7),
(810023214047, 'KEERTHIKA R', '88', 7),
(810023214048, 'DEEPIKA T', '74', 7),
(810023214049, 'GLADSON RAJ I', '81', 6),
(810023214050, 'MAHABUNISHA M', '93', 7),
(810023214051, 'JANANI S', '92', 6),
(810023214053, 'SELVAKUMAR S', '70', 7),
(810023214054, 'SURUTHI M', '74', 6);

-- --------------------------------------------------------

--
-- Table structure for table `biotechhs3152`
--

CREATE TABLE `biotechhs3152` (
  `regno` bigint(20) DEFAULT NULL,
  `name` varchar(255) DEFAULT NULL,
  `hs3152_mark` varchar(11) DEFAULT NULL,
  `hs3152_attendance` int(11) DEFAULT NULL
) ENGINE=InnoDB DEFAULT CHARSET=utf8 COLLATE=utf8_unicode_ci;

--
-- Dumping data for table `biotechhs3152`
--

INSERT INTO `biotechhs3152` (`regno`, `name`, `hs3152_mark`, `hs3152_attendance`) VALUES
(810023214001, 'PREM PRADHYUSH B A', '84', 20),
(810023214002, 'ABISHEK S', '86', 23),
(810023214003, 'NATRAJ R', '87', 21),
(810023214004, 'PRIYADHARSHINI P', '87', 22),
(810023214005, 'SURYASELVAN E', '94', 21),
(810023214006, 'RAYAN AFRIN S', '86', 22),
(810023214007, 'PRIYADHARSHINI B', '88', 22),
(810023214008, 'VENKATESHWARI S', '89', 23),
(810023214009, 'KAMALIKA M', '90', 23),
(810023214010, 'AAQIF ALI N R', '88', 18),
(810023214011, 'PREETHI JESSICA K', '91', 23),
(810023214013, 'DHANUJA SRI N', '78', 22),
(810023214014, 'SRIDHAR M', '70', 22),
(810023214015, 'GOPIKRISHNAN A', '79', 22),
(810023214016, 'MOURIYA J', '88', 22),
(810023214017, 'GUNA S', '68', 19),
(810023214018, 'ARUNADEVI R', '67', 21),
(810023214019, 'LOGESHWARI P', '78', 22),
(810023214020, 'NAVEEN KARTHIKEYAN R', '84', 19),
(810023214021, 'MATHIVATHANI U', '73', 19),
(810023214022, 'MADHUSRI V', '86', 23),
(810023214023, 'SANKARIYYA S', '84', 21),
(810023214024, 'KIRUBASANKARI J', '78', 22),
(810023214025, 'PRIYADHARSHINI A', '79', 21),
(810023214026, 'SUBIKSHA J', '83', 22),
(810023214027, 'FLORENCE HINRIKA B', '90', 20),
(810023214028, 'DHANUSH J U', '92', 23),
(810023214029, 'SOWMIYA S', '79', 21),
(810023214030, 'ABIRAMI S', '75', 23),
(810023214031, 'SANCHITHA R S', '86', 23),
(810023214032, 'HEMA SHALINI S', '87', 22),
(810023214033, 'PRIYADHARSHINI V', '91', 23),
(810023214034, 'DHARANI M', '89', 22),
(810023214035, 'MAHESHWARAN S', '89', 21),
(810023214036, 'DIVAHAR S', '84', 23),
(810023214037, 'DHANYA M', '75', 22),
(810023214038, 'JASMINE SHARMILA S', '55', 18),
(810023214039, 'NANDHINI S', '91', 22),
(810023214040, 'BAVATHARANI S', '88', 22),
(810023214041, 'SHREYA B', '84', 23),
(810023214042, 'SHILVIYA R', '90', 21),
(810023214043, 'LOGESHWARAN K', '86', 20),
(810023214044, 'DARWIN NAAKENDIRAN D', '91', 22),
(810023214045, 'SARANYAESHWARI S', '81', 22),
(810023214046, 'ABARNA P S', '88', 21),
(810023214047, 'KEERTHIKA R', '60', 20),
(810023214048, 'DEEPIKA T', '85', 22),
(810023214049, 'GLADSON RAJ I', '91', 20),
(810023214050, 'MAHABUNISHA M', '86', 22),
(810023214051, 'JANANI S', '84', 21),
(810023214053, 'SELVAKUMAR S', '74', 21),
(810023214054, 'SURUTHI M', '78', 19);

-- --------------------------------------------------------

--
-- Table structure for table `biotechma3151`
--

CREATE TABLE `biotechma3151` (
  `regno` bigint(20) DEFAULT NULL,
  `name` varchar(255) DEFAULT NULL,
  `ma3151_mark` varchar(11) DEFAULT NULL,
  `ma3151_attendance` int(11) DEFAULT NULL
) ENGINE=InnoDB DEFAULT CHARSET=utf8 COLLATE=utf8_unicode_ci;

--
-- Dumping data for table `biotechma3151`
--

INSERT INTO `biotechma3151` (`regno`, `name`, `ma3151_mark`, `ma3151_attendance`) VALUES
(810023214001, 'PREM PRADHYUSH B A', '50', 24),
(810023214002, 'ABISHEK S', '83', 27),
(810023214003, 'NATRAJ R', '63', 27),
(810023214004, 'PRIYADHARSHINI P', '91', 29),
(810023214005, 'SURYASELVAN E', '77', 22),
(810023214006, 'RAYAN AFRIN S', '84', 27),
(810023214007, 'PRIYADHARSHINI B', '68', 27),
(810023214008, 'VENKATESHWARI S', '74', 28),
(810023214009, 'KAMALIKA M', '77', 29),
(810023214010, 'AAQIF ALI N R', '63', 24),
(810023214011, 'PREETHI JESSICA K', '74', 27),
(810023214013, 'DHANUJA SRI N', '41', 28),
(810023214014, 'SRIDHAR M', '66', 26),
(810023214015, 'GOPIKRISHNAN A', '76', 27),
(810023214016, 'MOURIYA J', '72', 27),
(810023214017, 'GUNA S', '55', 24),
(810023214018, 'ARUNADEVI R', '54', 26),
(810023214019, 'LOGESHWARI P', '50', 26),
(810023214020, 'NAVEEN KARTHIKEYAN R', '50', 24),
(810023214021, 'MATHIVATHANI U', '49', 23),
(810023214022, 'MADHUSRI V', '79', 29),
(810023214023, 'SANKARIYYA S', '89', 27),
(810023214024, 'KIRUBASANKARI J', '73', 29),
(810023214025, 'PRIYADHARSHINI A', '74', 29),
(810023214026, 'SUBIKSHA J', '52', 27),
(810023214027, 'FLORENCE HINRIKA B', '80', 26),
(810023214028, 'DHANUSH J U', '75', 28),
(810023214029, 'SOWMIYA S', '60', 27),
(810023214030, 'ABIRAMI S', '65', 28),
(810023214031, 'SANCHITHA R S', '76', 26),
(810023214032, 'HEMA SHALINI S', '54', 28),
(810023214033, 'PRIYADHARSHINI V', '54', 29),
(810023214034, 'DHARANI M', '55', 28),
(810023214035, 'MAHESHWARAN S', '74', 28),
(810023214036, 'DIVAHAR S', '76', 28),
(810023214037, 'DHANYA M', '41', 27),
(810023214038, 'JASMINE SHARMILA S', '55', 22),
(810023214039, 'NANDHINI S', '70', 26),
(810023214040, 'BAVATHARANI S', '58', 28),
(810023214041, 'SHREYA B', '75', 29),
(810023214042, 'SHILVIYA R', '62', 26),
(810023214043, 'LOGESHWARAN K', '67', 27),
(810023214044, 'DARWIN NAAKENDIRAN D', '58', 23),
(810023214045, 'SARANYAESHWARI S', '82', 27),
(810023214046, 'ABARNA P S', '79', 28),
(810023214047, 'KEERTHIKA R', '54', 26),
(810023214048, 'DEEPIKA T', '47', 27),
(810023214049, 'GLADSON RAJ I', '72', 26),
(810023214050, 'MAHABUNISHA M', '74', 27),
(810023214051, 'JANANI S', '48', 27),
(810023214053, 'SELVAKUMAR S', '41', 25),
(810023214054, 'SURUTHI M', '47', 26);

-- --------------------------------------------------------

--
-- Table structure for table `biotechph3151`
--

CREATE TABLE `biotechph3151` (
  `regno` bigint(20) DEFAULT NULL,
  `name` varchar(255) DEFAULT NULL,
  `ph3151_mark` varchar(11) DEFAULT NULL,
  `ph3151_attendance` int(11) DEFAULT NULL
) ENGINE=InnoDB DEFAULT CHARSET=utf8 COLLATE=utf8_unicode_ci;

--
-- Dumping data for table `biotechph3151`
--

INSERT INTO `biotechph3151` (`regno`, `name`, `ph3151_mark`, `ph3151_attendance`) VALUES
(810023214001, 'PREM PRADHYUSH B A', '50', 18),
(810023214002, 'ABISHEK S', '99', 20),
(810023214003, 'NATRAJ R', '87', 19),
(810023214004, 'PRIYADHARSHINI P', '96', 20),
(810023214005, 'SURYASELVAN E', '96', 18),
(810023214006, 'RAYAN AFRIN S', '96', 19),
(810023214007, 'PRIYADHARSHINI B', '96', 20),
(810023214008, 'VENKATESHWARI S', '88', 20),
(810023214009, 'KAMALIKA M', '84', 21),
(810023214010, 'AAQIF ALI N R', '94', 17),
(810023214011, 'PREETHI JESSICA K', '89', 20),
(810023214013, 'DHANUJA SRI N', '61', 18),
(810023214014, 'SRIDHAR M', '67', 19),
(810023214015, 'GOPIKRISHNAN A', '89', 20),
(810023214016, 'MOURIYA J', '97', 19),
(810023214017, 'GUNA S', '75', 18),
(810023214018, 'ARUNADEVI R', '75', 18),
(810023214019, 'LOGESHWARI P', '86', 19),
(810023214020, 'NAVEEN KARTHIKEYAN R', '59', 18),
(810023214021, 'MATHIVATHANI U', '72', 14),
(810023214022, 'MADHUSRI V', '93', 21),
(810023214023, 'SANKARIYYA S', '81', 19),
(810023214024, 'KIRUBASANKARI J', '69', 21),
(810023214025, 'PRIYADHARSHINI A', '89', 19),
(810023214026, 'SUBIKSHA J', '85', 19),
(810023214027, 'FLORENCE HINRIKA B', '84', 18),
(810023214028, 'DHANUSH J U', '90', 21),
(810023214029, 'SOWMIYA S', '84', 19),
(810023214030, 'ABIRAMI S', '88', 20),
(810023214031, 'SANCHITHA R S', '73', 21),
(810023214032, 'HEMA SHALINI S', '86', 19),
(810023214033, 'PRIYADHARSHINI V', '75', 21),
(810023214034, 'DHARANI M', '79', 19),
(810023214035, 'MAHESHWARAN S', '70', 19),
(810023214036, 'DIVAHAR S', '89', 20),
(810023214037, 'DHANYA M', '56', 19),
(810023214038, 'JASMINE SHARMILA S', '61', 16),
(810023214039, 'NANDHINI S', '79', 18),
(810023214040, 'BAVATHARANI S', '79', 20),
(810023214041, 'SHREYA B', '83', 21),
(810023214042, 'SHILVIYA R', '97', 18),
(810023214043, 'LOGESHWARAN K', '81', 19),
(810023214044, 'DARWIN NAAKENDIRAN D', '74', 18),
(810023214045, 'SARANYAESHWARI S', '92', 18),
(810023214046, 'ABARNA P S', '84', 19),
(810023214047, 'KEERTHIKA R', '75', 17),
(810023214048, 'DEEPIKA T', '78', 17),
(810023214049, 'GLADSON RAJ I', '95', 18),
(810023214050, 'MAHABUNISHA M', '97', 18),
(810023214051, 'JANANI S', '80', 18),
(810023214053, 'SELVAKUMAR S', '62', 17),
(810023214054, 'SURUTHI M', '71', 18);

-- --------------------------------------------------------

--
-- Table structure for table `civilacy3151`
--

CREATE TABLE `civilacy3151` (
  `regno` bigint(20) DEFAULT NULL,
  `name` varchar(255) DEFAULT NULL,
  `cy3151_mark` varchar(11) DEFAULT NULL,
  `cy3151_attendance` int(11) DEFAULT NULL
) ENGINE=InnoDB DEFAULT CHARSET=utf8mb4 COLLATE=utf8mb4_general_ci;

--
-- Dumping data for table `civilacy3151`
--

INSERT INTO `civilacy3151` (`regno`, `name`, `cy3151_mark`, `cy3151_attendance`) VALUES
(810023103001, 'JEEVA N', '46', 19),
(810023103002, 'JAYASHREE N', '53', 20),
(810023103003, 'NADHIYA T', '61', 21),
(810023103004, 'YUVASHREE G', '70', 20),
(810023103005, 'KAVIRAJAN K', '54', 15),
(810023103006, 'RAGUL KANTH B', '76', 17),
(810023103007, 'ABARNA A', '88', 20),
(810023103008, 'BALAJI S', '72', 17),
(810023103010, 'SIVABALAN G', '55', 17),
(810023103011, 'KRITHIKRAJAN P', '56', 19),
(810023103012, 'SHAHITHYA R', '83', 20),
(810023103013, 'ARUL K', '53', 21),
(810023103014, 'PARKAVI B', '52', 21),
(810023103015, 'RITHICK P M', '58', 18),
(810023103016, 'SRINESH S', '62', 19),
(810023103017, 'SIVASANKARI V', '49', 20),
(810023103018, 'ASWATHI G', '54', 21),
(810023103019, 'HARINI M', '48', 19),
(810023103020, 'NISHA A', '61', 21),
(810023103021, 'PRADEEP N', '58', 17),
(810023103022, 'RAJKUMAR S I', '59', 19),
(810023103023, 'MONISHA S', '56', 21),
(810023103024, 'RAMKUMAR R', '47', 21),
(810023103025, 'HARISH R', '48', 20),
(810023103026, 'MATHAN KUMAR A', '62', 20),
(810023103027, 'SURYA DHARSHINI M', '57', 21),
(810023103028, 'KABILAN S', '49', 17),
(810023103029, 'KEERTHANA K', '63', 20),
(810023103030, 'KESAVAKUMARI S', '40', 13),
(810023103031, 'LOKESHWARAN V B', '67', 16),
(810023103032, 'ABHISHEK R', '60', 17),
(810023103033, 'DHARANI S', '47', 20),
(810023103034, 'NITHINARVINTH A', '66', 21),
(810023103035, 'BHARANIDHARAN V', '57', 20),
(810023103036, 'NEELAVANNAN R', '57', 19),
(810023103037, 'NISHANTH S', '49', 21),
(810023103038, 'ARUN P', '71', 21),
(810023103039, 'KALIVIGNESH G', '49', 19),
(810023103040, 'MOHAMED HALITH A', '62', 19),
(810023103041, 'ABDUL KALAM A', '44', 21),
(810023103042, 'BHARATHI R K', '47', 20),
(810023103043, 'JAGADESAN T', '60', 17),
(810023103044, 'NITHIYASRI M', '60', 21),
(810023103045, 'ABINAYA R', '61', 20),
(810023103046, 'HAARINI S', '52', 20),
(810023103047, 'SRIRAM NATTAR P', '49', 18),
(810023103048, 'YOGESHWARAN V', '54', 16),
(810023103049, 'VAISHNAVI T', '66', 19),
(810023103050, 'KAMALNATH A', '57', 19),
(810023103051, 'VIMAL KUMAR M', '52', 19),
(810023103052, 'ARAVIND RAGHUNATHAN G', '57', 15),
(810023103053, 'SRUTHI A', '47', 19),
(810023103054, 'PRITHIKA R T', '83', 21),
(810023103055, 'AJAY SUNDAR A', '56', 21);

-- --------------------------------------------------------

--
-- Table structure for table `civilage3151`
--

CREATE TABLE `civilage3151` (
  `regno` bigint(20) DEFAULT NULL,
  `name` varchar(255) DEFAULT NULL,
  `ge3151_mark` varchar(11) DEFAULT NULL,
  `ge3151_attendance` int(11) DEFAULT NULL
) ENGINE=InnoDB DEFAULT CHARSET=utf8 COLLATE=utf8_unicode_ci;

-- --------------------------------------------------------

--
-- Table structure for table `civilage3152`
--

CREATE TABLE `civilage3152` (
  `regno` bigint(20) DEFAULT NULL,
  `name` varchar(255) DEFAULT NULL,
  `ge3152_mark` varchar(11) DEFAULT NULL,
  `ge3152_attendance` int(11) DEFAULT NULL
) ENGINE=InnoDB DEFAULT CHARSET=utf8 COLLATE=utf8_unicode_ci;

--
-- Dumping data for table `civilage3152`
--

INSERT INTO `civilage3152` (`regno`, `name`, `ge3152_mark`, `ge3152_attendance`) VALUES
(810023103001, 'JEEVA N', '45', 7),
(810023103002, 'JAYASHREE N', '74', 6),
(810023103003, 'NADHIYA T', '72', 7),
(810023103004, 'YUVASHREE G', '71', 6),
(810023103005, 'KAVIRAJAN K', '55', 5),
(810023103006, 'RAGUL KANTH B', '67', 6),
(810023103007, 'ABARNA A', '75', 7),
(810023103008, 'BALAJI S', '66', 6),
(810023103010, 'SIVABALAN G', '58', 7),
(810023103011, 'KRITHIKRAJAN P', '62', 7),
(810023103012, 'SHAHITHYA R', '85', 7),
(810023103013, 'ARUL K', '60', 7),
(810023103014, 'PARKAVI B', '61', 7),
(810023103015, 'RITHICK P M', '62', 6),
(810023103016, 'SRINESH S', '63', 7),
(810023103017, 'SIVASANKARI V', '75', 7),
(810023103018, 'ASWATHI G', '62', 7),
(810023103019, 'HARINI M', '66', 7),
(810023103020, 'NISHA A', '73', 7),
(810023103021, 'PRADEEP N', '50', 6),
(810023103022, 'RAJKUMAR S I', '62', 7),
(810023103023, 'MONISHA S', '53', 7),
(810023103024, 'RAMKUMAR R', '61', 7),
(810023103025, 'HARISH R', '58', 7),
(810023103026, 'MATHAN KUMAR A', '76', 7),
(810023103027, 'SURYA DHARSHINI M', '76', 7),
(810023103028, 'KABILAN S', '72', 5),
(810023103029, 'KEERTHANA K', '66', 6),
(810023103030, 'KESAVAKUMARI S', 'AB', 4),
(810023103031, 'LOKESHWARAN V B', '24', 5),
(810023103032, 'ABHISHEK R', '58', 6),
(810023103033, 'DHARANI S', '55', 6),
(810023103034, 'NITHINARVINTH A', '71', 7),
(810023103035, 'BHARANIDHARAN V', '74', 7),
(810023103036, 'NEELAVANNAN R', '63', 7),
(810023103037, 'NISHANTH S', '61', 7),
(810023103038, 'ARUN P', '67', 6),
(810023103039, 'KALIVIGNESH G', '53', 7),
(810023103040, 'MOHAMED HALITH A', '60', 7),
(810023103041, 'ABDUL KALAM A', '53', 7),
(810023103042, 'BHARATHI R K', '57', 7),
(810023103043, 'JAGADESAN T', '73', 6),
(810023103044, 'NITHIYASRI M', '75', 7),
(810023103045, 'ABINAYA R', '70', 7),
(810023103046, 'HAARINI S', '62', 6),
(810023103047, 'SRIRAM NATTAR P', '59', 6),
(810023103048, 'YOGESHWARAN V', '52', 7),
(810023103049, 'VAISHNAVI T', '62', 7),
(810023103050, 'KAMALNATH A', '67', 7),
(810023103051, 'VIMAL KUMAR M', '9', 5),
(810023103052, 'ARAVIND RAGHUNATHAN G', '64', 6),
(810023103053, 'SRUTHI A', '64', 7),
(810023103054, 'PRITHIKA R T', '70', 7),
(810023103055, 'AJAY SUNDAR A', '49', 7);

-- --------------------------------------------------------

--
-- Table structure for table `civilahs3152`
--

CREATE TABLE `civilahs3152` (
  `regno` bigint(20) DEFAULT NULL,
  `name` varchar(255) DEFAULT NULL,
  `hs3152_mark` varchar(11) DEFAULT NULL,
  `hs3152_attendance` int(11) DEFAULT NULL
) ENGINE=InnoDB DEFAULT CHARSET=utf8 COLLATE=utf8_unicode_ci;

--
-- Dumping data for table `civilahs3152`
--

INSERT INTO `civilahs3152` (`regno`, `name`, `hs3152_mark`, `hs3152_attendance`) VALUES
(810023103001, 'JEEVA N', '17', 20),
(810023103002, 'JAYASHREE N', '80', 19),
(810023103003, 'NADHIYA T', '87', 19),
(810023103004, 'YUVASHREE G', '18', 19),
(810023103005, 'KAVIRAJAN K', '60', 16),
(810023103006, 'RAGUL KANTH B', '83', 20),
(810023103007, 'ABARNA A', '93', 20),
(810023103008, 'BALAJI S', '83', 20),
(810023103010, 'SIVABALAN G', '43', 20),
(810023103011, 'KRITHIKRAJAN P', '47', 14),
(810023103012, 'SHAHITHYA R', '77', 19),
(810023103013, 'ARUL K', '42', 20),
(810023103014, 'PARKAVI B', '67', 20),
(810023103015, 'RITHICK P M', '62', 20),
(810023103016, 'SRINESH S', '57', 19),
(810023103017, 'SIVASANKARI V', '47', 20),
(810023103018, 'ASWATHI G', '50', 20),
(810023103019, 'HARINI M', '75', 18),
(810023103020, 'NISHA A', '70', 20),
(810023103021, 'PRADEEP N', '70', 18),
(810023103022, 'RAJKUMAR S I', '67', 20),
(810023103023, 'MONISHA S', '73', 20),
(810023103024, 'RAMKUMAR R', '60', 20),
(810023103025, 'HARISH R', '63', 20),
(810023103026, 'MATHAN KUMAR A', '58', 20),
(810023103027, 'SURYA DHARSHINI M', '83', 20),
(810023103028, 'KABILAN S', '53', 20),
(810023103029, 'KEERTHANA K', '80', 20),
(810023103030, 'KESAVAKUMARI S', '10', 13),
(810023103031, 'LOKESHWARAN V B', '92', 20),
(810023103032, 'ABHISHEK R', '55', 20),
(810023103033, 'DHARANI S', '83', 20),
(810023103034, 'NITHINARVINTH A', '67', 18),
(810023103035, 'BHARANIDHARAN V', '47', 18),
(810023103036, 'NEELAVANNAN R', '80', 19),
(810023103037, 'NISHANTH S', '67', 20),
(810023103038, 'ARUN P', '53', 20),
(810023103039, 'KALIVIGNESH G', '53', 14),
(810023103040, 'MOHAMED HALITH A', '57', 20),
(810023103041, 'ABDUL KALAM A', '53', 20),
(810023103042, 'BHARATHI R K', '63', 17),
(810023103043, 'JAGADESAN T', '45', 17),
(810023103044, 'NITHIYASRI M', '70', 19),
(810023103045, 'ABINAYA R', '77', 19),
(810023103046, 'HAARINI S', '80', 17),
(810023103047, 'SRIRAM NATTAR P', '42', 20),
(810023103048, 'YOGESHWARAN V', '55', 18),
(810023103049, 'VAISHNAVI T', '87', 20),
(810023103050, 'KAMALNATH A', '43', 18),
(810023103051, 'VIMAL KUMAR M', '42', 15),
(810023103052, 'ARAVIND RAGHUNATHAN G', '67', 15),
(810023103053, 'SRUTHI A', '53', 20),
(810023103054, 'PRITHIKA R T', '90', 20),
(810023103055, 'AJAY SUNDAR A', '57', 20);

-- --------------------------------------------------------

--
-- Table structure for table `civilama3151`
--

CREATE TABLE `civilama3151` (
  `regno` bigint(20) DEFAULT NULL,
  `name` varchar(255) DEFAULT NULL,
  `ma3151_mark` varchar(11) DEFAULT NULL,
  `ma3151_attendance` int(11) DEFAULT NULL
) ENGINE=InnoDB DEFAULT CHARSET=utf8 COLLATE=utf8_unicode_ci;

--
-- Dumping data for table `civilama3151`
--

INSERT INTO `civilama3151` (`regno`, `name`, `ma3151_mark`, `ma3151_attendance`) VALUES
(810023103001, 'JEEVA N', '41', 23),
(810023103002, 'JAYASHREE N', '62', 25),
(810023103003, 'NADHIYA T', '58', 27),
(810023103004, 'YUVASHREE G', '71', 25),
(810023103005, 'KAVIRAJAN K', '62', 21),
(810023103006, 'RAGUL KANTH B', '78', 25),
(810023103007, 'ABARNA A', '98', 25),
(810023103008, 'BALAJI S', '84', 24),
(810023103010, 'SIVABALAN G', '69', 21),
(810023103011, 'KRITHIKRAJAN P', '52', 24),
(810023103012, 'SHAHITHYA R', '71', 25),
(810023103013, 'ARUL K', '44', 26),
(810023103014, 'PARKAVI B', '53', 25),
(810023103015, 'RITHICK P M', '78', 23),
(810023103016, 'SRINESH S', '76', 23),
(810023103017, 'SIVASANKARI V', '59', 24),
(810023103018, 'ASWATHI G', '73', 26),
(810023103019, 'HARINI M', '68', 24),
(810023103020, 'NISHA A', '64', 25),
(810023103021, 'PRADEEP N', '72', 21),
(810023103022, 'RAJKUMAR S I', '58', 24),
(810023103023, 'MONISHA S', '48', 28),
(810023103024, 'RAMKUMAR R', '51', 26),
(810023103025, 'HARISH R', '63', 24),
(810023103026, 'MATHAN KUMAR A', '64', 26),
(810023103027, 'SURYA DHARSHINI M', '56', 27),
(810023103028, 'KABILAN S', '55', 23),
(810023103029, 'KEERTHANA K', '53', 25),
(810023103030, 'KESAVAKUMARI S', '40', 18),
(810023103031, 'LOKESHWARAN V B', '46', 23),
(810023103032, 'ABHISHEK R', '51', 25),
(810023103033, 'DHARANI S', '40', 25),
(810023103034, 'NITHINARVINTH A', '70', 25),
(810023103035, 'BHARANIDHARAN V', '74', 25),
(810023103036, 'NEELAVANNAN R', '41', 24),
(810023103037, 'NISHANTH S', '41', 27),
(810023103038, 'ARUN P', '80', 26),
(810023103039, 'KALIVIGNESH G', '41', 22),
(810023103040, 'MOHAMED HALITH A', '42', 21),
(810023103041, 'ABDUL KALAM A', '43', 27),
(810023103042, 'BHARATHI R K', '43', 25),
(810023103043, 'JAGADESAN T', '48', 20),
(810023103044, 'NITHIYASRI M', '78', 27),
(810023103045, 'ABINAYA R', '55', 25),
(810023103046, 'HAARINI S', '60', 26),
(810023103047, 'SRIRAM NATTAR P', '60', 24),
(810023103048, 'YOGESHWARAN V', '54', 23),
(810023103049, 'VAISHNAVI T', '85', 23),
(810023103050, 'KAMALNATH A', '53', 24),
(810023103051, 'VIMAL KUMAR M', '57', 23),
(810023103052, 'ARAVIND RAGHUNATHAN G', '53', 20),
(810023103053, 'SRUTHI A', '61', 23),
(810023103054, 'PRITHIKA R T', '73', 27),
(810023103055, 'AJAY SUNDAR A', '54', 24);

-- --------------------------------------------------------

--
-- Table structure for table `civilaph3151`
--

CREATE TABLE `civilaph3151` (
  `regno` bigint(20) DEFAULT NULL,
  `name` varchar(255) DEFAULT NULL,
  `ph3151_mark` varchar(11) DEFAULT NULL,
  `ph3151_attendance` int(11) DEFAULT NULL
) ENGINE=InnoDB DEFAULT CHARSET=utf8 COLLATE=utf8_unicode_ci;

--
-- Dumping data for table `civilaph3151`
--

INSERT INTO `civilaph3151` (`regno`, `name`, `ph3151_mark`, `ph3151_attendance`) VALUES
(810023103001, 'JEEVA N', '24', 25),
(810023103002, 'JAYASHREE N', '63 ', 26),
(810023103003, 'NADHIYA T', '76 ', 29),
(810023103004, 'YUVASHREE G', '80 ', 26),
(810023103005, 'KAVIRAJAN K', '33', 21),
(810023103006, 'RAGUL KANTH B', '59', 25),
(810023103007, 'ABARNA A', '91', 28),
(810023103008, 'BALAJI S', '73', 25),
(810023103010, 'SIVABALAN G', '62', 25),
(810023103011, 'KRITHIKRAJAN P', '59', 26),
(810023103012, 'SHAHITHYA R', '88', 28),
(810023103013, 'ARUL K', '45', 26),
(810023103014, 'PARKAVI B', '42', 25),
(810023103015, 'RITHICK P M', '69', 27),
(810023103016, 'SRINESH S', '65', 27),
(810023103017, 'SIVASANKARI V', '56', 25),
(810023103018, 'ASWATHI G', '66', 27),
(810023103019, 'HARINI M', '81', 27),
(810023103020, 'NISHA A', '78', 25),
(810023103021, 'PRADEEP N', '69', 22),
(810023103022, 'RAJKUMAR S I', '47', 26),
(810023103023, 'MONISHA S', '59', 29),
(810023103024, 'RAMKUMAR R', '40', 28),
(810023103025, 'HARISH R', '58', 29),
(810023103026, 'MATHAN KUMAR A', '63', 28),
(810023103027, 'SURYA DHARSHINI M', '82', 29),
(810023103028, 'KABILAN S', '53', 25),
(810023103029, 'KEERTHANA K', '58', 27),
(810023103030, 'KESAVAKUMARI S', '27', 18),
(810023103031, 'LOKESHWARAN V B', '44', 25),
(810023103032, 'ABHISHEK R', '52', 29),
(810023103033, 'DHARANI S', '42', 27),
(810023103034, 'NITHINARVINTH A', '61', 26),
(810023103035, 'BHARANIDHARAN V', '54', 26),
(810023103036, 'NEELAVANNAN R', '53', 26),
(810023103037, 'NISHANTH S', '56', 29),
(810023103038, 'ARUN P', '71', 29),
(810023103039, 'KALIVIGNESH G', '27', 26),
(810023103040, 'MOHAMED HALITH A', '53', 26),
(810023103041, 'ABDUL KALAM A', '39', 29),
(810023103042, 'BHARATHI R K', '36', 28),
(810023103043, 'JAGADESAN T', '52', 24),
(810023103044, 'NITHIYASRI M', '78', 29),
(810023103045, 'ABINAYA R', '64', 28),
(810023103046, 'HAARINI S', '67', 26),
(810023103047, 'SRIRAM NATTAR P', '57', 29),
(810023103048, 'YOGESHWARAN V', '71', 25),
(810023103049, 'VAISHNAVI T', '75', 27),
(810023103050, 'KAMALNATH A', '63', 28),
(810023103051, 'VIMAL KUMAR M', '41', 25),
(810023103053, 'SRUTHI A', '53', 27),
(810023103054, 'PRITHIKA R T', '79', 29),
(810023103055, 'AJAY SUNDAR A', '49', 24);

-- --------------------------------------------------------

--
-- Table structure for table `civilbcy3151`
--

CREATE TABLE `civilbcy3151` (
  `regno` bigint(20) DEFAULT NULL,
  `name` varchar(255) DEFAULT NULL,
  `cy3151_mark` varchar(11) DEFAULT NULL,
  `cy3151_attendance` int(11) DEFAULT NULL
) ENGINE=InnoDB DEFAULT CHARSET=utf8 COLLATE=utf8_unicode_ci;

-- --------------------------------------------------------

--
-- Table structure for table `civilbge3151`
--

CREATE TABLE `civilbge3151` (
  `regno` bigint(20) DEFAULT NULL,
  `name` varchar(255) DEFAULT NULL,
  `ge3151_mark` varchar(11) DEFAULT NULL,
  `ge3151_attendance` int(11) DEFAULT NULL
) ENGINE=InnoDB DEFAULT CHARSET=utf8mb4 COLLATE=utf8mb4_general_ci;

--
-- Dumping data for table `civilbge3151`
--

INSERT INTO `civilbge3151` (`regno`, `name`, `ge3151_mark`, `ge3151_attendance`) VALUES
(810023103056, 'KARTHICK S', '83', 18),
(810023103057, 'GANGA K', '100', 20),
(810023103058, 'SHAMUNDESHWARI T', '98', 20),
(810023103059, 'DHANUSHA S', '85', 20),
(810023103060, 'ARTHI S', '100', 21),
(810023103061, 'DHIVYA DHARSHINI G', '75', 15),
(810023103062, 'HARIHARAN N', '75', 21),
(810023103063, 'ROHINI G K', '75', 16),
(810023103064, 'DHEJESH KUMAR P', '80', 18),
(810023103065, 'SUNITHA K', '81', 18),
(810023103066, 'LINGESH KUMAR', '70', 20),
(810023103067, 'MOHAMED ANIF S', '75', 14),
(810023103068, 'LATCHATHAN T', '78', 16),
(810023103069, 'THILAK S', '87', 17),
(810023103070, 'AARTHI K', '71', 21),
(810023103071, 'SASIKUMAR S', '81', 20),
(810023103072, 'ABDUL AJEES M', '76', 20),
(810023103073, 'BANU SRI VARTHANI V', '91', 20),
(810023103074, 'SANTHOSH M', '76', 20),
(810023103075, 'AATHISESAN S', '65', 16),
(810023103076, 'ANBUMANI M', '70', 20),
(810023103077, 'PRIYADHARSHINI M', '80', 18),
(810023103078, 'KODESHWARI M', '79', 21),
(810023103079, 'APOORVA N', '86', 19),
(810023103080, 'SHANMUGA PRIYA K', '83', 20),
(810023103082, 'JANANISRI G', '89', 18),
(810023103083, 'SAMINATHAN M', '78', 20),
(810023103084, 'PRAVEEN S', '68', 20),
(810023103085, 'JEEVA M', '72', 20),
(810023103086, 'YUVARAJ R', '58', 20),
(810023103087, 'PRASANYA D', '95', 21),
(810023103088, 'YUGANIKHI G', '80', 19),
(810023103089, 'MARIA AKASH A', '71', 18),
(810023103090, 'RESHIKA V', '82', 21),
(810023103091, 'NIRANJAN S', '74', 18),
(810023103092, 'GOKUL S', '86', 21),
(810023103093, 'VINOTHA R', '80', 21),
(810023103094, 'BALAMURUGAN S', '64', 16),
(810023103095, 'HARIHARAN A', '87', 19),
(810023103096, 'VINOCHAN M', '83', 19),
(810023103097, 'AZHARUDEEN R', '75', 20),
(810023103098, 'JEYAKISHORE S S', '70', 17),
(810023103099, 'AYYAPPAN S', '77', 19),
(810023103100, 'BASKAR A', '82', 20),
(810023103101, 'KATHIRAVAN K', '74', 18),
(810023103102, 'KAVIPRIYA R', '96', 21),
(810023103103, 'PRAVINRAJ D', '64', 20),
(810023103104, 'VASANTH A', '57', 18),
(810023103105, 'PRIYA V', '90', 21);

-- --------------------------------------------------------

--
-- Table structure for table `civilbge3152`
--

CREATE TABLE `civilbge3152` (
  `regno` bigint(20) DEFAULT NULL,
  `name` varchar(255) DEFAULT NULL,
  `ge3152_mark` varchar(11) DEFAULT NULL,
  `ge3152_attendance` int(11) DEFAULT NULL
) ENGINE=InnoDB DEFAULT CHARSET=utf8 COLLATE=utf8_unicode_ci;

--
-- Dumping data for table `civilbge3152`
--

INSERT INTO `civilbge3152` (`regno`, `name`, `ge3152_mark`, `ge3152_attendance`) VALUES
(810023103056, 'KARTHICK S', '67', 7),
(810023103057, 'GANGA K', '80', 8),
(810023103058, 'SHAMUNDESHWARI T', '77', 7),
(810023103059, 'DHANUSHA S', '66', 8),
(810023103060, 'ARTHI S', '55', 8),
(810023103061, 'DHIVYA DHARSHINI G', '66', 6),
(810023103062, 'HARIHARAN N', '51', 8),
(810023103063, 'ROHINI G K', '79', 7),
(810023103064, 'DHEJESH KUMAR P', '48', 7),
(810023103065, 'SUNITHA K', '83', 7),
(810023103066, 'LINGESH KUMAR', '66', 7),
(810023103067, 'MOHAMED ANIF S', '59', 6),
(810023103068, 'LATCHATHAN T', '58', 6),
(810023103069, 'THILAK S', '60', 6),
(810023103070, 'AARTHI K', '72', 8),
(810023103071, 'SASIKUMAR S', '48', 7),
(810023103072, 'ABDUL AJEES M', '85', 8),
(810023103073, 'BANU SRI VARTHANI V', '63', 8),
(810023103074, 'SANTHOSH M', '42', 7),
(810023103075, 'AATHISESAN S', '63', 7),
(810023103076, 'ANBUMANI M', '51', 7),
(810023103077, 'PRIYADHARSHINI M', '56', 7),
(810023103078, 'KODESHWARI M', '60', 8),
(810023103079, 'APOORVA N', '63', 6),
(810023103080, 'SHANMUGA PRIYA K', '66', 7),
(810023103082, 'JANANISRI G', '76', 8),
(810023103083, 'SAMINATHAN M', '55', 8),
(810023103084, 'PRAVEEN S', '66', 7),
(810023103085, 'JEEVA M', '64', 7),
(810023103086, 'YUVARAJ R', '68', 7),
(810023103087, 'PRASANYA D', '76', 8),
(810023103088, 'YUGANIKHI G', '77', 8),
(810023103089, 'MARIA AKASH A', '71', 7),
(810023103090, 'RESHIKA V', '59', 7),
(810023103091, 'NIRANJAN S', '50', 6),
(810023103092, 'GOKUL S', '73', 8),
(810023103093, 'VINOTHA R', '65', 8),
(810023103094, 'BALAMURUGAN S', '67', 6),
(810023103095, 'HARIHARAN A', '54', 7),
(810023103096, 'VINOCHAN M', '66', 8),
(810023103097, 'AZHARUDEEN R', '48', 8),
(810023103098, 'JEYAKISHORE S S', '50', 6),
(810023103099, 'AYYAPPAN S', '54', 8),
(810023103100, 'BASKAR A', '44', 7),
(810023103101, 'KATHIRAVAN K', '57', 7),
(810023103102, 'KAVIPRIYA R', '47', 5),
(810023103103, 'PRAVINRAJ D', '55', 8),
(810023103104, 'VASANTH A', '41', 7),
(810023103105, 'PRIYA V', '51', 7);

-- --------------------------------------------------------

--
-- Table structure for table `civilbhs3152`
--

CREATE TABLE `civilbhs3152` (
  `regno` bigint(20) DEFAULT NULL,
  `name` varchar(255) DEFAULT NULL,
  `hs3152_mark` varchar(11) DEFAULT NULL,
  `hs3152_attendance` int(11) DEFAULT NULL
) ENGINE=InnoDB DEFAULT CHARSET=utf8 COLLATE=utf8_unicode_ci;

--
-- Dumping data for table `civilbhs3152`
--

INSERT INTO `civilbhs3152` (`regno`, `name`, `hs3152_mark`, `hs3152_attendance`) VALUES
(810023103056, 'KARTHICK S', '63', 21),
(810023103057, 'GANGA K', '67', 24),
(810023103058, 'SHAMUNDESHWARI T', '78', 24),
(810023103059, 'DHANUSHA S', '63', 24),
(810023103060, 'ARTHI S', '55', 25),
(810023103061, 'DHIVYA DHARSHINI G', '70', 17),
(810023103062, 'HARIHARAN N', '55', 24),
(810023103063, 'ROHINI G K', '90', 21),
(810023103064, 'DHEJESH KUMAR P', '70', 23),
(810023103065, 'SUNITHA K', '75', 20),
(810023103066, 'LINGESH KUMAR', '83', 24),
(810023103067, 'MOHAMED ANIF S', '83', 18),
(810023103068, 'LATCHATHAN T', '73', 18),
(810023103069, 'THILAK S', '50', 23),
(810023103070, 'AARTHI K', '72', 25),
(810023103071, 'SASIKUMAR S', '63', 24),
(810023103072, 'ABDUL AJEES M', '43', 24),
(810023103073, 'BANU SRI VARTHANI V', '97', 24),
(810023103074, 'SANTHOSH M', '63', 24),
(810023103075, 'AATHISESAN S', '80', 21),
(810023103076, 'ANBUMANI M', '57', 24),
(810023103077, 'PRIYADHARSHINI M', '33', 23),
(810023103078, 'KODESHWARI M', '67', 25),
(810023103079, 'APOORVA N', '90', 22),
(810023103080, 'SHANMUGA PRIYA K', '43', 25),
(810023103082, 'JANANISRI G', '70', 22),
(810023103083, 'SAMINATHAN M', '55', 24),
(810023103084, 'PRAVEEN S', '30', 25),
(810023103085, 'JEEVA M', '37', 25),
(810023103086, 'YUVARAJ R', '67', 24),
(810023103087, 'PRASANYA D', '57', 26),
(810023103088, 'YUGANIKHI G', '63', 23),
(810023103089, 'MARIA AKASH A', '58', 21),
(810023103090, 'RESHIKA V', '45', 22),
(810023103091, 'NIRANJAN S', '47', 21),
(810023103092, 'GOKUL S', '87', 25),
(810023103093, 'VINOTHA R', '63', 24),
(810023103094, 'BALAMURUGAN S', '62', 20),
(810023103095, 'HARIHARAN A', '67', 22),
(810023103096, 'VINOCHAN M', '80', 23),
(810023103097, 'AZHARUDEEN R', '58', 26),
(810023103098, 'JEYAKISHORE S S', '42', 19),
(810023103099, 'AYYAPPAN S', '63', 24),
(810023103100, 'BASKAR A', '38', 24),
(810023103101, 'KATHIRAVAN K', '47', 23),
(810023103102, 'KAVIPRIYA R', '90', 25),
(810023103103, 'PRAVINRAJ D', '50', 26),
(810023103104, 'VASANTH A', '42', 20),
(810023103105, 'PRIYA V', '75', 25);

-- --------------------------------------------------------

--
-- Table structure for table `civilbma3151`
--

CREATE TABLE `civilbma3151` (
  `regno` bigint(20) DEFAULT NULL,
  `name` varchar(255) DEFAULT NULL,
  `ma3151_mark` varchar(11) DEFAULT NULL,
  `ma3151_attendance` int(11) DEFAULT NULL
) ENGINE=InnoDB DEFAULT CHARSET=utf8 COLLATE=utf8_unicode_ci;

--
-- Dumping data for table `civilbma3151`
--

INSERT INTO `civilbma3151` (`regno`, `name`, `ma3151_mark`, `ma3151_attendance`) VALUES
(810023103056, 'KARTHICK S', '65', 22),
(810023103057, 'GANGA K', '80', 24),
(810023103058, 'SHAMUNDESHWARI T', '88', 26),
(810023103059, 'DHANUSHA S', '68', 24),
(810023103060, 'ARTHI S', '69', 27),
(810023103061, 'DHIVYA DHARSHINI G', '65', 19),
(810023103062, 'HARIHARAN N', '65', 25),
(810023103063, 'ROHINI G K', '81', 22),
(810023103064, 'DHEJESH KUMAR P', '70', 23),
(810023103065, 'SUNITHA K', '64', 22),
(810023103066, 'LINGESH KUMAR', '65', 24),
(810023103067, 'MOHAMED ANIF S', '65', 18),
(810023103068, 'LATCHATHAN T', '63', 20),
(810023103069, 'THILAK S', '65', 22),
(810023103070, 'AARTHI K', '65', 26),
(810023103071, 'SASIKUMAR S', '63', 26),
(810023103072, 'ABDUL AJEES M', '65', 24),
(810023103073, 'BANU SRI VARTHANI V', '85', 24),
(810023103074, 'SANTHOSH M', '63', 24),
(810023103075, 'AATHISESAN S', '63', 19),
(810023103076, 'ANBUMANI M', '65', 23),
(810023103077, 'PRIYADHARSHINI M', '75', 23),
(810023103078, 'KODESHWARI M', '79', 26),
(810023103079, 'APOORVA N', '77', 26),
(810023103080, 'SHANMUGA PRIYA K', '69', 25),
(810023103082, 'JANANISRI G', '65', 24),
(810023103083, 'SAMINATHAN M', '68', 26),
(810023103084, 'PRAVEEN S', '63', 27),
(810023103085, 'JEEVA M', '63', 27),
(810023103086, 'YUVARAJ R', '65', 24),
(810023103087, 'PRASANYA D', '75', 30),
(810023103088, 'YUGANIKHI G', '78', 20),
(810023103089, 'MARIA AKASH A', '65', 24),
(810023103090, 'RESHIKA V', '68', 26),
(810023103091, 'NIRANJAN S', '63', 21),
(810023103092, 'GOKUL S', '65', 26),
(810023103093, 'VINOTHA R', '75', 25),
(810023103094, 'BALAMURUGAN S', '64', 19),
(810023103095, 'HARIHARAN A', '65', 24),
(810023103096, 'VINOCHAN M', '63', 26),
(810023103097, 'AZHARUDEEN R', '65', 27),
(810023103098, 'JEYAKISHORE S S', '64', 18),
(810023103099, 'AYYAPPAN S', '64', 24),
(810023103100, 'BASKAR A', '65', 26),
(810023103101, 'KATHIRAVAN K', '63', 25),
(810023103102, 'KAVIPRIYA R', '78', 20),
(810023103103, 'PRAVINRAJ D', '63', 27),
(810023103104, 'VASANTH A', '64', 24),
(810023103105, 'PRIYA V', '78', 26);

-- --------------------------------------------------------

--
-- Table structure for table `civilbph3151`
--

CREATE TABLE `civilbph3151` (
  `regno` bigint(20) DEFAULT NULL,
  `name` varchar(255) DEFAULT NULL,
  `ph3151_mark` varchar(11) DEFAULT NULL,
  `ph3151_attendance` int(11) DEFAULT NULL
) ENGINE=InnoDB DEFAULT CHARSET=utf8 COLLATE=utf8_unicode_ci;

--
-- Dumping data for table `civilbph3151`
--

INSERT INTO `civilbph3151` (`regno`, `name`, `ph3151_mark`, `ph3151_attendance`) VALUES
(810023103056, 'KARTHICK S', '49', 19),
(810023103057, 'GANGA K', '78', 23),
(810023103058, 'SHAMUNDESHWARI T', '67', 24),
(810023103059, 'DHANUSHA S', '57', 21),
(810023103060, 'ARTHI S', '53', 24),
(810023103061, 'DHIVYA DHARSHINI G', '46', 15),
(810023103062, 'HARIHARAN N', '37', 20),
(810023103063, 'ROHINI G K', '54', 21),
(810023103064, 'DHEJESH KUMAR P', '49', 22),
(810023103065, 'SUNITHA K', '50', 20),
(810023103066, 'LINGESH KUMAR', '55', 23),
(810023103067, 'MOHAMED ANIF S', '57', 20),
(810023103068, 'LATCHATHAN T', '43', 18),
(810023103069, 'THILAK S', '57', 22),
(810023103070, 'AARTHI K', '63', 23),
(810023103071, 'SASIKUMAR S', '69', 21),
(810023103072, 'ABDUL AJEES M', '55', 24),
(810023103073, 'BANU SRI VARTHANI V', '51', 23),
(810023103074, 'SANTHOSH M', '37', 23),
(810023103075, 'AATHISESAN S', '19', 17),
(810023103076, 'ANBUMANI M', '25', 23),
(810023103077, 'PRIYADHARSHINI M', '36', 21),
(810023103078, 'KODESHWARI M', '55', 23),
(810023103079, 'APOORVA N', '49', 20),
(810023103080, 'SHANMUGA PRIYA K', '51', 26),
(810023103082, 'JANANISRI G', '41', 19),
(810023103083, 'SAMINATHAN M', '46', 24),
(810023103084, 'PRAVEEN S', '43', 24),
(810023103085, 'JEEVA M', '41', 24),
(810023103086, 'YUVARAJ R', '52', 23),
(810023103087, 'PRASANYA D', '59', 26),
(810023103088, 'YUGANIKHI G', '64', 21),
(810023103089, 'MARIA AKASH A', '40', 19),
(810023103090, 'RESHIKA V', '51', 20),
(810023103091, 'NIRANJAN S', '51', 17),
(810023103092, 'GOKUL S', '50', 23),
(810023103093, 'VINOTHA R', '31', 22),
(810023103094, 'BALAMURUGAN S', '18', 17),
(810023103095, 'HARIHARAN A', '37', 21),
(810023103096, 'VINOCHAN M', '43', 23),
(810023103097, 'AZHARUDEEN R', '35', 25),
(810023103098, 'JEYAKISHORE S S', '23', 16),
(810023103099, 'AYYAPPAN S', '53', 22),
(810023103100, 'BASKAR A', '33', 22),
(810023103101, 'KATHIRAVAN K', '50', 24),
(810023103102, 'KAVIPRIYA R', '48', 21),
(810023103103, 'PRAVINRAJ D', '30', 24),
(810023103104, 'VASANTH A', '31', 23),
(810023103105, 'PRIYA V', '62', 21);

-- --------------------------------------------------------

--
-- Table structure for table `civilmechanicaltmcy3151`
--

CREATE TABLE `civilmechanicaltmcy3151` (
  `regno` bigint(20) DEFAULT NULL,
  `name` varchar(255) DEFAULT NULL,
  `cy3151_mark` varchar(11) DEFAULT NULL,
  `cy3151_attendance` int(11) DEFAULT NULL
) ENGINE=InnoDB DEFAULT CHARSET=utf8 COLLATE=utf8_unicode_ci;

-- --------------------------------------------------------

--
-- Table structure for table `civilmechanicaltmge3151`
--

CREATE TABLE `civilmechanicaltmge3151` (
  `regno` bigint(20) DEFAULT NULL,
  `name` varchar(255) DEFAULT NULL,
  `ge3151_mark` varchar(11) DEFAULT NULL,
  `ge3151_attendance` int(11) DEFAULT NULL
) ENGINE=InnoDB DEFAULT CHARSET=utf8 COLLATE=utf8_unicode_ci;

--
-- Dumping data for table `civilmechanicaltmge3151`
--

INSERT INTO `civilmechanicaltmge3151` (`regno`, `name`, `ge3151_mark`, `ge3151_attendance`) VALUES
(810023126001, 'TAMILSELVAN M', '81', 20),
(810023126002, 'MUTHULAKSHMI G', '80', 18),
(810023126003, 'NANDHINI K', '93', 22),
(810023126004, 'SRIPRIYA B', '92', 20),
(810023126005, 'KIRUTHIGA S', '80', 23),
(810023126006, 'DINESH P', '76', 23),
(810023126007, 'KAVI ARASU C', '84', 21),
(810023126008, 'SARANYA S', '92', 21),
(810023126009, 'JANANI K', '82', 20),
(810023126010, 'RUBASRI M', '86', 23),
(810023126011, 'MADHUMITHA S', '84', 23),
(810023126012, 'GANGANADHI P', '82', 23),
(810023126013, 'SUVETHA V', '90', 21),
(810023126014, 'ABIRAMI A', '94', 21),
(810023126015, 'GOWTHAM V', '77', 21),
(810023126016, 'GOKULA VASUNDHARA SRI R', '90', 22),
(810023126017, 'KRISHNAVENI R', '78', 22),
(810023126018, 'KARTHIKEYAN S', '50', 16),
(810023126019, 'BUVANESH C', '80', 18),
(810023126020, 'PATHMAVATHI L', '90', 21),
(810023126021, 'MOHANA DEVI S', '88', 17),
(810023126022, 'DHANUSHRAJAN K', '83', 21),
(810023126023, 'PRADEEP V', '77', 18),
(810023126024, 'AARTHY K', '85', 21),
(810023126025, 'SELVAPRIYA P', '86', 21),
(810023126026, 'PRABHA P', '87', 20),
(810023126027, 'THIRUPATHI N', '56', 22),
(810023126028, 'PRAVEENKUMAR S', '70', 21),
(810023126029, 'AAKASH P', '57', 22),
(810023126030, 'ABIRAMI B', '70', 22),
(810023126031, 'HEMALATHA P', '54', 21),
(810023126032, 'GUNA R', '70', 23),
(810023126033, 'SHARUKHAN M', '56', 21),
(810023126034, 'MATHIBALAN P', '51', 23),
(810023126036, 'AJAY N', '74', 23),
(810023126037, 'NAVEEN KUMAR S', '74', 23),
(810023126038, 'PACHAIYAPPAN P', '70', 23),
(810023126039, 'DHARNISH K', '70', 21),
(810023126040, 'KANSHIYA S', '81', 22),
(810023126041, 'KAVITHASAN M', '71', 21),
(810023126042, 'SHARMILI M', '50', 23),
(810023126043, 'VANISRI R', '70', 23),
(810023126044, 'YOGESH J', '56', 23),
(810023126045, 'PRAVEEN KUMAR M', '79', 23),
(810023126046, 'KIRAN SANKAR R', '73', 21),
(810023126047, 'ABINAYA A', '94', 21),
(810023126048, 'HARISH R V', '83', 23),
(810023126049, 'ADHITHYA A', '55', 21),
(810023127001, 'AMUDHAN S', '54', 21),
(810023127002, 'SEVVELJAYAM S', '52', 22),
(810023127003, 'ANDAVAR K', '0', 10),
(810023127004, 'ASHWIN G', '76', 20),
(810023127005, 'NAWINKUMAAR V', '54', 23),
(810023127006, 'XAVIER AKASH A', '70', 22),
(810023127007, 'KAVEENA M', '71', 22),
(810023127008, 'NAVEEN S', '74', 23),
(810023127009, 'BALAKRISHNAN R', '71', 22),
(810023127010, 'MOHAN PANDI D', '52', 23),
(810023127011, 'DHANARANGAN R', '54', 21),
(810023127012, 'SAKTHIVEL P', '73', 22),
(810023127013, 'PUNITH S', '52', 22),
(810023127014, 'SRIDHAR T', '0', 9),
(810023127015, 'VENKATARAJ V', '56', 22),
(810023127016, 'SHAMEER AKTHAR S', '53', 21),
(810023127017, 'GOWSHIKKUMAR S', '55', 21);

-- --------------------------------------------------------

--
-- Table structure for table `civilmechanicaltmge3152`
--

CREATE TABLE `civilmechanicaltmge3152` (
  `regno` bigint(20) DEFAULT NULL,
  `name` varchar(255) DEFAULT NULL,
  `ge3152_mark` varchar(11) DEFAULT NULL,
  `ge3152_attendance` int(11) DEFAULT NULL
) ENGINE=InnoDB DEFAULT CHARSET=utf8 COLLATE=utf8_unicode_ci;

--
-- Dumping data for table `civilmechanicaltmge3152`
--

INSERT INTO `civilmechanicaltmge3152` (`regno`, `name`, `ge3152_mark`, `ge3152_attendance`) VALUES
(810023126001, 'TAMILSELVAN M', '63', 6),
(810023126002, 'MUTHULAKSHMI G', '66', 5),
(810023126003, 'NANDHINI K', '70', 6),
(810023126004, 'SRIPRIYA B', '76', 6),
(810023126005, 'KIRUTHIGA S', '71', 6),
(810023126006, 'DINESH P', '70', 6),
(810023126007, 'KAVI ARASU C', '68', 6),
(810023126008, 'SARANYA S', '71', 6),
(810023126009, 'JANANI K', '63', 5),
(810023126010, 'RUBASRI M', '76', 5),
(810023126011, 'MADHUMITHA S', '75', 5),
(810023126012, 'GANGANADHI P', '78', 5),
(810023126013, 'SUVETHA V', '71', 6),
(810023126014, 'ABIRAMI A', '73', 6),
(810023126015, 'GOWTHAM V', '80', 6),
(810023126016, 'GOKULA VASUNDHARA SRI R', '68', 5),
(810023126017, 'KRISHNAVENI R', '68', 5),
(810023126018, 'KARTHIKEYAN S', '55', 3),
(810023126019, 'BUVANESH C', '68', 6),
(810023126020, 'PATHMAVATHI L', '74', 5),
(810023126021, 'MOHANA DEVI S', '67', 4),
(810023126022, 'DHANUSHRAJAN K', '58', 6),
(810023126023, 'PRADEEP V', '53', 5),
(810023126024, 'AARTHY K', '81', 5),
(810023126025, 'SELVAPRIYA P', '83', 6),
(810023126026, 'PRABHA P', '75', 6),
(810023126027, 'THIRUPATHI N', '70', 6),
(810023126028, 'PRAVEENKUMAR S', '55', 6),
(810023126029, 'AAKASH P', '50', 6),
(810023126030, 'ABIRAMI B', '68', 6),
(810023126031, 'HEMALATHA P', '68', 6),
(810023126032, 'GUNA R', '60', 6),
(810023126033, 'SHARUKHAN M', '60', 4),
(810023126034, 'MATHIBALAN P', '67', 5),
(810023126036, 'AJAY N', '68', 5),
(810023126037, 'NAVEEN KUMAR S', '60', 6),
(810023126038, 'PACHAIYAPPAN P', '72', 6),
(810023126039, 'DHARNISH K', '64', 5),
(810023126040, 'KANSHIYA S', '71', 6),
(810023126041, 'KAVITHASAN M', '70', 6),
(810023126042, 'SHARMILI M', '63', 5),
(810023126043, 'VANISRI R', '68', 6),
(810023126044, 'YOGESH J', '67', 5),
(810023126045, 'PRAVEEN KUMAR M', '63', 6),
(810023126046, 'KIRAN SANKAR R', '61', 6),
(810023126047, 'ABINAYA A', '75', 5),
(810023126048, 'HARISH R V', '63', 5),
(810023126049, 'ADHITHYA A', '54', 5),
(810023127001, 'AMUDHAN S', '58', 4),
(810023127002, 'SEVVELJAYAM S', '61', 2),
(810023127003, 'ANDAVAR K', 'AB', 0),
(810023127004, 'ASHWIN G', '72', 3),
(810023127005, 'NAWINKUMAAR V', '67', 6),
(810023127006, 'XAVIER AKASH A', '63', 5),
(810023127007, 'KAVEENA M', '70', 5),
(810023127008, 'NAVEEN S', '60', 3),
(810023127009, 'BALAKRISHNAN R', '73', 5),
(810023127010, 'MOHAN PANDI D', '64', 4),
(810023127011, 'DHANARANGAN R', '59', 2),
(810023127012, 'SAKTHIVEL P', '71', 5),
(810023127013, 'PUNITH S', '54', 4),
(810023127014, 'SRIDHAR T', 'AB', 0),
(810023127015, 'VENKATARAJ V', '67', 4),
(810023127016, 'SHAMEER AKTHAR S', '50', 5),
(810023127017, 'GOWSHIKKUMAR S', '49', 5);

-- --------------------------------------------------------

--
-- Table structure for table `civilmechanicaltmhs3152`
--

CREATE TABLE `civilmechanicaltmhs3152` (
  `regno` bigint(20) DEFAULT NULL,
  `name` varchar(255) DEFAULT NULL,
  `hs3152_mark` varchar(11) DEFAULT NULL,
  `hs3152_attendance` int(11) DEFAULT NULL
) ENGINE=InnoDB DEFAULT CHARSET=utf8 COLLATE=utf8_unicode_ci;

--
-- Dumping data for table `civilmechanicaltmhs3152`
--

INSERT INTO `civilmechanicaltmhs3152` (`regno`, `name`, `hs3152_mark`, `hs3152_attendance`) VALUES
(810023126001, 'TAMILSELVAN M', '74', 21),
(810023126002, 'MUTHULAKSHMI G', '76', 18),
(810023126003, 'NANDHINI K', '79', 21),
(810023126004, 'SRIPRIYA B', '73', 20),
(810023126005, 'KIRUTHIGA S', '74', 21),
(810023126006, 'DINESH P', '68', 21),
(810023126007, 'KAVI ARASU C', '75', 21),
(810023126008, 'SARANYA S', '83', 21),
(810023126009, 'JANANI K', '80', 18),
(810023126010, 'RUBASRI M', '84', 21),
(810023126011, 'MADHUMITHA S', '72', 21),
(810023126012, 'GANGANADHI P', '83', 19),
(810023126013, 'SUVETHA V', '81', 21),
(810023126014, 'ABIRAMI A', '71', 21),
(810023126015, 'GOWTHAM V', '80', 21),
(810023126016, 'GOKULA VASUNDHARA SRI R', '80', 18),
(810023126017, 'KRISHNAVENI R', '75', 17),
(810023126018, 'KARTHIKEYAN S', '65', 15),
(810023126019, 'BUVANESH C', '71', 18),
(810023126020, 'PATHMAVATHI L', '74', 20),
(810023126021, 'MOHANA DEVI S', '89', 17),
(810023126022, 'DHANUSHRAJAN K', '76', 18),
(810023126023, 'PRADEEP V', '78', 18),
(810023126024, 'AARTHY K', '81', 19),
(810023126025, 'SELVAPRIYA P', '74', 21),
(810023126026, 'PRABHA P', '84', 21),
(810023126027, 'THIRUPATHI N', '82', 18),
(810023126028, 'PRAVEENKUMAR S', '70', 18),
(810023126029, 'AAKASH P', '69', 19),
(810023126030, 'ABIRAMI B', '77', 21),
(810023126031, 'HEMALATHA P', '67', 21),
(810023126032, 'GUNA R', '68', 20),
(810023126033, 'SHARUKHAN M', '48', 11),
(810023126034, 'MATHIBALAN P', '73', 19),
(810023126036, 'AJAY N', '76', 19),
(810023126037, 'NAVEEN KUMAR S', '75', 20),
(810023126038, 'PACHAIYAPPAN P', '74', 21),
(810023126039, 'DHARNISH K', '65', 20),
(810023126040, 'KANSHIYA S', '72', 19),
(810023126041, 'KAVITHASAN M', '69', 21),
(810023126042, 'SHARMILI M', '78', 19),
(810023126043, 'VANISRI R', '61', 20),
(810023126044, 'YOGESH J', '73', 20),
(810023126045, 'PRAVEEN KUMAR M', '73', 21),
(810023126046, 'KIRAN SANKAR R', '72', 21),
(810023126047, 'ABINAYA A', '81', 20),
(810023126048, 'HARISH R V', '72', 19),
(810023126049, 'ADHITHYA A', '65', 19),
(810023127001, 'AMUDHAN S', '71', 17),
(810023127002, 'SEVVELJAYAM S', '55', 13),
(810023127003, 'ANDAVAR K', '0', 0),
(810023127004, 'ASHWIN G', '82', 18),
(810023127005, 'NAWINKUMAAR V', '77', 21),
(810023127006, 'XAVIER AKASH A', '60', 18),
(810023127007, 'KAVEENA M', '81', 20),
(810023127008, 'NAVEEN S', '66', 16),
(810023127009, 'BALAKRISHNAN R', '73', 20),
(810023127010, 'MOHAN PANDI D', '65', 19),
(810023127011, 'DHANARANGAN R', '66', 11),
(810023127012, 'SAKTHIVEL P', '76', 17),
(810023127013, 'PUNITH S', '73', 17),
(810023127014, 'SRIDHAR T', '0', 0),
(810023127015, 'VENKATARAJ V', '74', 16),
(810023127016, 'SHAMEER AKTHAR S', '80', 17),
(810023127017, 'GOWSHIKKUMAR S', '70', 20);

-- --------------------------------------------------------

--
-- Table structure for table `civilmechanicaltmma3151`
--

CREATE TABLE `civilmechanicaltmma3151` (
  `regno` bigint(20) DEFAULT NULL,
  `name` varchar(255) DEFAULT NULL,
  `ma3151_mark` varchar(11) DEFAULT NULL,
  `ma3151_attendance` int(11) DEFAULT NULL
) ENGINE=InnoDB DEFAULT CHARSET=utf8 COLLATE=utf8_unicode_ci;

--
-- Dumping data for table `civilmechanicaltmma3151`
--

INSERT INTO `civilmechanicaltmma3151` (`regno`, `name`, `ma3151_mark`, `ma3151_attendance`) VALUES
(810023126001, 'TAMILSELVAN M', '57', 34),
(810023126002, 'MUTHULAKSHMI G', '84', 34),
(810023126003, 'NANDHINI K', '85', 34),
(810023126004, 'SRIPRIYA B', '94', 34),
(810023126005, 'KIRUTHIGA S', '95', 34),
(810023126006, 'DINESH P', '71', 34),
(810023126007, 'KAVI ARASU C', '78', 34),
(810023126008, 'SARANYA S', '100', 34),
(810023126009, 'JANANI K', '67', 27),
(810023126010, 'RUBASRI M', '80', 34),
(810023126011, 'MADHUMITHA S', '57', 34),
(810023126012, 'GANGANADHI P', '91', 32),
(810023126013, 'SUVETHA V', '97', 34),
(810023126014, 'ABIRAMI A', '71', 32),
(810023126015, 'GOWTHAM V', '88', 34),
(810023126016, 'GOKULA VASUNDHARA SRI R', '55', 34),
(810023126017, 'KRISHNAVENI R', '66', 33),
(810023126018, 'KARTHIKEYAN S', '40', 26),
(810023126019, 'BUVANESH C', '57', 34),
(810023126020, 'PATHMAVATHI L', '57', 34),
(810023126021, 'MOHANA DEVI S', '81', 28),
(810023126022, 'DHANUSHRAJAN K', '70', 31),
(810023126023, 'PRADEEP V', '53', 31),
(810023126024, 'AARTHY K', '98', 33),
(810023126025, 'SELVAPRIYA P', '90', 34),
(810023126026, 'PRABHA P', '100', 34),
(810023126027, 'THIRUPATHI N', '64', 31),
(810023126028, 'PRAVEENKUMAR S', '54', 34),
(810023126029, 'AAKASH P', '52', 34),
(810023126030, 'ABIRAMI B', '73', 29),
(810023126031, 'HEMALATHA P', '57', 34),
(810023126032, 'GUNA R', '48', 34),
(810023126033, 'SHARUKHAN M', '44', 33),
(810023126034, 'MATHIBALAN P', '68', 34),
(810023126036, 'AJAY N', '66', 34),
(810023126037, 'NAVEEN KUMAR S', '52', 34),
(810023126038, 'PACHAIYAPPAN P', '49', 34),
(810023126039, 'DHARNISH K', '48', 34),
(810023126040, 'KANSHIYA S', '65', 34),
(810023126041, 'KAVITHASAN M', '57', 31),
(810023126042, 'SHARMILI M', '56', 31),
(810023126043, 'VANISRI R', '54', 34),
(810023126044, 'YOGESH J', '47', 32),
(810023126045, 'PRAVEEN KUMAR M', '52', 34),
(810023126046, 'KIRAN SANKAR R', '53', 34),
(810023126047, 'ABINAYA A', '70', 34),
(810023126048, 'HARISH R V', '54', 34),
(810023126049, 'ADHITHYA A', '55', 34),
(810023127001, 'AMUDHAN S', '42', 32),
(810023127002, 'SEVVELJAYAM S', '52', 22),
(810023127003, 'ANDAVAR K', '00', 0),
(810023127004, 'ASHWIN G', '47', 32),
(810023127005, 'NAWINKUMAAR V', '42', 34),
(810023127006, 'XAVIER AKASH A', '43', 32),
(810023127007, 'KAVEENA M', '58', 34),
(810023127008, 'NAVEEN S', '56', 29),
(810023127009, 'BALAKRISHNAN R', '47', 32),
(810023127010, 'MOHAN PANDI D', '49', 32),
(810023127011, 'DHANARANGAN R', '42', 20),
(810023127012, 'SAKTHIVEL P', '46', 34),
(810023127013, 'PUNITH S', '44', 30),
(810023127014, 'SRIDHAR T', '00', 0),
(810023127015, 'VENKATARAJ V', '55', 32),
(810023127016, 'SHAMEER AKTHAR S', '40', 31),
(810023127017, 'GOWSHIKKUMAR S', '67', 34);

-- --------------------------------------------------------

--
-- Table structure for table `civilmechanicaltmph3151`
--

CREATE TABLE `civilmechanicaltmph3151` (
  `regno` bigint(20) DEFAULT NULL,
  `name` varchar(255) DEFAULT NULL,
  `ph3151_mark` varchar(11) DEFAULT NULL,
  `ph3151_attendance` int(11) DEFAULT NULL
) ENGINE=InnoDB DEFAULT CHARSET=utf8 COLLATE=utf8_unicode_ci;

-- --------------------------------------------------------

--
-- Table structure for table `cseacy3151`
--

CREATE TABLE `cseacy3151` (
  `regno` bigint(20) DEFAULT NULL,
  `name` varchar(255) DEFAULT NULL,
  `cy3151_mark` varchar(11) DEFAULT NULL,
  `cy3151_attendance` int(11) DEFAULT NULL
) ENGINE=InnoDB DEFAULT CHARSET=utf8 COLLATE=utf8_unicode_ci;

--
-- Dumping data for table `cseacy3151`
--

INSERT INTO `cseacy3151` (`regno`, `name`, `cy3151_mark`, `cy3151_attendance`) VALUES
(810023104001, 'DARSNA S', '84', 22),
(810023104002, 'CHARLIN ASHINI A D', '92', 24),
(810023104003, 'SRINIDHI K', '75', 17),
(810023104004, 'ARUL JASMINE D', '93', 24),
(810023104005, 'SANTHIYA S', '92', 21),
(810023104006, 'ARUL JEBARAJ M', '84', 24),
(810023104007, 'YUVARANI S', '92', 23),
(810023104008, 'VISHNUPRIYA K', '94', 24),
(810023104009, 'MONISHA JENCY J', '96', 24),
(810023104010, 'NISHASRI A', '83', 24),
(810023104011, 'VIVEKANANDAN A', '58', 21),
(810023104012, 'SAKTHIVEL K', '58', 20),
(810023104013, 'DIVYA K', '69', 23),
(810023104014, 'SARAVANAKUMAR P', '68', 23),
(810023104015, 'DEEPIKA A', '94', 24),
(810023104016, 'RAJESH S', '87', 23),
(810023104017, 'SHOBANA V', '84', 23),
(810023104018, 'SOWMIYA S', '91', 22),
(810023104019, 'MATHAN KUMAR G', '89', 22),
(810023104020, 'AKASH A', '65', 18),
(810023104021, 'VAITHEESHWARAN P', '94', 23),
(810023104022, 'ASIN T', '96', 22),
(810023104023, 'ASHOK RAJ A', '40', 17),
(810023104024, 'BALAMURUGAN K', '59', 20),
(810023104025, 'DEEPAK RAJ E', '79', 22),
(810023104026, 'GOMATHI S', '77', 18),
(810023104027, 'ARUVI V', '95', 24),
(810023104028, 'VIMAL RAJ J', '73', 22),
(810023104029, 'NIRMALKUMAR', '51', 18),
(810023104030, 'VIJAY V', '92', 24),
(810023104031, 'VAISHNAVI P', '96', 22),
(810023104032, 'MUTHAZHAGI P', '79', 24),
(810023104033, 'DHANALAKSHMI J', '78', 20),
(810023104034, 'GOKUL RAJAN T', '70', 20),
(810023104036, 'AYISHA H', '77', 23),
(810023104037, 'AKSHAYA S', '83', 23),
(810023104038, 'HARINI S', '87', 23),
(810023104039, 'INBAN V', '56', 19),
(810023104040, 'SARATHY V', '88', 24),
(810023104041, 'PUGAZHVADIVU E', '99', 24),
(810023104042, 'VEERAMANI S', '65', 24),
(810023104043, 'SNOW SELVA RAFIKA S', '91', 23),
(810023104044, 'MAHENDIRAN M', '72', 24),
(810023104045, 'MUTHAMIZHSELVI M', '91', 23),
(810023104046, 'MOHANADHARSHINI S', '74', 18),
(810023104047, 'DEEPANRAJA S', '89', 22),
(810023104048, 'KATHIRAVAN P', '77', 24),
(810023104049, 'SANGEETHA J', '70', 22),
(810023104050, 'MUGESHKUMAR M', '64', 24),
(810023104051, 'INDRA SANTHOSHI B', '85', 23),
(810023104052, 'RENUGA S', '80', 24),
(810023104053, 'HONIXA AFFRIN G A', '80', 23),
(810023104054, 'KELLTENA D', '79', 23),
(810023104055, 'WILMA ROSARY D', '90', 23),
(810023104056, 'RADHIKA R', '89', 23),
(810023104057, 'ROFEENA J', '84', 22),
(810023104058, 'MUTHURAJA P', '80', 23),
(810023104059, 'YOKESWARAN P', '50', 18),
(810023104060, 'RIFAYA PARVEEN S', '92', 24);

-- --------------------------------------------------------

--
-- Table structure for table `cseage3151`
--

CREATE TABLE `cseage3151` (
  `regno` bigint(20) DEFAULT NULL,
  `name` varchar(255) DEFAULT NULL,
  `ge3151_mark` varchar(11) DEFAULT NULL,
  `ge3151_attendance` int(11) DEFAULT NULL
) ENGINE=InnoDB DEFAULT CHARSET=utf8 COLLATE=utf8_unicode_ci;

--
-- Dumping data for table `cseage3151`
--

INSERT INTO `cseage3151` (`regno`, `name`, `ge3151_mark`, `ge3151_attendance`) VALUES
(810023104001, 'DARSNA S', '96', 17),
(810023104002, 'CHARLIN ASHINI A D', '92', 19),
(810023104003, 'SRINIDHI K', '76', 19),
(810023104004, 'ARUL JASMINE D', '90', 19),
(810023104005, 'SANTHIYA S', '97', 17),
(810023104006, 'ARUL JEBARAJ M', '92', 19),
(810023104007, 'YUVARANI S', '79', 19),
(810023104008, 'VISHNUPRIYA K', '92', 19),
(810023104009, 'MONISHA JENCY J', '98', 19),
(810023104010, 'NISHASRI A', '95', 19),
(810023104011, 'VIVEKANANDAN A', '85', 17),
(810023104012, 'SAKTHIVEL K', '88', 17),
(810023104013, 'DIVYA K', '82', 19),
(810023104014, 'SARAVANAKUMAR P', '75', 19),
(810023104015, 'DEEPIKA A', '86', 19),
(810023104016, 'RAJESH S', '97', 19),
(810023104017, 'SHOBANA V', '94', 19),
(810023104018, 'SOWMIYA S', '87', 19),
(810023104019, 'MATHAN KUMAR G', '85', 19),
(810023104020, 'AKASH A', '73', 16),
(810023104021, 'VAITHEESHWARAN P', '93', 19),
(810023104022, 'ASIN T', '84', 17),
(810023104023, 'ASHOK RAJ A', '73', 16),
(810023104024, 'BALAMURUGAN K', '83', 18),
(810023104025, 'DEEPAK RAJ E', '78', 19),
(810023104026, 'GOMATHI S', '89', 16),
(810023104027, 'ARUVI V', '96', 19),
(810023104028, 'VIMAL RAJ J', '88', 18),
(810023104029, 'NIRMALKUMAR', '75', 16),
(810023104030, 'VIJAY V', '94', 19),
(810023104031, 'VAISHNAVI P', '95', 19),
(810023104032, 'MUTHAZHAGI P', '94', 19),
(810023104033, 'DHANALAKSHMI J', '92', 19),
(810023104034, 'GOKUL RAJAN T', '79', 19),
(810023104036, 'AYISHA H', '82', 19),
(810023104037, 'AKSHAYA S', '89', 19),
(810023104038, 'HARINI S', '75', 19),
(810023104039, 'INBAN V', '77', 17),
(810023104040, 'SARATHY V', '79', 19),
(810023104041, 'PUGAZHVADIVU E', '96', 19),
(810023104042, 'VEERAMANI S', '75', 19),
(810023104043, 'SNOW SELVA RAFIKA S', '93', 19),
(810023104044, 'MAHENDIRAN M', '77', 19),
(810023104045, 'MUTHAMIZHSELVI M', '80', 19),
(810023104046, 'MOHANADHARSHINI S', '82', 17),
(810023104047, 'DEEPANRAJA S', '83', 19),
(810023104048, 'KATHIRAVAN P', '86', 19),
(810023104049, 'SANGEETHA J', '86', 19),
(810023104050, 'MUGESHKUMAR M', '70', 19),
(810023104051, 'INDRA SANTHOSHI B', '93', 18),
(810023104052, 'RENUGA S', '91', 19),
(810023104053, 'HONIXA AFFRIN G A', '98', 19),
(810023104054, 'KELLTENA D', '87', 19),
(810023104055, 'WILMA ROSARY D', '92', 19),
(810023104056, 'RADHIKA R', '89', 19),
(810023104057, 'ROFEENA J', '95', 18),
(810023104058, 'MUTHURAJA P', '93', 19),
(810023104059, 'YOKESWARAN P', '72', 17),
(810023104060, 'RIFAYA PARVEEN S', '92', 18);

-- --------------------------------------------------------

--
-- Table structure for table `cseage3152`
--

CREATE TABLE `cseage3152` (
  `regno` bigint(20) DEFAULT NULL,
  `name` varchar(255) DEFAULT NULL,
  `ge3152_mark` varchar(11) DEFAULT NULL,
  `ge3152_attendance` int(11) DEFAULT NULL
) ENGINE=InnoDB DEFAULT CHARSET=utf8 COLLATE=utf8_unicode_ci;

--
-- Dumping data for table `cseage3152`
--

INSERT INTO `cseage3152` (`regno`, `name`, `ge3152_mark`, `ge3152_attendance`) VALUES
(810023104001, 'DARSNA S', '73', 6),
(810023104002, 'CHARLIN ASHINI A D', '87', 7),
(810023104003, 'SRINIDHI K', '77', 7),
(810023104004, 'ARUL JASMINE D', '76', 7),
(810023104005, 'SANTHIYA S', '76', 6),
(810023104006, 'ARUL JEBARAJ M', '81', 7),
(810023104007, 'YUVARANI S', '90', 6),
(810023104008, 'VISHNUPRIYA K', '83', 7),
(810023104009, 'MONISHA JENCY J', '91', 7),
(810023104010, 'NISHASRI A', '72', 7),
(810023104011, 'VIVEKANANDAN A', '56', 7),
(810023104012, 'SAKTHIVEL K', '73', 5),
(810023104013, 'DIVYA K', '73', 7),
(810023104014, 'SARAVANAKUMAR P', '82', 7),
(810023104015, 'DEEPIKA A', '85', 7),
(810023104016, 'RAJESH S', '83', 7),
(810023104017, 'SHOBANA V', '82', 7),
(810023104018, 'SOWMIYA S', '71', 6),
(810023104019, 'MATHAN KUMAR G', '74', 6),
(810023104020, 'AKASH A', '61', 5),
(810023104021, 'VAITHEESHWARAN P', '74', 7),
(810023104022, 'ASIN T', '70', 6),
(810023104023, 'ASHOK RAJ A', '55', 5),
(810023104024, 'BALAMURUGAN K', '64', 5),
(810023104025, 'DEEPAK RAJ E', '76', 6),
(810023104026, 'GOMATHI S', '72', 4),
(810023104027, 'ARUVI V', '87', 7),
(810023104028, 'VIMAL RAJ J', '71', 7),
(810023104029, 'NIRMALKUMAR', '57', 4),
(810023104030, 'VIJAY V', '80', 7),
(810023104031, 'VAISHNAVI P', '90', 7),
(810023104032, 'MUTHAZHAGI P', '80', 7),
(810023104033, 'DHANALAKSHMI J', '78', 5),
(810023104034, 'GOKUL RAJAN T', '72', 5),
(810023104036, 'AYISHA H', '65', 7),
(810023104037, 'AKSHAYA S', '75', 7),
(810023104038, 'HARINI S', '74', 6),
(810023104039, 'INBAN V', '56', 4),
(810023104040, 'SARATHY V', '70', 7),
(810023104041, 'PUGAZHVADIVU E', '84', 7),
(810023104042, 'VEERAMANI S', '64', 7),
(810023104043, 'SNOW SELVA RAFIKA S', '81', 7),
(810023104044, 'MAHENDIRAN M', '65', 7),
(810023104045, 'MUTHAMIZHSELVI M', '82', 7),
(810023104046, 'MOHANADHARSHINI S', '70', 4),
(810023104047, 'DEEPANRAJA S', '76', 7),
(810023104048, 'KATHIRAVAN P', '82', 6),
(810023104049, 'SANGEETHA J', '75', 7),
(810023104050, 'MUGESHKUMAR M', '74', 7),
(810023104051, 'INDRA SANTHOSHI B', '77', 7),
(810023104052, 'RENUGA S', '86', 7),
(810023104053, 'HONIXA AFFRIN G A', '80', 7),
(810023104054, 'KELLTENA D', '71', 7),
(810023104055, 'WILMA ROSARY D', '86', 7),
(810023104056, 'RADHIKA R', '87', 6),
(810023104057, 'ROFEENA J', '80', 7),
(810023104058, 'MUTHURAJA P', '78', 7),
(810023104059, 'YOKESWARAN P', '56', 5),
(810023104060, 'RIFAYA PARVEEN S', '86', 7);

-- --------------------------------------------------------

--
-- Table structure for table `cseahs3152`
--

CREATE TABLE `cseahs3152` (
  `regno` bigint(20) DEFAULT NULL,
  `name` varchar(255) DEFAULT NULL,
  `hs3152_mark` varchar(11) DEFAULT NULL,
  `hs3152_attendance` int(11) DEFAULT NULL
) ENGINE=InnoDB DEFAULT CHARSET=utf8 COLLATE=utf8_unicode_ci;

--
-- Dumping data for table `cseahs3152`
--

INSERT INTO `cseahs3152` (`regno`, `name`, `hs3152_mark`, `hs3152_attendance`) VALUES
(810023104001, 'DARSNA S', '71', 23),
(810023104002, 'CHARLIN ASHINI A D', '96', 24),
(810023104003, 'SRINIDHI K', '69', 16),
(810023104004, 'ARUL JASMINE D', '85', 24),
(810023104005, 'SANTHIYA S', '90', 22),
(810023104006, 'ARUL JEBARAJ M', '61', 24),
(810023104007, 'YUVARANI S', '92', 24),
(810023104008, 'VISHNUPRIYA K', '88', 24),
(810023104009, 'MONISHA JENCY J', '70', 24),
(810023104010, 'NISHASRI A', '70', 24),
(810023104011, 'VIVEKANANDAN A', '72', 24),
(810023104012, 'SAKTHIVEL K', '58', 19),
(810023104013, 'DIVYA K', '73', 24),
(810023104014, 'SARAVANAKUMAR P', '60', 23),
(810023104015, 'DEEPIKA A', '86', 24),
(810023104016, 'RAJESH S', '76', 24),
(810023104017, 'SHOBANA V', '84', 24),
(810023104018, 'SOWMIYA S', '66', 24),
(810023104019, 'MATHAN KUMAR G', '58', 24),
(810023104020, 'AKASH A', '64', 22),
(810023104021, 'VAITHEESHWARAN P', '84', 24),
(810023104022, 'ASIN T', '71', 24),
(810023104023, 'ASHOK RAJ A', '51', 17),
(810023104024, 'BALAMURUGAN K', '58', 22),
(810023104025, 'DEEPAK RAJ E', '68', 22),
(810023104026, 'GOMATHI S', '68', 23),
(810023104027, 'ARUVI V', '79', 24),
(810023104028, 'VIMAL RAJ J', '56', 22),
(810023104029, 'NIRMALKUMAR', '60', 18),
(810023104030, 'VIJAY V', '82', 24),
(810023104031, 'VAISHNAVI P', '88', 24),
(810023104032, 'MUTHAZHAGI P', '71', 24),
(810023104033, 'DHANALAKSHMI J', '67', 22),
(810023104034, 'GOKUL RAJAN T', '67', 20),
(810023104036, 'AYISHA H', '91', 21),
(810023104037, 'AKSHAYA S', '90', 24),
(810023104038, 'HARINI S', '79', 24),
(810023104039, 'INBAN V', '64', 18),
(810023104040, 'SARATHY V', '71', 24),
(810023104041, 'PUGAZHVADIVU E', '94', 24),
(810023104042, 'VEERAMANI S', '74', 24),
(810023104043, 'SNOW SELVA RAFIKA S', '91', 24),
(810023104044, 'MAHENDIRAN M', '75', 24),
(810023104045, 'MUTHAMIZHSELVI M', '79', 24),
(810023104046, 'MOHANADHARSHINI S', '69', 19),
(810023104047, 'DEEPANRAJA S', '80', 24),
(810023104048, 'KATHIRAVAN P', '88', 24),
(810023104049, 'SANGEETHA J', '70', 23),
(810023104050, 'MUGESHKUMAR M', '74', 24),
(810023104051, 'INDRA SANTHOSHI B', '78', 23),
(810023104052, 'RENUGA S', '73', 24),
(810023104053, 'HONIXA AFFRIN G A', '86', 24),
(810023104054, 'KELLTENA D', '85', 24),
(810023104055, 'WILMA ROSARY D', '84', 24),
(810023104056, 'RADHIKA R', '70', 24),
(810023104057, 'ROFEENA J', '80', 22),
(810023104058, 'MUTHURAJA P', '72', 24),
(810023104059, 'YOKESWARAN P', '53', 22),
(810023104060, 'RIFAYA PARVEEN S', '95', 24);

-- --------------------------------------------------------

--
-- Table structure for table `cseama3151`
--

CREATE TABLE `cseama3151` (
  `regno` bigint(20) DEFAULT NULL,
  `name` varchar(255) DEFAULT NULL,
  `ma3151_mark` varchar(11) DEFAULT NULL,
  `ma3151_attendance` int(11) DEFAULT NULL
) ENGINE=InnoDB DEFAULT CHARSET=utf8 COLLATE=utf8_unicode_ci;

--
-- Dumping data for table `cseama3151`
--

INSERT INTO `cseama3151` (`regno`, `name`, `ma3151_mark`, `ma3151_attendance`) VALUES
(810023104001, 'DARSNA S', '84', 36),
(810023104002, 'CHARLIN ASHINI A D', '88', 37),
(810023104003, 'SRINIDHI K', '45', 27),
(810023104004, 'ARUL JASMINE D', '80', 37),
(810023104005, 'SANTHIYA S', '94', 34),
(810023104006, 'ARUL JEBARAJ M', '67', 37),
(810023104007, 'YUVARANI S', '80', 37),
(810023104008, 'VISHNUPRIYA K', '75', 37),
(810023104009, 'MONISHA JENCY J', '86', 37),
(810023104010, 'NISHASRI A', '86', 37),
(810023104011, 'VIVEKANANDAN A', '55', 34),
(810023104012, 'SAKTHIVEL K', '40', 26),
(810023104013, 'DIVYA K', '49', 29),
(810023104014, 'SARAVANAKUMAR P', '90', 35),
(810023104015, 'DEEPIKA A', '97', 35),
(810023104016, 'RAJESH S', '73', 37),
(810023104017, 'SHOBANA V', '90', 37),
(810023104018, 'SOWMIYA S', '79', 33),
(810023104019, 'MATHAN KUMAR G', '79', 33),
(810023104020, 'AKASH A', '51', 33),
(810023104021, 'VAITHEESHWARAN P', '81', 37),
(810023104022, 'ASIN T', '91', 37),
(810023104023, 'ASHOK RAJ A', '40', 34),
(810023104024, 'BALAMURUGAN K', '53', 35),
(810023104025, 'DEEPAK RAJ E', '65', 37),
(810023104026, 'GOMATHI S', '88', 34),
(810023104027, 'ARUVI V', '100', 37),
(810023104028, 'VIMAL RAJ J', '55', 31),
(810023104029, 'NIRMALKUMAR', '56', 32),
(810023104030, 'VIJAY V', '74', 37),
(810023104031, 'VAISHNAVI P', '93', 33),
(810023104032, 'MUTHAZHAGI P', '58', 37),
(810023104033, 'DHANALAKSHMI J', '57', 37),
(810023104034, 'GOKUL RAJAN T', '67', 35),
(810023104036, 'AYISHA H', '70', 37),
(810023104037, 'AKSHAYA S', '82', 33),
(810023104038, 'HARINI S', '69', 36),
(810023104039, 'INBAN V', '40', 28),
(810023104040, 'SARATHY V', '85', 33),
(810023104041, 'PUGAZHVADIVU E', '100', 37),
(810023104042, 'VEERAMANI S', '59', 37),
(810023104043, 'SNOW SELVA RAFIKA S', '100', 37),
(810023104044, 'MAHENDIRAN M', '76', 37),
(810023104045, 'MUTHAMIZHSELVI M', '86', 37),
(810023104046, 'MOHANADHARSHINI S', '59', 25),
(810023104047, 'DEEPANRAJA S', '97', 35),
(810023104048, 'KATHIRAVAN P', '98', 37),
(810023104049, 'SANGEETHA J', '69', 31),
(810023104050, 'MUGESHKUMAR M', '76', 35),
(810023104051, 'INDRA SANTHOSHI B', '87', 35),
(810023104052, 'RENUGA S', '80', 37),
(810023104053, 'HONIXA AFFRIN G A', '89', 37),
(810023104054, 'KELLTENA D', '75', 37),
(810023104055, 'WILMA ROSARY D', '95', 37),
(810023104056, 'RADHIKA R', '94', 34),
(810023104057, 'ROFEENA J', '89', 33),
(810023104058, 'MUTHURAJA P', '86', 35),
(810023104059, 'YOKESWARAN P', '56', 34),
(810023104060, 'RIFAYA PARVEEN S', '79', 35);

-- --------------------------------------------------------

--
-- Table structure for table `cseaph3151`
--

CREATE TABLE `cseaph3151` (
  `regno` bigint(20) DEFAULT NULL,
  `name` varchar(255) DEFAULT NULL,
  `ph3151_mark` varchar(11) DEFAULT NULL,
  `ph3151_attendance` int(11) DEFAULT NULL
) ENGINE=InnoDB DEFAULT CHARSET=utf8 COLLATE=utf8_unicode_ci;

--
-- Dumping data for table `cseaph3151`
--

INSERT INTO `cseaph3151` (`regno`, `name`, `ph3151_mark`, `ph3151_attendance`) VALUES
(810023104001, 'DARSNA S', '100', 34),
(810023104002, 'CHARLIN ASHINI A D', '100', 36),
(810023104003, 'SRINIDHI K', '98', 30),
(810023104004, 'ARUL JASMINE D', '99', 36),
(810023104005, 'SANTHIYA S', '100', 34),
(810023104006, 'ARUL JEBARAJ M', '98', 36),
(810023104007, 'YUVARANI S', '100', 35),
(810023104008, 'VISHNUPRIYA K', '100', 36),
(810023104009, 'MONISHA JENCY J', '100', 36),
(810023104010, 'NISHASRI A', '100', 36),
(810023104011, 'VIVEKANANDAN A', '99', 31),
(810023104012, 'SAKTHIVEL K', '93', 30),
(810023104013, 'DIVYA K', '98', 31),
(810023104014, 'SARAVANAKUMAR P', '98', 36),
(810023104015, 'DEEPIKA A', '99', 36),
(810023104016, 'RAJESH S', '99', 35),
(810023104017, 'SHOBANA V', '100', 35),
(810023104018, 'SOWMIYA S', '100', 31),
(810023104019, 'MATHAN KUMAR G', '94', 33),
(810023104020, 'AKASH A', '99', 30),
(810023104021, 'VAITHEESHWARAN P', '97', 35),
(810023104022, 'ASIN T', '99', 33),
(810023104023, 'ASHOK RAJ A', '98', 31),
(810023104024, 'BALAMURUGAN K', '98', 30),
(810023104025, 'DEEPAK RAJ E', '99', 34),
(810023104026, 'GOMATHI S', '99', 34),
(810023104027, 'ARUVI V', '100', 36),
(810023104028, 'VIMAL RAJ J', '96', 30),
(810023104029, 'NIRMALKUMAR', '97', 30),
(810023104030, 'VIJAY V', '100', 36),
(810023104031, 'VAISHNAVI P', '100', 35),
(810023104032, 'MUTHAZHAGI P', '100', 36),
(810023104033, 'DHANALAKSHMI J', '92', 32),
(810023104034, 'GOKUL RAJAN T', '98', 31),
(810023104036, 'AYISHA H', '90', 36),
(810023104037, 'AKSHAYA S', '98', 31),
(810023104038, 'HARINI S', '99', 36),
(810023104039, 'INBAN V', '95', 30),
(810023104040, 'SARATHY V', '92', 36),
(810023104041, 'PUGAZHVADIVU E', '100', 36),
(810023104042, 'VEERAMANI S', '99', 36),
(810023104043, 'SNOW SELVA RAFIKA S', '100', 35),
(810023104044, 'MAHENDIRAN M', '99', 36),
(810023104045, 'MUTHAMIZHSELVI M', '98', 35),
(810023104046, 'MOHANADHARSHINI S', '50', 30),
(810023104047, 'DEEPANRAJA S', '97', 30),
(810023104048, 'KATHIRAVAN P', '99', 34),
(810023104049, 'SANGEETHA J', '95', 30),
(810023104050, 'MUGESHKUMAR M', '98', 36),
(810023104051, 'INDRA SANTHOSHI B', '100', 36),
(810023104052, 'RENUGA S', '97', 36),
(810023104053, 'HONIXA AFFRIN G A', '100', 35),
(810023104054, 'KELLTENA D', '99', 35),
(810023104055, 'WILMA ROSARY D', '100', 35),
(810023104056, 'RADHIKA R', '100', 31),
(810023104057, 'ROFEENA J', '100', 34),
(810023104058, 'MUTHURAJA P', '94', 34),
(810023104059, 'YOKESWARAN P', '96', 30),
(810023104060, 'RIFAYA PARVEEN S', '100', 34);

-- --------------------------------------------------------

--
-- Table structure for table `csebcy3151`
--

CREATE TABLE `csebcy3151` (
  `regno` bigint(20) DEFAULT NULL,
  `name` varchar(255) DEFAULT NULL,
  `cy3151_mark` varchar(11) DEFAULT NULL,
  `cy3151_attendance` int(11) DEFAULT NULL
) ENGINE=InnoDB DEFAULT CHARSET=utf8 COLLATE=utf8_unicode_ci;

-- --------------------------------------------------------

--
-- Table structure for table `csebge3151`
--

CREATE TABLE `csebge3151` (
  `regno` bigint(20) DEFAULT NULL,
  `name` varchar(255) DEFAULT NULL,
  `ge3151_mark` varchar(11) DEFAULT NULL,
  `ge3151_attendance` int(11) DEFAULT NULL
) ENGINE=InnoDB DEFAULT CHARSET=utf8mb4 COLLATE=utf8mb4_general_ci;

-- --------------------------------------------------------

--
-- Table structure for table `csebge3152`
--

CREATE TABLE `csebge3152` (
  `regno` bigint(20) DEFAULT NULL,
  `name` varchar(255) DEFAULT NULL,
  `ge3152_mark` varchar(11) DEFAULT NULL,
  `ge3152_attendance` int(11) DEFAULT NULL
) ENGINE=InnoDB DEFAULT CHARSET=utf8 COLLATE=utf8_unicode_ci;

--
-- Dumping data for table `csebge3152`
--

INSERT INTO `csebge3152` (`regno`, `name`, `ge3152_mark`, `ge3152_attendance`) VALUES
(810023104061, 'ANNE JAISI KIRUBA R', '82', 7),
(810023104062, 'JAINULABUDEEN K', '73', 6),
(810023104063, 'GURUBARATH S', '84', 7),
(810023104064, 'RUBY MARY AMARAVATHY A', '81', 7),
(810023104065, 'SANGEETHA S', '77', 7),
(810023104066, 'LASIMA V', '82', 7),
(810023104067, 'MARIESWARAN K', '71', 7),
(810023104068, 'SUMITHRA R', '77', 7),
(810023104069, 'MUHAMMAD ZAAFIR M', '70', 7),
(810023104070, 'KISHAN DOSS R', '55', 7),
(810023104071, 'BALAJI M', '61', 6),
(810023104072, 'THAMIZH EZHILAN T', '71', 7),
(810023104073, 'MAGESHWARAN O', '70', 7),
(810023104074, 'GOWTHAM S', '78', 7),
(810023104075, 'DHARINI D', '92', 6),
(810023104076, 'SURAJ SIVA R', '67', 7),
(810023104077, 'LATCHAYA S', '80', 7),
(810023104078, 'ARUNPRASAD A S', '75', 7),
(810023104079, 'MADHANKUMAR O V', '77', 7),
(810023104080, 'POONGODI S', '70', 7),
(810023104081, 'SOBIYA A', '85', 7),
(810023104082, 'ARUNA S', '69', 7),
(810023104083, 'ASHIKA H', '67', 7),
(810023104084, 'KADIVA THERASAL MARY S', '86', 7),
(810023104085, 'VIJAYALAKSHMI M', '55', 7),
(810023104086, 'THOLKAPPIYAN G', '60', 6),
(810023104087, 'AISHWARYA V', '88', 7),
(810023104088, 'SIDHARTH M', '72', 7),
(810023104089, 'SHOBIKA B', '71', 6),
(810023104090, 'PRAVEEN BALAJI S', 'AB', 0),
(810023104092, 'ADITHYA T', '71', 7),
(810023104093, 'SAKTHIVEL S', '45', 7),
(810023104094, 'MAHA SHREE R', '62', 7),
(810023104095, 'SAFRIN SHIFA I', '90', 7),
(810023104096, 'GUNABALAJI G', '68', 7),
(810023104097, 'DEEPIKA T', '82', 7),
(810023104098, 'NISHANTHINI S', '77', 7),
(810023104099, 'KAVIYA K', '76', 7),
(810023104100, 'SELSIYA K', '82', 7),
(810023104101, 'ARIVU SELVAN R', '62', 7),
(810023104102, 'VIGNESHWARAN C', '57', 7),
(810023104103, 'SELVA J', '50', 7),
(810023104104, 'DIVYA R', '71', 7),
(810023104105, 'VISHVA P', '47', 7),
(810023104106, 'HARISH M', '44', 6),
(810023104107, 'KIRUBAKARAN B', '69', 7),
(810023104108, 'VISHWANATH R', '72', 6),
(810023104109, 'MANOJITHAN R', '66', 7),
(810023104110, 'BHUVANESH', '52', 7),
(810023104111, 'KABILDHARSHAN S', '66', 7),
(810023104112, 'PRATHAP A', '81', 7),
(810023104113, 'BHAVANA V', '76', 7),
(810023104114, 'KALAI VANI S', '71', 7),
(810023104115, 'GOKUL T P', '88', 7),
(810023104116, 'REVATHI K', 'AB', 4),
(810023104117, 'ASWINI R', '71', 7),
(810023104118, 'THIRISHALA M', '82', 7),
(810023104119, 'RITHICK MENON M', '75', 6);

-- --------------------------------------------------------

--
-- Table structure for table `csebhs3152`
--

CREATE TABLE `csebhs3152` (
  `regno` bigint(20) DEFAULT NULL,
  `name` varchar(255) DEFAULT NULL,
  `hs3152_mark` varchar(11) DEFAULT NULL,
  `hs3152_attendance` int(11) DEFAULT NULL
) ENGINE=InnoDB DEFAULT CHARSET=utf8 COLLATE=utf8_unicode_ci;

--
-- Dumping data for table `csebhs3152`
--

INSERT INTO `csebhs3152` (`regno`, `name`, `hs3152_mark`, `hs3152_attendance`) VALUES
(810023104061, 'ANNE JAISI KIRUBA R', '91', 21),
(810023104062, 'JAINULABUDEEN K', '63', 19),
(810023104063, 'GURUBARATH S', '69', 19),
(810023104064, 'RUBY MARY AMARAVATHY A', '77', 18),
(810023104065, 'SANGEETHA S', '69', 20),
(810023104066, 'LASIMA V', '76', 21),
(810023104067, 'MARIESWARAN K', '67', 20),
(810023104068, 'SUMITHRA R', '70', 21),
(810023104069, 'MUHAMMAD ZAAFIR M', '76', 21),
(810023104070, 'KISHAN DOSS R', '73', 21),
(810023104071, 'BALAJI M', '65', 18),
(810023104072, 'THAMIZH EZHILAN T', '77', 21),
(810023104073, 'MAGESHWARAN O', '70', 20),
(810023104074, 'GOWTHAM S', '90', 19),
(810023104075, 'DHARINI D', '76', 19),
(810023104076, 'SURAJ SIVA R', '84', 21),
(810023104077, 'LATCHAYA S', '66', 20),
(810023104078, 'ARUNPRASAD A S', '78', 18),
(810023104079, 'MADHANKUMAR O V', '79', 21),
(810023104080, 'POONGODI S', '77', 21),
(810023104081, 'SOBIYA A', '70', 20),
(810023104082, 'ARUNA S', '70', 21),
(810023104083, 'ASHIKA H', '87', 19),
(810023104084, 'KADIVA THERASAL MARY S', '77', 21),
(810023104085, 'VIJAYALAKSHMI M', '80', 21),
(810023104086, 'THOLKAPPIYAN G', '68', 15),
(810023104087, 'AISHWARYA V', '72', 19),
(810023104088, 'SIDHARTH M', '86', 20),
(810023104089, 'SHOBIKA B', '88', 18),
(810023104090, 'PRAVEEN BALAJI S', 'AB', 0),
(810023104092, 'ADITHYA T', '69', 16),
(810023104093, 'SAKTHIVEL S', '48', 16),
(810023104094, 'MAHA SHREE R', '78', 20),
(810023104095, 'SAFRIN SHIFA I', '86', 21),
(810023104096, 'GUNABALAJI G', '64', 21),
(810023104097, 'DEEPIKA T', '65', 20),
(810023104098, 'NISHANTHINI S', '80', 21),
(810023104099, 'KAVIYA K', '81', 20),
(810023104100, 'SELSIYA K', '83', 21),
(810023104101, 'ARIVU SELVAN R', '65', 21),
(810023104102, 'VIGNESHWARAN C', '71', 19),
(810023104103, 'SELVA J', '81', 20),
(810023104104, 'DIVYA R', '88', 21),
(810023104105, 'VISHVA P', '67', 11),
(810023104106, 'HARISH M', '52', 15),
(810023104107, 'KIRUBAKARAN B', '68', 19),
(810023104108, 'VISHWANATH R', '66', 18),
(810023104109, 'MANOJITHAN R', '44', 11),
(810023104110, 'BHUVANESH', '49', 16),
(810023104111, 'KABILDHARSHAN S', '52', 16),
(810023104112, 'PRATHAP A', '74', 17),
(810023104113, 'BHAVANA V', '80', 19),
(810023104114, 'KALAI VANI S', '74', 19),
(810023104115, 'GOKUL T P', '93', 19),
(810023104116, 'REVATHI K', 'AB', 11),
(810023104117, 'ASWINI R', '64', 20),
(810023104118, 'THIRISHALA M', '66', 20),
(810023104119, 'RITHICK MENON M', '74', 19);

-- --------------------------------------------------------

--
-- Table structure for table `csebma3151`
--

CREATE TABLE `csebma3151` (
  `regno` bigint(20) DEFAULT NULL,
  `name` varchar(255) DEFAULT NULL,
  `ma3151_mark` varchar(11) DEFAULT NULL,
  `ma3151_attendance` int(11) DEFAULT NULL
) ENGINE=InnoDB DEFAULT CHARSET=utf8 COLLATE=utf8_unicode_ci;

--
-- Dumping data for table `csebma3151`
--

INSERT INTO `csebma3151` (`regno`, `name`, `ma3151_mark`, `ma3151_attendance`) VALUES
(810023104061, 'ANNE JAISI KIRUBA R', '94', 33),
(810023104062, 'JAINULABUDEEN K', '76', 32),
(810023104063, 'GURUBARATH S', '66', 33),
(810023104064, 'RUBY MARY AMARAVATHY A', '66', 31),
(810023104065, 'SANGEETHA S', '70', 33),
(810023104066, 'LASIMA V', '69', 32),
(810023104067, 'MARIESWARAN K', '70', 31),
(810023104068, 'SUMITHRA R', '69', 33),
(810023104069, 'MUHAMMAD ZAAFIR M', '81', 33),
(810023104070, 'KISHAN DOSS R', '86', 33),
(810023104071, 'BALAJI M', '66', 31),
(810023104072, 'THAMIZH EZHILAN T', '82', 33),
(810023104073, 'MAGESHWARAN O', '66', 31),
(810023104074, 'GOWTHAM S', '85', 32),
(810023104075, 'DHARINI D', '69', 33),
(810023104076, 'SURAJ SIVA R', '66', 33),
(810023104077, 'LATCHAYA S', '71', 33),
(810023104078, 'ARUNPRASAD A S', '66', 33),
(810023104079, 'MADHANKUMAR O V', '66', 32),
(810023104080, 'POONGODI S', '66', 32),
(810023104081, 'SOBIYA A', '82', 33),
(810023104082, 'ARUNA S', '80', 32),
(810023104083, 'ASHIKA H', '73', 32),
(810023104084, 'KADIVA THERASAL MARY S', '74', 33),
(810023104085, 'VIJAYALAKSHMI M', '90', 33),
(810023104086, 'THOLKAPPIYAN G', '66', 28),
(810023104087, 'AISHWARYA V', '66', 33),
(810023104088, 'SIDHARTH M', '69', 33),
(810023104089, 'SHOBIKA B', '82', 32),
(810023104090, 'PRAVEEN BALAJI S', 'Absent', 0),
(810023104092, 'ADITHYA T', '66', 21),
(810023104093, 'SAKTHIVEL S', '66', 26),
(810023104094, 'MAHA SHREE R', '82', 32),
(810023104095, 'SAFRIN SHIFA I', '79', 33),
(810023104096, 'GUNABALAJI G', '66', 32),
(810023104097, 'DEEPIKA T', '66', 33),
(810023104098, 'NISHANTHINI S', '78', 33),
(810023104099, 'KAVIYA K', '66', 33),
(810023104100, 'SELSIYA K', '86', 33),
(810023104101, 'ARIVU SELVAN R', '66', 32),
(810023104102, 'VIGNESHWARAN C', '70', 31),
(810023104103, 'SELVA J', '66', 32),
(810023104104, 'DIVYA R', '98', 33),
(810023104105, 'VISHVA P', '66', 27),
(810023104106, 'HARISH M', '66', 28),
(810023104107, 'KIRUBAKARAN B', '66', 32),
(810023104108, 'VISHWANATH R', '71', 33),
(810023104109, 'MANOJITHAN R', '66', 24),
(810023104110, 'BHUVANESH', '66', 27),
(810023104111, 'KABILDHARSHAN S', '66', 26),
(810023104112, 'PRATHAP A', '71', 32),
(810023104113, 'BHAVANA V', '78', 33),
(810023104114, 'KALAI VANI S', '66', 30),
(810023104115, 'GOKUL T P', '95', 31),
(810023104116, 'REVATHI K', 'Absent', 15),
(810023104117, 'ASWINI R', '66', 32),
(810023104118, 'THIRISHALA M', '66', 33),
(810023104119, 'RITHICK MENON M', '66', 31);

-- --------------------------------------------------------

--
-- Table structure for table `csebph3151`
--

CREATE TABLE `csebph3151` (
  `regno` bigint(20) DEFAULT NULL,
  `name` varchar(255) DEFAULT NULL,
  `ph3151_mark` varchar(11) DEFAULT NULL,
  `ph3151_attendance` int(11) DEFAULT NULL
) ENGINE=InnoDB DEFAULT CHARSET=utf8 COLLATE=utf8_unicode_ci;

--
-- Dumping data for table `csebph3151`
--

INSERT INTO `csebph3151` (`regno`, `name`, `ph3151_mark`, `ph3151_attendance`) VALUES
(810023104061, 'ANNE JAISI KIRUBA R', '100', 36),
(810023104062, 'JAINULABUDEEN K', '96', 33),
(810023104063, 'GURUBARATH S', '100', 30),
(810023104064, 'RUBY MARY AMARAVATHY A', '91', 32),
(810023104065, 'SANGEETHA S', '95', 36),
(810023104066, 'LASIMA V', '94', 35),
(810023104067, 'MARIESWARAN K', '94', 30),
(810023104068, 'SUMITHRA R', '100', 36),
(810023104069, 'MUHAMMAD ZAAFIR M', '97', 36),
(810023104070, 'KISHAN DOSS R', '93', 36),
(810023104071, 'BALAJI M', '98', 30),
(810023104072, 'THAMIZH EZHILAN T', '98', 36),
(810023104073, 'MAGESHWARAN O', '92', 30),
(810023104074, 'GOWTHAM S', '98', 33),
(810023104075, 'DHARINI D', '99', 36),
(810023104076, 'SURAJ SIVA R', '96', 35),
(810023104077, 'LATCHAYA S', '92', 36),
(810023104078, 'ARUNPRASAD A S', '91', 33),
(810023104079, 'MADHANKUMAR O V', '95', 33),
(810023104080, 'POONGODI S', '99', 33),
(810023104081, 'SOBIYA A', '100', 36),
(810023104082, 'ARUNA S', '95', 30),
(810023104083, 'ASHIKA H', '90', 32),
(810023104084, 'KADIVA THERASAL MARY S', '100', 36),
(810023104085, 'VIJAYALAKSHMI M', '98', 36),
(810023104086, 'THOLKAPPIYAN G', '96', 30),
(810023104087, 'AISHWARYA V', '92', 33),
(810023104088, 'SIDHARTH M', '97', 34),
(810023104089, 'SHOBIKA B', '100', 32),
(810023104090, 'PRAVEEN BALAJI S', 'AB', 0),
(810023104092, 'ADITHYA T', '99', 30),
(810023104093, 'SAKTHIVEL S', '90', 30),
(810023104094, 'MAHA SHREE R', '100', 34),
(810023104095, 'SAFRIN SHIFA I', '100', 36),
(810023104096, 'GUNABALAJI G', '91', 34),
(810023104097, 'DEEPIKA T', '100', 34),
(810023104098, 'NISHANTHINI S', '93', 36),
(810023104099, 'KAVIYA K', '97', 34),
(810023104100, 'SELSIYA K', '100', 34),
(810023104101, 'ARIVU SELVAN R', '95', 35),
(810023104102, 'VIGNESHWARAN C', '92', 31),
(810023104103, 'SELVA J', '98', 30),
(810023104104, 'DIVYA R', '95', 36),
(810023104105, 'VISHVA P', '95', 30),
(810023104106, 'HARISH M', '93', 30),
(810023104107, 'KIRUBAKARAN B', '97', 30),
(810023104108, 'VISHWANATH R', '100', 33),
(810023104109, 'MANOJITHAN R', '93', 30),
(810023104110, 'BHUVANESH', '94', 30),
(810023104111, 'KABILDHARSHAN S', '96', 30),
(810023104112, 'PRATHAP A', '95', 33),
(810023104113, 'BHAVANA V', '100', 36),
(810023104114, 'KALAI VANI S', '100', 32),
(810023104115, 'GOKUL T P', '97', 33),
(810023104116, 'REVATHI K', 'AB', 0),
(810023104117, 'ASWINI R', '99', 36),
(810023104118, 'THIRISHALA M', '99', 36),
(810023104119, 'RITHICK MENON M', '91', 32);

-- --------------------------------------------------------

--
-- Table structure for table `eceacy3151`
--

CREATE TABLE `eceacy3151` (
  `regno` bigint(20) DEFAULT NULL,
  `name` varchar(255) DEFAULT NULL,
  `cy3151_mark` varchar(11) DEFAULT NULL,
  `cy3151_attendance` int(11) DEFAULT NULL
) ENGINE=InnoDB DEFAULT CHARSET=utf8 COLLATE=utf8_unicode_ci;

--
-- Dumping data for table `eceacy3151`
--

INSERT INTO `eceacy3151` (`regno`, `name`, `cy3151_mark`, `cy3151_attendance`) VALUES
(810023106001, 'DEVISRI P', '79', 24),
(810023106002, 'MADHAVAN S', '81', 28),
(810023106003, 'SHAFANA YASMIN K', '91', 26),
(810023106004, 'SARANYA G', '82', 27),
(810023106006, 'SARAVANAN A', '65', 24),
(810023106008, 'SANTHOSH KUMAR A', '81', 25),
(810023106009, 'BALAJI V', '95', 26),
(810023106010, 'NIVETHA K', '82', 28),
(810023106011, 'UMAR H', '68', 26),
(810023106012, 'NAVAMALIKA B', '91', 26),
(810023106013, 'AMARNATH P', '87', 28),
(810023106014, 'KAVINESAN M', '79', 25),
(810023106015, 'VIJAYAKUMARI D', '72', 26),
(810023106016, 'VIGNESHWARI A', '87', 26),
(810023106017, 'AMIRTHAMBIKA R', '93', 28),
(810023106018, 'RENUKA K', '68', 25),
(810023106019, 'GOWTHAM R', '65', 25),
(810023106020, 'CHARULATHA B', '69', 24),
(810023106021, 'KRISHNARAJ M', '63', 28),
(810023106022, 'PRIYADHARSHINI B', '60', 28),
(810023106023, 'AKASH A', '67', 25),
(810023106024, 'RAJIV K', '61', 24),
(810023106025, 'SRI LAKSHMI R', '87', 27),
(810023106026, 'LAVANAYA K', '81', 28),
(810023106027, 'SONIYA T', '88', 22),
(810023106028, 'VEDHACHALAM K', '89', 28),
(810023106029, 'KANISHKA S', '63', 26),
(810023106030, 'VENKATESH H', '83', 27),
(810023106031, 'KAVI KUMAR K', '86', 20),
(810023106032, 'VIDHUBALA K', '85', 27),
(810023106033, 'ANBUSELVAN A', '68', 26),
(810023106034, 'ARCHANA M', '83', 24),
(810023106035, 'RITHISH B', '88', 26),
(810023106036, 'DHARSHINI P S', '91', 27),
(810023106037, 'ASIYA T', '72', 27),
(810023106038, 'IRFAN T SHADIL', '77', 25),
(810023106039, 'DAYANITHI C', '69', 25),
(810023106040, 'YUVARAJ T', '71', 24),
(810023106041, 'VANCHINATHAN S S', '70', 28),
(810023106042, 'DEVIBALA K', '86', 25),
(810023106043, 'HARINI B', '84', 25),
(810023106044, 'DHUVARIKA S', '72', 24),
(810023106045, 'AKALYA M', '92', 28),
(810023106046, 'PON KARTHIKA V', '77', 25),
(810023106047, 'DIVYASRI S', '70', 15),
(810023106048, 'KESHAV VIJAYAN K R', '86', 26),
(810023106049, 'KEERTHIKA S', '78', 25),
(810023106050, 'SURYA S', '92', 25),
(810023106051, 'NISHANTHI S V', '75', 27),
(810023106052, 'SIVARAMAN K', '84', 24),
(810023106053, 'SARANYA A', '76', 26),
(810023106054, 'KALAIYARASAN V', '60', 20),
(810023106055, 'RAJESHWARI P', '64', 24),
(810023106056, 'KARTHIKEYAN S', '73', 23),
(810023106057, 'MENAKA M', '85', 26),
(810023106058, 'LAKSHMI PRABHA M', '95', 25);

-- --------------------------------------------------------

--
-- Table structure for table `eceage3151`
--

CREATE TABLE `eceage3151` (
  `regno` bigint(20) DEFAULT NULL,
  `name` varchar(255) DEFAULT NULL,
  `ge3151_mark` varchar(11) DEFAULT NULL,
  `ge3151_attendance` int(11) DEFAULT NULL
) ENGINE=InnoDB DEFAULT CHARSET=utf8 COLLATE=utf8_unicode_ci;

--
-- Dumping data for table `eceage3151`
--

INSERT INTO `eceage3151` (`regno`, `name`, `ge3151_mark`, `ge3151_attendance`) VALUES
(810023106001, 'DEVISRI P', '80', 15),
(810023106002, 'MADHAVAN S', '78', 16),
(810023106003, 'SHAFANA YASMIN K', '90', 15),
(810023106004, 'SARANYA G', '91', 15),
(810023106006, 'SARAVANAN A', '70', 14),
(810023106008, 'SANTHOSH KUMAR A', '75', 15),
(810023106009, 'BALAJI V', '93', 14),
(810023106010, 'NIVETHA K', '80', 16),
(810023106011, 'UMAR H', '81', 16),
(810023106012, 'NAVAMALIKA B', '94', 16),
(810023106013, 'AMARNATH P', '92', 16),
(810023106014, 'KAVINESAN M', '81', 15),
(810023106015, 'VIJAYAKUMARI D', '92', 15),
(810023106016, 'VIGNESHWARI A', '93', 16),
(810023106017, 'AMIRTHAMBIKA R', '93', 16),
(810023106018, 'RENUKA K', '80', 13),
(810023106019, 'GOWTHAM R', '82', 14),
(810023106020, 'CHARULATHA B', '83', 14),
(810023106021, 'KRISHNARAJ M', '88', 16),
(810023106022, 'PRIYADHARSHINI B', '73', 16),
(810023106023, 'AKASH A', '78', 14),
(810023106024, 'RAJIV K', '80', 14),
(810023106025, 'SRI LAKSHMI R', '83', 15),
(810023106026, 'LAVANAYA K', '85', 16),
(810023106027, 'SONIYA T', '93', 13),
(810023106028, 'VEDHACHALAM K', '84', 16),
(810023106029, 'KANISHKA S', '92', 16),
(810023106030, 'VENKATESH H', '93', 15),
(810023106031, 'KAVI KUMAR K', '93', 14),
(810023106032, 'VIDHUBALA K', '94', 15),
(810023106033, 'ANBUSELVAN A', '70', 16),
(810023106034, 'ARCHANA M', '90', 15),
(810023106035, 'RITHISH B', '95', 16),
(810023106036, 'DHARSHINI P S', '94', 14),
(810023106037, 'ASIYA T', '87', 16),
(810023106038, 'IRFAN T SHADIL', '81', 15),
(810023106039, 'DAYANITHI C', '80', 15),
(810023106040, 'YUVARAJ T', '85', 14),
(810023106041, 'VANCHINATHAN S S', '97', 16),
(810023106042, 'DEVIBALA K', '91', 13),
(810023106043, 'HARINI B', '80', 14),
(810023106044, 'DHUVARIKA S', '82', 14),
(810023106045, 'AKALYA M', '95', 16),
(810023106046, 'PON KARTHIKA V', '88', 15),
(810023106047, 'DIVYASRI S', '61', 10),
(810023106048, 'KESHAV VIJAYAN K R', '93', 14),
(810023106049, 'KEERTHIKA S', '95', 13),
(810023106050, 'SURYA S', '94', 15),
(810023106051, 'NISHANTHI S V', '92', 15),
(810023106052, 'SIVARAMAN K', '85', 14),
(810023106053, 'SARANYA A', '88', 16),
(810023106054, 'KALAIYARASAN V', '70', 14),
(810023106055, 'RAJESHWARI P', '92', 14),
(810023106056, 'KARTHIKEYAN S', '76', 14),
(810023106057, 'MENAKA M', '90', 16),
(810023106058, 'LAKSHMI PRABHA M', '84', 15);

-- --------------------------------------------------------

--
-- Table structure for table `eceage3152`
--

CREATE TABLE `eceage3152` (
  `regno` bigint(20) DEFAULT NULL,
  `name` varchar(255) DEFAULT NULL,
  `ge3152_mark` varchar(11) DEFAULT NULL,
  `ge3152_attendance` int(11) DEFAULT NULL
) ENGINE=InnoDB DEFAULT CHARSET=utf8 COLLATE=utf8_unicode_ci;

--
-- Dumping data for table `eceage3152`
--

INSERT INTO `eceage3152` (`regno`, `name`, `ge3152_mark`, `ge3152_attendance`) VALUES
(810023106001, 'DEVISRI P', '81', 8),
(810023106002, 'MADHAVAN S', '74', 9),
(810023106003, 'SHAFANA YASMIN K', '86', 8),
(810023106004, 'SARANYA G', '81', 8),
(810023106006, 'SARAVANAN A', '52', 6),
(810023106008, 'SANTHOSH KUMAR A', '61', 8),
(810023106009, 'BALAJI V', '86', 8),
(810023106010, 'NIVETHA K', '71', 9),
(810023106011, 'UMAR H', '65', 9),
(810023106012, 'NAVAMALIKA B', '87', 9),
(810023106013, 'AMARNATH P', '71', 9),
(810023106014, 'KAVINESAN M', '58', 8),
(810023106015, 'VIJAYAKUMARI D', '70', 8),
(810023106016, 'VIGNESHWARI A', '76', 9),
(810023106017, 'AMIRTHAMBIKA R', '82', 9),
(810023106018, 'RENUKA K', '67', 8),
(810023106019, 'GOWTHAM R', '53', 8),
(810023106020, 'CHARULATHA B', '60', 8),
(810023106021, 'KRISHNARAJ M', '33', 9),
(810023106022, 'PRIYADHARSHINI B', '73', 9),
(810023106023, 'AKASH A', '67', 8),
(810023106024, 'RAJIV K', '70', 8),
(810023106025, 'SRI LAKSHMI R', '71', 8),
(810023106026, 'LAVANAYA K', '71', 9),
(810023106027, 'SONIYA T', '75', 8),
(810023106028, 'VEDHACHALAM K', '61', 9),
(810023106029, 'KANISHKA S', '90', 9),
(810023106030, 'VENKATESH H', '78', 8),
(810023106031, 'KAVI KUMAR K', '73', 7),
(810023106032, 'VIDHUBALA K', '78', 9),
(810023106033, 'ANBUSELVAN A', '60', 9),
(810023106034, 'ARCHANA M', '74', 9),
(810023106035, 'RITHISH B', '70', 9),
(810023106036, 'DHARSHINI P S', '72', 7),
(810023106037, 'ASIYA T', '73', 9),
(810023106038, 'IRFAN T SHADIL', '67', 8),
(810023106039, 'DAYANITHI C', '63', 9),
(810023106040, 'YUVARAJ T', '70', 8),
(810023106041, 'VANCHINATHAN S S', '61', 9),
(810023106042, 'DEVIBALA K', '78', 6),
(810023106043, 'HARINI B', '71', 8),
(810023106044, 'DHUVARIKA S', '59', 7),
(810023106045, 'AKALYA M', '90', 9),
(810023106046, 'PON KARTHIKA V', '15', 9),
(810023106047, 'DIVYASRI S', '17', 5),
(810023106048, 'KESHAV VIJAYAN K R', '88', 7),
(810023106049, 'KEERTHIKA S', '68', 8),
(810023106050, 'SURYA S', '87', 8),
(810023106051, 'NISHANTHI S V', '76', 8),
(810023106052, 'SIVARAMAN K', '68', 7),
(810023106053, 'SARANYA A', '65', 9),
(810023106054, 'KALAIYARASAN V', '51', 8),
(810023106055, 'RAJESHWARI P', '62', 8),
(810023106056, 'KARTHIKEYAN S', '57', 7),
(810023106057, 'MENAKA M', '72', 9),
(810023106058, 'LAKSHMI PRABHA M', '84', 8);

-- --------------------------------------------------------

--
-- Table structure for table `eceahs3152`
--

CREATE TABLE `eceahs3152` (
  `regno` bigint(20) DEFAULT NULL,
  `name` varchar(255) DEFAULT NULL,
  `hs3152_mark` varchar(11) DEFAULT NULL,
  `hs3152_attendance` int(11) DEFAULT NULL
) ENGINE=InnoDB DEFAULT CHARSET=utf8 COLLATE=utf8_unicode_ci;

--
-- Dumping data for table `eceahs3152`
--

INSERT INTO `eceahs3152` (`regno`, `name`, `hs3152_mark`, `hs3152_attendance`) VALUES
(810023106001, 'DEVISRI P', '84', 19),
(810023106002, 'MADHAVAN S', '80', 21),
(810023106003, 'SHAFANA YASMIN K', '80', 21),
(810023106004, 'SARANYA G', '83', 21),
(810023106006, 'SARAVANAN A', '60', 15),
(810023106008, 'SANTHOSH KUMAR A', '80', 19),
(810023106009, 'BALAJI V', '85', 21),
(810023106010, 'NIVETHA K', '86', 21),
(810023106011, 'UMAR H', '81', 20),
(810023106012, 'NAVAMALIKA B', '83', 20),
(810023106013, 'AMARNATH P', '89', 21),
(810023106014, 'KAVINESAN M', '75', 18),
(810023106015, 'VIJAYAKUMARI D', '73', 20),
(810023106016, 'VIGNESHWARI A', '81', 19),
(810023106017, 'AMIRTHAMBIKA R', '80', 20),
(810023106018, 'RENUKA K', '80', 18),
(810023106019, 'GOWTHAM R', '84', 17),
(810023106020, 'CHARULATHA B', '81', 20),
(810023106021, 'KRISHNARAJ M', '84', 20),
(810023106022, 'PRIYADHARSHINI B', '70', 19),
(810023106023, 'AKASH A', '65', 20),
(810023106024, 'RAJIV K', '65', 16),
(810023106025, 'SRI LAKSHMI R', '84', 21),
(810023106026, 'LAVANAYA K', '77', 21),
(810023106027, 'SONIYA T', '86', 17),
(810023106028, 'VEDHACHALAM K', '81', 21),
(810023106029, 'KANISHKA S', '80', 20),
(810023106030, 'VENKATESH H', '77', 20),
(810023106031, 'KAVI KUMAR K', '81', 16),
(810023106032, 'VIDHUBALA K', '82', 18),
(810023106033, 'ANBUSELVAN A', '81', 20),
(810023106034, 'ARCHANA M', '84', 17),
(810023106035, 'RITHISH B', '85', 18),
(810023106036, 'DHARSHINI P S', '90', 20),
(810023106037, 'ASIYA T', '83', 21),
(810023106038, 'IRFAN T SHADIL', '80', 17),
(810023106039, 'DAYANITHI C', '75', 15),
(810023106040, 'YUVARAJ T', '86', 20),
(810023106041, 'VANCHINATHAN S S', '90', 21),
(810023106042, 'DEVIBALA K', '88', 19),
(810023106043, 'HARINI B', '86', 19),
(810023106044, 'DHUVARIKA S', '85', 18),
(810023106045, 'AKALYA M', '89', 18),
(810023106046, 'PON KARTHIKA V', '83', 19),
(810023106047, 'DIVYASRI S', '71', 15),
(810023106048, 'KESHAV VIJAYAN K R', '81', 21),
(810023106049, 'KEERTHIKA S', '77', 20),
(810023106050, 'SURYA S', '81', 20),
(810023106051, 'NISHANTHI S V', '84', 21),
(810023106052, 'SIVARAMAN K', '80', 13),
(810023106053, 'SARANYA A', '80', 19),
(810023106054, 'KALAIYARASAN V', '69', 16),
(810023106055, 'RAJESHWARI P', '71', 19),
(810023106056, 'KARTHIKEYAN S', '80', 18),
(810023106057, 'MENAKA M', '88', 21),
(810023106058, 'LAKSHMI PRABHA M', '85', 20);

-- --------------------------------------------------------

--
-- Table structure for table `eceama3151`
--

CREATE TABLE `eceama3151` (
  `regno` bigint(20) DEFAULT NULL,
  `name` varchar(255) DEFAULT NULL,
  `ma3151_mark` varchar(11) DEFAULT NULL,
  `ma3151_attendance` int(11) DEFAULT NULL
) ENGINE=InnoDB DEFAULT CHARSET=utf8 COLLATE=utf8_unicode_ci;

--
-- Dumping data for table `eceama3151`
--

INSERT INTO `eceama3151` (`regno`, `name`, `ma3151_mark`, `ma3151_attendance`) VALUES
(810023106001, 'DEVISRI P', '92', 25),
(810023106002, 'MADHAVAN S', '84', 26),
(810023106003, 'SHAFANA YASMIN K', '87', 26),
(810023106004, 'SARANYA G', '82', 26),
(810023106006, 'SARAVANAN A', '52', 24),
(810023106008, 'SANTHOSH KUMAR A', '60', 25),
(810023106009, 'BALAJI V', '90', 25),
(810023106010, 'NIVETHA K', '91', 26),
(810023106011, 'UMAR H', '72', 26),
(810023106012, 'NAVAMALIKA B', '83', 26),
(810023106013, 'AMARNATH P', '90', 26),
(810023106014, 'KAVINESAN M', '64', 25),
(810023106015, 'VIJAYAKUMARI D', '79', 25),
(810023106016, 'VIGNESHWARI A', '91', 24),
(810023106017, 'AMIRTHAMBIKA R', '83', 26),
(810023106018, 'RENUKA K', '87', 25),
(810023106019, 'GOWTHAM R', '75', 24),
(810023106020, 'CHARULATHA B', '70', 26),
(810023106021, 'KRISHNARAJ M', '70', 26),
(810023106022, 'PRIYADHARSHINI B', '65', 26),
(810023106023, 'AKASH A', '57', 26),
(810023106024, 'RAJIV K', '48', 23),
(810023106025, 'SRI LAKSHMI R', '76', 26),
(810023106026, 'LAVANAYA K', '86', 26),
(810023106027, 'SONIYA T', '99', 23),
(810023106028, 'VEDHACHALAM K', '65', 26),
(810023106029, 'KANISHKA S', '82', 26),
(810023106030, 'VENKATESH H', '100', 26),
(810023106031, 'KAVI KUMAR K', '85', 24),
(810023106032, 'VIDHUBALA K', '88', 25),
(810023106033, 'ANBUSELVAN A', '78', 25),
(810023106034, 'ARCHANA M', '71', 25),
(810023106035, 'RITHISH B', '87', 26),
(810023106036, 'DHARSHINI P S', '78', 25),
(810023106037, 'ASIYA T', '70', 26),
(810023106038, 'IRFAN T SHADIL', '91', 26),
(810023106039, 'DAYANITHI C', '92', 25),
(810023106040, 'YUVARAJ T', '90', 25),
(810023106041, 'VANCHINATHAN S S', '81', 26),
(810023106042, 'DEVIBALA K', '83', 23),
(810023106043, 'HARINI B', '76', 26),
(810023106044, 'DHUVARIKA S', '87', 25),
(810023106045, 'AKALYA M', '98', 26),
(810023106046, 'PON KARTHIKA V', '79', 25),
(810023106047, 'DIVYASRI S', '40', 22),
(810023106048, 'KESHAV VIJAYAN K R', '96', 25),
(810023106049, 'KEERTHIKA S', '88', 26),
(810023106050, 'SURYA S', '100', 26),
(810023106051, 'NISHANTHI S V', '56', 26),
(810023106052, 'SIVARAMAN K', '50', 25),
(810023106053, 'SARANYA A', '84', 25),
(810023106054, 'KALAIYARASAN V', '69', 24),
(810023106055, 'RAJESHWARI P', '73', 24),
(810023106056, 'KARTHIKEYAN S', '90', 25),
(810023106057, 'MENAKA M', '90', 26),
(810023106058, 'LAKSHMI PRABHA M', '78', 26);

-- --------------------------------------------------------

--
-- Table structure for table `eceaph3151`
--

CREATE TABLE `eceaph3151` (
  `regno` bigint(20) DEFAULT NULL,
  `name` varchar(255) DEFAULT NULL,
  `ph3151_mark` varchar(11) DEFAULT NULL,
  `ph3151_attendance` int(11) DEFAULT NULL
) ENGINE=InnoDB DEFAULT CHARSET=utf8 COLLATE=utf8_unicode_ci;

--
-- Dumping data for table `eceaph3151`
--

INSERT INTO `eceaph3151` (`regno`, `name`, `ph3151_mark`, `ph3151_attendance`) VALUES
(810023106001, 'DEVISRI P', '74 ', 23),
(810023106002, 'MADHAVAN S', '66 ', 23),
(810023106003, 'SHAFANA YASMIN K', '87 ', 23),
(810023106004, 'SARANYA G', '64', 23),
(810023106006, 'SARAVANAN A', '48', 18),
(810023106008, 'SANTHOSH KUMAR A', '48', 23),
(810023106009, 'BALAJI V', '90', 23),
(810023106010, 'NIVETHA K', '84', 23),
(810023106011, 'UMAR H', '53', 23),
(810023106012, 'NAVAMALIKA B', '73', 23),
(810023106013, 'AMARNATH P', '61', 23),
(810023106014, 'KAVINESAN M', '79', 23),
(810023106015, 'VIJAYAKUMARI D', '65', 23),
(810023106016, 'VIGNESHWARI A', '67', 21),
(810023106017, 'AMIRTHAMBIKA R', '71', 23),
(810023106018, 'RENUKA K', '71', 19),
(810023106019, 'GOWTHAM R', '52', 22),
(810023106020, 'CHARULATHA B', '60', 22),
(810023106021, 'KRISHNARAJ M', '60', 22),
(810023106022, 'PRIYADHARSHINI B', '61', 23),
(810023106023, 'AKASH A', '61', 22),
(810023106024, 'RAJIV K', '60', 20),
(810023106025, 'SRI LAKSHMI R', '72', 23),
(810023106026, 'LAVANAYA K', '71', 23),
(810023106027, 'SONIYA T', '79', 21),
(810023106028, 'VEDHACHALAM K', '53', 23),
(810023106029, 'KANISHKA S', '62', 23),
(810023106030, 'VENKATESH H', '72', 23),
(810023106031, 'KAVI KUMAR K', '75', 20),
(810023106032, 'VIDHUBALA K', '80', 22),
(810023106033, 'ANBUSELVAN A', '60', 23),
(810023106034, 'ARCHANA M', '67', 21),
(810023106035, 'RITHISH B', '67', 22),
(810023106036, 'DHARSHINI P S', '92', 23),
(810023106037, 'ASIYA T', '60', 22),
(810023106038, 'IRFAN T SHADIL', '71', 23),
(810023106039, 'DAYANITHI C', '51', 22),
(810023106040, 'YUVARAJ T', '66', 32),
(810023106041, 'VANCHINATHAN S S', '52', 23),
(810023106042, 'DEVIBALA K', '60', 21),
(810023106043, 'HARINI B', '75', 22),
(810023106044, 'DHUVARIKA S', '70', 32),
(810023106045, 'AKALYA M', '84', 23),
(810023106046, 'PON KARTHIKA V', '60', 22),
(810023106047, 'DIVYASRI S', '38', 18),
(810023106048, 'KESHAV VIJAYAN K R', '74', 21),
(810023106049, 'KEERTHIKA S', '75', 23),
(810023106050, 'SURYA S', '89', 23),
(810023106051, 'NISHANTHI S V', '82', 23),
(810023106052, 'SIVARAMAN K', '63', 22),
(810023106053, 'SARANYA A', '72', 23),
(810023106054, 'KALAIYARASAN V', '60', 20),
(810023106055, 'RAJESHWARI P', '66', 21),
(810023106056, 'KARTHIKEYAN S', '60', 22),
(810023106057, 'MENAKA M', '73', 23),
(810023106058, 'LAKSHMI PRABHA M', '88', 23);

-- --------------------------------------------------------

--
-- Table structure for table `ecea_final_report`
--

CREATE TABLE `ecea_final_report` (
  `regno` bigint(20) DEFAULT NULL,
  `name` varchar(255) CHARACTER SET utf8 COLLATE utf8_unicode_ci DEFAULT NULL,
  `cy3151_mark` varchar(11) CHARACTER SET utf8 COLLATE utf8_unicode_ci DEFAULT NULL,
  `cy3151_attendance` int(11) DEFAULT NULL,
  `ge3151_mark` varchar(11) CHARACTER SET utf8 COLLATE utf8_unicode_ci DEFAULT NULL,
  `ge3151_attendance` int(11) DEFAULT NULL,
  `ge3152_mark` varchar(11) CHARACTER SET utf8 COLLATE utf8_unicode_ci DEFAULT NULL,
  `ge3152_attendance` int(11) DEFAULT NULL,
  `hs3152_mark` varchar(11) CHARACTER SET utf8 COLLATE utf8_unicode_ci DEFAULT NULL,
  `hs3152_attendance` int(11) DEFAULT NULL,
  `ma3151_mark` varchar(11) CHARACTER SET utf8 COLLATE utf8_unicode_ci DEFAULT NULL,
  `ma3151_attendance` int(11) DEFAULT NULL,
  `ph3151_mark` varchar(11) CHARACTER SET utf8 COLLATE utf8_unicode_ci DEFAULT NULL,
  `ph3151_attendance` int(11) DEFAULT NULL,
  `grand_total` int(11) DEFAULT NULL
) ENGINE=InnoDB DEFAULT CHARSET=utf8mb4 COLLATE=utf8mb4_general_ci;

--
-- Dumping data for table `ecea_final_report`
--

INSERT INTO `ecea_final_report` (`regno`, `name`, `cy3151_mark`, `cy3151_attendance`, `ge3151_mark`, `ge3151_attendance`, `ge3152_mark`, `ge3152_attendance`, `hs3152_mark`, `hs3152_attendance`, `ma3151_mark`, `ma3151_attendance`, `ph3151_mark`, `ph3151_attendance`, `grand_total`) VALUES
(810023106001, 'DEVISRI P', '79', 24, '80', 15, '81', 8, '84', 19, '92', 25, '74 ', 23, 490),
(810023106002, 'MADHAVAN S', '81', 28, '78', 16, '74', 9, '80', 21, '84', 26, '66 ', 23, 463),
(810023106003, 'SHAFANA YASMIN K', '91', 26, '90', 15, '86', 8, '80', 21, '87', 26, '87 ', 23, 521),
(810023106004, 'SARANYA G', '82', 27, '91', 15, '81', 8, '83', 21, '82', 26, '64', 23, 483),
(810023106006, 'SARAVANAN A', '65', 24, '70', 14, '52', 6, '60', 15, '52', 24, '48', 18, 347),
(810023106008, 'SANTHOSH KUMAR A', '81', 25, '75', 15, '61', 8, '80', 19, '60', 25, '48', 23, 405),
(810023106009, 'BALAJI V', '95', 26, '93', 14, '86', 8, '85', 21, '90', 25, '90', 23, 539),
(810023106010, 'NIVETHA K', '82', 28, '80', 16, '71', 9, '86', 21, '91', 26, '84', 23, 494),
(810023106011, 'UMAR H', '68', 26, '81', 16, '65', 9, '81', 20, '72', 26, '53', 23, 420),
(810023106012, 'NAVAMALIKA B', '91', 26, '94', 16, '87', 9, '83', 20, '83', 26, '73', 23, 511),
(810023106013, 'AMARNATH P', '87', 28, '92', 16, '71', 9, '89', 21, '90', 26, '61', 23, 490),
(810023106014, 'KAVINESAN M', '79', 25, '81', 15, '58', 8, '75', 18, '64', 25, '79', 23, 436),
(810023106015, 'VIJAYAKUMARI D', '72', 26, '92', 15, '70', 8, '73', 20, '79', 25, '65', 23, 451),
(810023106016, 'VIGNESHWARI A', '87', 26, '93', 16, '76', 9, '81', 19, '91', 24, '67', 21, 495),
(810023106017, 'AMIRTHAMBIKA R', '93', 28, '93', 16, '82', 9, '80', 20, '83', 26, '71', 23, 502),
(810023106018, 'RENUKA K', '68', 25, '80', 13, '67', 8, '80', 18, '87', 25, '71', 19, 453),
(810023106019, 'GOWTHAM R', '65', 25, '82', 14, '53', 8, '84', 17, '75', 24, '52', 22, 411),
(810023106020, 'CHARULATHA B', '69', 24, '83', 14, '60', 8, '81', 20, '70', 26, '60', 22, 423),
(810023106021, 'KRISHNARAJ M', '63', 28, '88', 16, '33', 9, '84', 20, '70', 26, '60', 22, 398),
(810023106022, 'PRIYADHARSHINI B', '60', 28, '73', 16, '73', 9, '70', 19, '65', 26, '61', 23, 402),
(810023106023, 'AKASH A', '67', 25, '78', 14, '67', 8, '65', 20, '57', 26, '61', 22, 395),
(810023106024, 'RAJIV K', '61', 24, '80', 14, '70', 8, '65', 16, '48', 23, '60', 20, 384),
(810023106025, 'SRI LAKSHMI R', '87', 27, '83', 15, '71', 8, '84', 21, '76', 26, '72', 23, 473),
(810023106026, 'LAVANAYA K', '81', 28, '85', 16, '71', 9, '77', 21, '86', 26, '71', 23, 471),
(810023106027, 'SONIYA T', '88', 22, '93', 13, '75', 8, '86', 17, '99', 23, '79', 21, 520),
(810023106028, 'VEDHACHALAM K', '89', 28, '84', 16, '61', 9, '81', 21, '65', 26, '53', 23, 433),
(810023106029, 'KANISHKA S', '63', 26, '92', 16, '90', 9, '80', 20, '82', 26, '62', 23, 469),
(810023106030, 'VENKATESH H', '83', 27, '93', 15, '78', 8, '77', 20, '100', 26, '72', 23, 503),
(810023106031, 'KAVI KUMAR K', '86', 20, '93', 14, '73', 7, '81', 16, '85', 24, '75', 20, 493),
(810023106032, 'VIDHUBALA K', '85', 27, '94', 15, '78', 9, '82', 18, '88', 25, '80', 22, 507),
(810023106033, 'ANBUSELVAN A', '68', 26, '70', 16, '60', 9, '81', 20, '78', 25, '60', 23, 417),
(810023106034, 'ARCHANA M', '83', 24, '90', 15, '74', 9, '84', 17, '71', 25, '67', 21, 469),
(810023106035, 'RITHISH B', '88', 26, '95', 16, '70', 9, '85', 18, '87', 26, '67', 22, 492),
(810023106036, 'DHARSHINI P S', '91', 27, '94', 14, '72', 7, '90', 20, '78', 25, '92', 23, 517),
(810023106037, 'ASIYA T', '72', 27, '87', 16, '73', 9, '83', 21, '70', 26, '60', 22, 445),
(810023106038, 'IRFAN T SHADIL', '77', 25, '81', 15, '67', 8, '80', 17, '91', 26, '71', 23, 467),
(810023106039, 'DAYANITHI C', '69', 25, '80', 15, '63', 9, '75', 15, '92', 25, '51', 22, 430),
(810023106040, 'YUVARAJ T', '71', 24, '85', 14, '70', 8, '86', 20, '90', 25, '66', 32, 468),
(810023106041, 'VANCHINATHAN S S', '70', 28, '97', 16, '61', 9, '90', 21, '81', 26, '52', 23, 451),
(810023106042, 'DEVIBALA K', '86', 25, '91', 13, '78', 6, '88', 19, '83', 23, '60', 21, 486),
(810023106043, 'HARINI B', '84', 25, '80', 14, '71', 8, '86', 19, '76', 26, '75', 22, 472),
(810023106044, 'DHUVARIKA S', '72', 24, '82', 14, '59', 7, '85', 18, '87', 25, '70', 32, 455),
(810023106045, 'AKALYA M', '92', 28, '95', 16, '90', 9, '89', 18, '98', 26, '84', 23, 548),
(810023106046, 'PON KARTHIKA V', '77', 25, '88', 15, '15', 9, '83', 19, '79', 25, '60', 22, 402),
(810023106047, 'DIVYASRI S', '70', 15, '61', 10, '17', 5, '71', 15, '40', 22, '38', 18, 297),
(810023106048, 'KESHAV VIJAYAN K R', '86', 26, '93', 14, '88', 7, '81', 21, '96', 25, '74', 21, 518),
(810023106049, 'KEERTHIKA S', '78', 25, '95', 13, '68', 8, '77', 20, '88', 26, '75', 23, 481),
(810023106050, 'SURYA S', '92', 25, '94', 15, '87', 8, '81', 20, '100', 26, '89', 23, 543),
(810023106051, 'NISHANTHI S V', '75', 27, '92', 15, '76', 8, '84', 21, '56', 26, '82', 23, 465),
(810023106052, 'SIVARAMAN K', '84', 24, '85', 14, '68', 7, '80', 13, '50', 25, '63', 22, 430),
(810023106053, 'SARANYA A', '76', 26, '88', 16, '65', 9, '80', 19, '84', 25, '72', 23, 465),
(810023106054, 'KALAIYARASAN V', '60', 20, '70', 14, '51', 8, '69', 16, '69', 24, '60', 20, 379),
(810023106055, 'RAJESHWARI P', '64', 24, '92', 14, '62', 8, '71', 19, '73', 24, '66', 21, 428),
(810023106056, 'KARTHIKEYAN S', '73', 23, '76', 14, '57', 7, '80', 18, '90', 25, '60', 22, 436),
(810023106057, 'MENAKA M', '85', 26, '90', 16, '72', 9, '88', 21, '90', 26, '73', 23, 498),
(810023106058, 'LAKSHMI PRABHA M', '95', 25, '84', 15, '84', 8, '85', 20, '78', 26, '88', 23, 514);

-- --------------------------------------------------------

--
-- Table structure for table `ecebcy3151`
--

CREATE TABLE `ecebcy3151` (
  `regno` bigint(20) DEFAULT NULL,
  `name` varchar(255) DEFAULT NULL,
  `cy3151_mark` varchar(11) DEFAULT NULL,
  `cy3151_attendance` int(11) DEFAULT NULL
) ENGINE=InnoDB DEFAULT CHARSET=utf8 COLLATE=utf8_unicode_ci;

--
-- Dumping data for table `ecebcy3151`
--

INSERT INTO `ecebcy3151` (`regno`, `name`, `cy3151_mark`, `cy3151_attendance`) VALUES
(810023106059, 'RITHIGA DEVI R', '85', 25),
(810023106060, 'NAVEENA M', '89', 25),
(810023106061, 'SRINITHI PRIYA T', '92', 23),
(810023106062, 'DINESHKUMAR K V', '72', 24),
(810023106063, 'PRAVEEN KUMAR R', '85', 24),
(810023106064, 'KIRUTHIKASRIMATHI M', '83', 24),
(810023106065, 'ABITHA K', '63', 22),
(810023106066, 'HARIKRISHNAN T', '71', 23),
(810023106067, 'PRAVEEN R', '65', 19),
(810023106068, 'PRIYADHARSHINI G S', '78', 23),
(810023106069, 'NISHA K', '93', 24),
(810023106070, 'LOGANATHAN P', '64', 24),
(810023106071, 'THABRE ALAM SHAHUL HAMEED A', '85', 25),
(810023106072, 'HARANIYA K', '85', 23),
(810023106073, 'JAYASRI V', '75', 23),
(810023106074, 'DIVYALAKSHMANI G', '90', 22),
(810023106075, 'RAJESH KANNA M', '65', 25),
(810023106076, 'KIRUTHIKA P', '85', 24),
(810023106077, 'ARCHANA C', '70', 23),
(810023106078, 'NAVINRAJ B', '85', 18),
(810023106079, 'VIGNESH SHREE P', '91', 24),
(810023106080, 'SUBHASH M', '80', 21),
(810023106081, 'VINISHA T', '77', 22),
(810023106082, 'AGHILESH M', '88', 22),
(810023106083, 'MANIKANDAN S', '68', 22),
(810023106084, 'VIJAYA DHARSHINI S', '80', 24),
(810023106085, 'SUNDHARA LAKSHMI T', '88', 25),
(810023106086, 'THANGARAJ S', '79', 23),
(810023106087, 'ABISHEK M', '77', 23),
(810023106088, 'MADHUMITHA S', '82', 25),
(810023106089, 'VASANTHA NESAN S', '57', 22),
(810023106090, 'SHIFANA S', '75', 25),
(810023106091, 'DEEPIKA S', '87', 24),
(810023106092, 'AKSHAYA PRIYA S', '90', 25),
(810023106093, 'THARIS S', '86', 24),
(810023106094, 'MATHANGI M', '72', 22),
(810023106095, 'NIVETHA B', '77', 22),
(810023106096, 'VIGNESH S', '70', 23),
(810023106097, 'SHREEYA S', '68', 22),
(810023106098, 'RAMANISH V', '50', 22),
(810023106099, 'MADHANKUMAR Y', '76', 22),
(810023106100, 'SHRIBALA T', '64', 24),
(810023106101, 'SHEIK ABDULLA I', '61', 23),
(810023106102, 'NIRANJANA P', '72', 23),
(810023106103, 'RAJPRIYA S', '74', 25),
(810023106104, 'ANISH KRISHNA KANTH T', '75', 24),
(810023106105, 'PONNIN SELVAN M', '88', 22),
(810023106106, 'NITHISH A', '70', 24),
(810023106107, 'GOWTHAM V', '77', 25),
(810023106108, 'SUMAN ADHITHIYA M', '72', 23),
(810023106109, 'PURUSHOTHAMAN K', '77', 24),
(810023106110, 'GIRIDHARAN S', '50', 25),
(810023106111, 'SARATH V', '81', 23),
(810023106112, 'SRIRAM P', '59', 17),
(810023106113, 'YOVARASAN S', '72', 22),
(810023106114, 'SUWATHIGA S', '76', 24),
(810023106115, 'KANISHKA L', '61', 17);

-- --------------------------------------------------------

--
-- Table structure for table `ecebge3151`
--

CREATE TABLE `ecebge3151` (
  `regno` bigint(20) DEFAULT NULL,
  `name` varchar(255) DEFAULT NULL,
  `ge3151_mark` varchar(11) DEFAULT NULL,
  `ge3151_attendance` int(11) DEFAULT NULL
) ENGINE=InnoDB DEFAULT CHARSET=utf8 COLLATE=utf8_unicode_ci;

--
-- Dumping data for table `ecebge3151`
--

INSERT INTO `ecebge3151` (`regno`, `name`, `ge3151_mark`, `ge3151_attendance`) VALUES
(810023106059, 'RITHIGA DEVI R', '82', 21),
(810023106060, 'NAVEENA M', '90', 19),
(810023106061, 'SRINITHI PRIYA T', '84', 21),
(810023106062, 'DINESHKUMAR K V', '76', 18),
(810023106063, 'PRAVEEN KUMAR R', '80', 19),
(810023106064, 'KIRUTHIKASRIMATHI M', '78', 20),
(810023106065, 'ABITHA K', '60', 17),
(810023106066, 'HARIKRISHNAN T', '70', 17),
(810023106067, 'PRAVEEN R', '60', 16),
(810023106068, 'PRIYADHARSHINI G S', '73', 19),
(810023106069, 'NISHA K', '71', 20),
(810023106070, 'LOGANATHAN P', '60', 17),
(810023106071, 'THABRE ALAM SHAHUL HAMEED A', '82', 21),
(810023106072, 'HARANIYA K', '71', 19),
(810023106073, 'JAYASRI V', '74', 19),
(810023106074, 'DIVYALAKSHMANI G', '75', 19),
(810023106075, 'RAJESH KANNA M', '79', 21),
(810023106076, 'KIRUTHIKA P', '69', 19),
(810023106077, 'ARCHANA C', '75', 18),
(810023106078, 'NAVINRAJ B', '60', 16),
(810023106079, 'VIGNESH SHREE P', '89', 19),
(810023106080, 'SUBHASH M', '70', 16),
(810023106081, 'VINISHA T', '69', 17),
(810023106082, 'AGHILESH M', '82', 18),
(810023106083, 'MANIKANDAN S', '68', 18),
(810023106084, 'VIJAYA DHARSHINI S', '70', 19),
(810023106085, 'SUNDHARA LAKSHMI T', '79', 20),
(810023106086, 'THANGARAJ S', '88', 20),
(810023106087, 'ABISHEK M', '83', 20),
(810023106088, 'MADHUMITHA S', '78', 20),
(810023106089, 'VASANTHA NESAN S', '60', 18),
(810023106090, 'SHIFANA S', '69', 20),
(810023106091, 'DEEPIKA S', '78', 21),
(810023106092, 'AKSHAYA PRIYA S', '78', 20),
(810023106093, 'THARIS S', '90', 19),
(810023106094, 'MATHANGI M', '70', 17),
(810023106095, 'NIVETHA B', '69', 20),
(810023106096, 'VIGNESH S', '70', 19),
(810023106097, 'SHREEYA S', '69', 20),
(810023106098, 'RAMANISH V', '64', 16),
(810023106099, 'MADHANKUMAR Y', '70', 18),
(810023106100, 'SHRIBALA T', '69', 19),
(810023106101, 'SHEIK ABDULLA I', '67', 19),
(810023106102, 'NIRANJANA P', '81', 19),
(810023106103, 'RAJPRIYA S', '72', 21),
(810023106104, 'ANISH KRISHNA KANTH T', '72', 19),
(810023106105, 'PONNIN SELVAN M', '60', 18),
(810023106106, 'NITHISH A', '64', 19),
(810023106107, 'GOWTHAM V', '61', 19),
(810023106108, 'SUMAN ADHITHIYA M', '77', 18),
(810023106109, 'PURUSHOTHAMAN K', '85', 19),
(810023106110, 'GIRIDHARAN S', '61', 18),
(810023106111, 'SARATH V', '80', 19),
(810023106112, 'SRIRAM P', '60', 18),
(810023106113, 'YOVARASAN S', '64', 18),
(810023106114, 'SUWATHIGA S', '79', 19),
(810023106115, 'KANISHKA L', '79', 16);

-- --------------------------------------------------------

--
-- Table structure for table `ecebge3152`
--

CREATE TABLE `ecebge3152` (
  `regno` bigint(20) DEFAULT NULL,
  `name` varchar(255) DEFAULT NULL,
  `ge3152_mark` varchar(11) DEFAULT NULL,
  `ge3152_attendance` int(11) DEFAULT NULL
) ENGINE=InnoDB DEFAULT CHARSET=utf8 COLLATE=utf8_unicode_ci;

--
-- Dumping data for table `ecebge3152`
--

INSERT INTO `ecebge3152` (`regno`, `name`, `ge3152_mark`, `ge3152_attendance`) VALUES
(810023106059, 'RITHIGA DEVI R', '76', 8),
(810023106060, 'NAVEENA M', '77', 7),
(810023106061, 'SRINITHI PRIYA T', '70', 8),
(810023106062, 'DINESHKUMAR K V', '68', 7),
(810023106063, 'PRAVEEN KUMAR R', '50', 7),
(810023106064, 'KIRUTHIKASRIMATHI M', '73', 7),
(810023106065, 'ABITHA K', '60', 7),
(810023106066, 'HARIKRISHNAN T', '67', 6),
(810023106067, 'PRAVEEN R', '57', 6),
(810023106068, 'PRIYADHARSHINI G S', '70', 7),
(810023106069, 'NISHA K', '81', 7),
(810023106070, 'LOGANATHAN P', '70', 6),
(810023106071, 'THABRE ALAM SHAHUL HAMEED A', '74', 8),
(810023106072, 'HARANIYA K', '76', 7),
(810023106073, 'JAYASRI V', '72', 7),
(810023106074, 'DIVYALAKSHMANI G', '74', 7),
(810023106075, 'RAJESH KANNA M', '66', 8),
(810023106076, 'KIRUTHIKA P', '82', 7),
(810023106077, 'ARCHANA C', '67', 6),
(810023106078, 'NAVINRAJ B', '80', 5),
(810023106079, 'VIGNESH SHREE P', '73', 7),
(810023106080, 'SUBHASH M', '68', 5),
(810023106081, 'VINISHA T', '64', 6),
(810023106082, 'AGHILESH M', '70', 7),
(810023106083, 'MANIKANDAN S', '65', 6),
(810023106084, 'VIJAYA DHARSHINI S', '62', 7),
(810023106085, 'SUNDHARA LAKSHMI T', '75', 7),
(810023106086, 'THANGARAJ S', '75', 7),
(810023106087, 'ABISHEK M', '76', 7),
(810023106088, 'MADHUMITHA S', '77', 7),
(810023106089, 'VASANTHA NESAN S', '57', 7),
(810023106090, 'SHIFANA S', '73', 8),
(810023106091, 'DEEPIKA S', '67', 8),
(810023106092, 'AKSHAYA PRIYA S', '73', 7),
(810023106093, 'THARIS S', '60', 7),
(810023106094, 'MATHANGI M', '63', 7),
(810023106095, 'NIVETHA B', '74', 7),
(810023106096, 'VIGNESH S', '55', 8),
(810023106097, 'SHREEYA S', '60', 8),
(810023106098, 'RAMANISH V', '54', 6),
(810023106099, 'MADHANKUMAR Y', '57', 7),
(810023106100, 'SHRIBALA T', '55', 7),
(810023106101, 'SHEIK ABDULLA I', '57', 7),
(810023106102, 'NIRANJANA P', '62', 7),
(810023106103, 'RAJPRIYA S', '74', 8),
(810023106104, 'ANISH KRISHNA KANTH T', '64', 6),
(810023106105, 'PONNIN SELVAN M', '61', 6),
(810023106106, 'NITHISH A', '63', 7),
(810023106107, 'GOWTHAM V', '61', 7),
(810023106108, 'SUMAN ADHITHIYA M', '70', 7),
(810023106109, 'PURUSHOTHAMAN K', '62', 7),
(810023106110, 'GIRIDHARAN S', '61', 6),
(810023106111, 'SARATH V', '58', 7),
(810023106112, 'SRIRAM P', '44', 7),
(810023106113, 'YOVARASAN S', '64', 7),
(810023106114, 'SUWATHIGA S', '68', 7),
(810023106115, 'KANISHKA L', '68', 5);

-- --------------------------------------------------------

--
-- Table structure for table `ecebhs3152`
--

CREATE TABLE `ecebhs3152` (
  `regno` bigint(20) DEFAULT NULL,
  `name` varchar(255) DEFAULT NULL,
  `hs3152_mark` varchar(11) DEFAULT NULL,
  `hs3152_attendance` int(11) DEFAULT NULL
) ENGINE=InnoDB DEFAULT CHARSET=utf8 COLLATE=utf8_unicode_ci;

--
-- Dumping data for table `ecebhs3152`
--

INSERT INTO `ecebhs3152` (`regno`, `name`, `hs3152_mark`, `hs3152_attendance`) VALUES
(810023106059, 'RITHIGA DEVI R', '86', 18),
(810023106060, 'NAVEENA M', '86', 19),
(810023106061, 'SRINITHI PRIYA T', '86', 18),
(810023106062, 'DINESHKUMAR K V', '78', 16),
(810023106063, 'PRAVEEN KUMAR R', '81', 18),
(810023106064, 'KIRUTHIKASRIMATHI M', '86', 18),
(810023106065, 'ABITHA K', '86', 8),
(810023106066, 'HARIKRISHNAN T', '80', 13),
(810023106067, 'PRAVEEN R', '73', 8),
(810023106068, 'PRIYADHARSHINI G S', '87', 16),
(810023106069, 'NISHA K', '85', 16),
(810023106070, 'LOGANATHAN P', '66', 13),
(810023106071, 'THABRE ALAM SHAHUL HAMEED A', '86', 18),
(810023106072, 'HARANIYA K', '86', 19),
(810023106073, 'JAYASRI V', '90', 12),
(810023106074, 'DIVYALAKSHMANI G', '92', 18),
(810023106075, 'RAJESH KANNA M', '74', 19),
(810023106076, 'KIRUTHIKA P', '79', 18),
(810023106077, 'ARCHANA C', '84', 16),
(810023106078, 'NAVINRAJ B', '85', 14),
(810023106079, 'VIGNESH SHREE P', '87', 14),
(810023106080, 'SUBHASH M', '83', 16),
(810023106081, 'VINISHA T', '84', 17),
(810023106082, 'AGHILESH M', '83', 14),
(810023106083, 'MANIKANDAN S', '77', 13),
(810023106084, 'VIJAYA DHARSHINI S', '88', 17),
(810023106085, 'SUNDHARA LAKSHMI T', '86', 18),
(810023106086, 'THANGARAJ S', '79', 14),
(810023106087, 'ABISHEK M', '85', 18),
(810023106088, 'MADHUMITHA S', '86', 15),
(810023106089, 'VASANTHA NESAN S', '73', 15),
(810023106090, 'SHIFANA S', '82', 19),
(810023106091, 'DEEPIKA S', '88', 19),
(810023106092, 'AKSHAYA PRIYA S', '86', 19),
(810023106093, 'THARIS S', '86', 15),
(810023106094, 'MATHANGI M', '81', 18),
(810023106095, 'NIVETHA B', '89', 17),
(810023106096, 'VIGNESH S', '85', 14),
(810023106097, 'SHREEYA S', '85', 14),
(810023106098, 'RAMANISH V', '79', 12),
(810023106099, 'MADHANKUMAR Y', '90', 15),
(810023106100, 'SHRIBALA T', '88', 17),
(810023106101, 'SHEIK ABDULLA I', '82', 17),
(810023106102, 'NIRANJANA P', '81', 16),
(810023106103, 'RAJPRIYA S', '83', 19),
(810023106104, 'ANISH KRISHNA KANTH T', '84', 19),
(810023106105, 'PONNIN SELVAN M', '78', 11),
(810023106106, 'NITHISH A', '80', 17),
(810023106107, 'GOWTHAM V', '85', 19),
(810023106108, 'SUMAN ADHITHIYA M', '86', 15),
(810023106109, 'PURUSHOTHAMAN K', '84', 17),
(810023106110, 'GIRIDHARAN S', '75', 18),
(810023106111, 'SARATH V', '79', 16),
(810023106112, 'SRIRAM P', '67', 8),
(810023106113, 'YOVARASAN S', '69', 16),
(810023106114, 'SUWATHIGA S', '82', 16),
(810023106115, 'KANISHKA L', '71', 13);

-- --------------------------------------------------------

--
-- Table structure for table `ecebma3151`
--

CREATE TABLE `ecebma3151` (
  `regno` bigint(20) DEFAULT NULL,
  `name` varchar(255) DEFAULT NULL,
  `ma3151_mark` varchar(11) DEFAULT NULL,
  `ma3151_attendance` int(11) DEFAULT NULL
) ENGINE=InnoDB DEFAULT CHARSET=utf8 COLLATE=utf8_unicode_ci;

--
-- Dumping data for table `ecebma3151`
--

INSERT INTO `ecebma3151` (`regno`, `name`, `ma3151_mark`, `ma3151_attendance`) VALUES
(810023106059, 'RITHIGA DEVI R', '78', 27),
(810023106060, 'NAVEENA M', '86', 27),
(810023106061, 'SRINITHI PRIYA T', '63', 25),
(810023106062, 'DINESHKUMAR K V', '60', 25),
(810023106063, 'PRAVEEN KUMAR R', '61', 27),
(810023106064, 'KIRUTHIKASRIMATHI M', '60', 25),
(810023106065, 'ABITHA K', '60', 17),
(810023106066, 'HARIKRISHNAN T', '66', 25),
(810023106067, 'PRAVEEN R', '60', 19),
(810023106068, 'PRIYADHARSHINI G S', '60', 27),
(810023106069, 'NISHA K', '66', 27),
(810023106070, 'LOGANATHAN P', '60', 19),
(810023106071, 'THABRE ALAM SHAHUL HAMEED A', '90', 27),
(810023106072, 'HARANIYA K', '71', 27),
(810023106073, 'JAYASRI V', '61', 22),
(810023106074, 'DIVYALAKSHMANI G', '78', 27),
(810023106075, 'RAJESH KANNA M', '60', 27),
(810023106076, 'KIRUTHIKA P', '60', 27),
(810023106077, 'ARCHANA C', '60', 23),
(810023106078, 'NAVINRAJ B', '80', 25),
(810023106079, 'VIGNESH SHREE P', '60', 27),
(810023106080, 'SUBHASH M', '68', 23),
(810023106081, 'VINISHA T', '63', 27),
(810023106082, 'AGHILESH M', '65', 25),
(810023106083, 'MANIKANDAN S', '67', 27),
(810023106084, 'VIJAYA DHARSHINI S', '62', 24),
(810023106085, 'SUNDHARA LAKSHMI T', '75', 27),
(810023106086, 'THANGARAJ S', '64', 25),
(810023106087, 'ABISHEK M', '73', 25),
(810023106088, 'MADHUMITHA S', '66', 27),
(810023106089, 'VASANTHA NESAN S', '64', 27),
(810023106090, 'SHIFANA S', '62', 27),
(810023106091, 'DEEPIKA S', '60', 27),
(810023106092, 'AKSHAYA PRIYA S', '60', 27),
(810023106093, 'THARIS S', '61', 21),
(810023106094, 'MATHANGI M', '60', 27),
(810023106095, 'NIVETHA B', '66', 25),
(810023106096, 'VIGNESH S', '60', 21),
(810023106097, 'SHREEYA S', '62', 24),
(810023106098, 'RAMANISH V', '60', 23),
(810023106099, 'MADHANKUMAR Y', '60', 27),
(810023106100, 'SHRIBALA T', '63', 27),
(810023106101, 'SHEIK ABDULLA I', '60', 27),
(810023106102, 'NIRANJANA P', '72', 25),
(810023106103, 'RAJPRIYA S', '60', 25),
(810023106104, 'ANISH KRISHNA KANTH T', '70', 27),
(810023106105, 'PONNIN SELVAN M', '60', 25),
(810023106106, 'NITHISH A', '69', 27),
(810023106107, 'GOWTHAM V', '60', 27),
(810023106108, 'SUMAN ADHITHIYA M', '60', 25),
(810023106109, 'PURUSHOTHAMAN K', '65', 27),
(810023106110, 'GIRIDHARAN S', '60', 27),
(810023106111, 'SARATH V', '74', 25),
(810023106112, 'SRIRAM P', '60', 19),
(810023106113, 'YOVARASAN S', '60', 23),
(810023106114, 'SUWATHIGA S', '77', 25),
(810023106115, 'KANISHKA L', '64', 23);

-- --------------------------------------------------------

--
-- Table structure for table `ecebph3151`
--

CREATE TABLE `ecebph3151` (
  `regno` bigint(20) DEFAULT NULL,
  `name` varchar(255) DEFAULT NULL,
  `ph3151_mark` varchar(11) DEFAULT NULL,
  `ph3151_attendance` int(11) DEFAULT NULL
) ENGINE=InnoDB DEFAULT CHARSET=utf8 COLLATE=utf8_unicode_ci;

--
-- Dumping data for table `ecebph3151`
--

INSERT INTO `ecebph3151` (`regno`, `name`, `ph3151_mark`, `ph3151_attendance`) VALUES
(810023106059, 'RITHIGA DEVI R', '80', 25),
(810023106060, 'NAVEENA M', '77', 25),
(810023106061, 'SRINITHI PRIYA T', '71', 25),
(810023106062, 'DINESHKUMAR K V', '74', 20),
(810023106063, 'PRAVEEN KUMAR R', '65', 25),
(810023106064, 'KIRUTHIKASRIMATHI M', '60', 23),
(810023106065, 'ABITHA K', '55', 21),
(810023106066, 'HARIKRISHNAN T', '64', 23),
(810023106067, 'PRAVEEN R', '46', 17),
(810023106068, 'PRIYADHARSHINI G S', '63', 25),
(810023106069, 'NISHA K', '70', 25),
(810023106070, 'LOGANATHAN P', '53', 23),
(810023106071, 'THABRE ALAM SHAHUL HAMEED A', '73', 25),
(810023106072, 'HARANIYA K', '70', 23),
(810023106073, 'JAYASRI V', '60', 25),
(810023106074, 'DIVYALAKSHMANI G', '82', 23),
(810023106075, 'RAJESH KANNA M', '60', 22),
(810023106076, 'KIRUTHIKA P', '70', 25),
(810023106077, 'ARCHANA C', '69', 18),
(810023106078, 'NAVINRAJ B', '40', 22),
(810023106079, 'VIGNESH SHREE P', '73', 25),
(810023106080, 'SUBHASH M', '51', 20),
(810023106081, 'VINISHA T', '65', 25),
(810023106082, 'AGHILESH M', '75', 16),
(810023106083, 'MANIKANDAN S', '60', 22),
(810023106084, 'VIJAYA DHARSHINI S', '63', 23),
(810023106085, 'SUNDHARA LAKSHMI T', '87', 25),
(810023106086, 'THANGARAJ S', '60', 22),
(810023106087, 'ABISHEK M', '71', 25),
(810023106088, 'MADHUMITHA S', '82', 22),
(810023106089, 'VASANTHA NESAN S', '60', 23),
(810023106090, 'SHIFANA S', '72', 25),
(810023106091, 'DEEPIKA S', '76', 25),
(810023106092, 'AKSHAYA PRIYA S', '77', 25),
(810023106093, 'THARIS S', '76', 21),
(810023106094, 'MATHANGI M', '53', 25),
(810023106095, 'NIVETHA B', '65', 23),
(810023106096, 'VIGNESH S', '41', 18),
(810023106097, 'SHREEYA S', '40', 25),
(810023106098, 'RAMANISH V', '48', 25),
(810023106099, 'MADHANKUMAR Y', '62', 23),
(810023106100, 'SHRIBALA T', '70', 25),
(810023106101, 'SHEIK ABDULLA I', '54', 25),
(810023106102, 'NIRANJANA P', '61', 25),
(810023106103, 'RAJPRIYA S', '47', 23),
(810023106104, 'ANISH KRISHNA KANTH T', '63', 22),
(810023106105, 'PONNIN SELVAN M', '47', 19),
(810023106106, 'NITHISH A', '52', 20),
(810023106107, 'GOWTHAM V', '71', 25),
(810023106108, 'SUMAN ADHITHIYA M', '69', 20),
(810023106109, 'PURUSHOTHAMAN K', '48', 22),
(810023106110, 'GIRIDHARAN S', '45', 22),
(810023106111, 'SARATH V', '53', 22),
(810023106112, 'SRIRAM P', '45', 17),
(810023106113, 'YOVARASAN S', '60', 18),
(810023106114, 'SUWATHIGA S', '53', 25),
(810023106115, 'KANISHKA L', '38', 25);

-- --------------------------------------------------------

--
-- Table structure for table `eeeacy3151`
--

CREATE TABLE `eeeacy3151` (
  `regno` bigint(20) DEFAULT NULL,
  `name` varchar(255) DEFAULT NULL,
  `cy3151_mark` varchar(11) DEFAULT NULL,
  `cy3151_attendance` int(11) DEFAULT NULL
) ENGINE=InnoDB DEFAULT CHARSET=utf8 COLLATE=utf8_unicode_ci;

--
-- Dumping data for table `eeeacy3151`
--

INSERT INTO `eeeacy3151` (`regno`, `name`, `cy3151_mark`, `cy3151_attendance`) VALUES
(810023105001, 'ARUNACHALAM A', '60', 25),
(810023105002, 'SAHAYA SHAINI A', '64', 26),
(810023105003, 'NIVETHA S', '71', 23),
(810023105004, 'SUGANYA G', '71', 26),
(810023105005, 'ARAVINTH S', '71', 25),
(810023105006, 'KANIKA M', '82', 23),
(810023105007, 'LAVANYA V', '72', 25),
(810023105008, 'ARAVIND A', '76', 25),
(810023105009, 'GUNALINI A', '63', 23),
(810023105010, 'PRAVEENKUMAR J', '82', 21),
(810023105011, 'SHALMA BEGUM A S', '66', 26),
(810023105012, 'FATHIMA HAFNAA M', '72', 22),
(810023105013, 'NANDHAKUMAR K', '58', 23),
(810023105014, 'RASU A', '61', 26),
(810023105015, 'RUTHRAPATHY S', '62', 20),
(810023105016, 'SRIRAMSANTHOSH S', '50', 20),
(810023105017, 'KIRUBALAN N', '86', 26),
(810023105018, 'SANTHOSH S', '77', 22),
(810023105019, 'MONISHA L', '57', 26),
(810023105020, 'SRI NIVETHA K', '72', 26),
(810023105021, 'VARSHINI S', '83', 25),
(810023105022, 'ARUNA M', '76', 23),
(810023105023, 'SAMUNDISHWARI I', '63', 21),
(810023105024, 'BABISHNA E', '70', 24),
(810023105025, 'KARTHIKEYAN M', '72', 26),
(810023105026, 'MALAIYANDI S', '63', 26),
(810023105027, 'MUTHUMANI KANDAN R P', '85', 23),
(810023105028, 'PUGAZHMANI', '78', 26),
(810023105029, 'ARAVINDHAN K', '65', 24),
(810023105030, 'MUTHU SANKAR S', '70', 26),
(810023105031, 'NAVEENDHIRAN G', '80', 26),
(810023105032, 'JEEVANRAJ E', '72', 24),
(810023105033, 'NISHA M', '68', 26),
(810023105034, 'MANJULA S', '77', 26),
(810023105035, 'NAVINASH V', '81', 26),
(810023105036, 'NIZAR AHAMED A J', '61', 26),
(810023105037, 'AARTHI SREE S', '80', 22),
(810023105038, 'NATHIYA N', '62', 24),
(810023105039, 'SURABHI A', '82', 26),
(810023105040, 'RAAMAN CHACRAVARTHI R', '60', 14),
(810023105041, 'ENIYANILA M', '61', 21),
(810023105042, 'VINVITHAA SRI C K', '82', 26),
(810023105043, 'KARTHIK T K', '72', 25),
(810023105044, 'DAENIKA M', '77', 20),
(810023105045, 'MALINI R', '60', 22),
(810023105046, 'MADASAMY MANOJ KUMAR V', '75', 25),
(810023105047, 'YUVAN SHANKAR R', '56', 25),
(810023105048, 'HARINI G', '50', 24),
(810023105049, 'AATHIHA M', '82', 21),
(810023105050, 'ABDUL WAHIDH B', '68', 25),
(810023105051, 'SAM SUDHARSAN', '71', 26),
(810023105052, 'NATHIYA R', '64', 25),
(810023105053, 'GUNASEKARAN S', '60', 23),
(810023105054, 'RAMYA S', '68', 26),
(810023105055, 'KISHOREKUMAR V', '51', 26),
(810023105057, 'JENESH SAMVEL H', '77', 26),
(810023105058, 'MADHU LEKA A', '90', 25);

-- --------------------------------------------------------

--
-- Table structure for table `eeeage3151`
--

CREATE TABLE `eeeage3151` (
  `regno` bigint(20) DEFAULT NULL,
  `name` varchar(255) DEFAULT NULL,
  `ge3151_mark` varchar(11) DEFAULT NULL,
  `ge3151_attendance` int(11) DEFAULT NULL
) ENGINE=InnoDB DEFAULT CHARSET=utf8 COLLATE=utf8_unicode_ci;

--
-- Dumping data for table `eeeage3151`
--

INSERT INTO `eeeage3151` (`regno`, `name`, `ge3151_mark`, `ge3151_attendance`) VALUES
(810023105001, 'ARUNACHALAM A', '72', 18),
(810023105002, 'SAHAYA SHAINI A', '74', 18),
(810023105003, 'NIVETHA S', '73', 17),
(810023105004, 'SUGANYA G', '78', 18),
(810023105005, 'ARAVINTH S', '78', 18),
(810023105006, 'KANIKA M', '72', 18),
(810023105007, 'LAVANYA V', '81', 18),
(810023105008, 'ARAVIND A', '80', 18),
(810023105009, 'GUNALINI A', '74', 18),
(810023105010, 'PRAVEENKUMAR J', '67', 15),
(810023105011, 'SHALMA BEGUM A S', '68', 18),
(810023105012, 'FATHIMA HAFNAA M', '76', 18),
(810023105013, 'NANDHAKUMAR K', '60', 14),
(810023105014, 'RASU A', '69', 17),
(810023105015, 'RUTHRAPATHY S', '66', 16),
(810023105016, 'SRIRAMSANTHOSH S', '63', 18),
(810023105017, 'KIRUBALAN N', '78', 18),
(810023105018, 'SANTHOSH S', '67', 18),
(810023105019, 'MONISHA L', '60', 18),
(810023105020, 'SRI NIVETHA K', '78', 18),
(810023105021, 'VARSHINI S', '74', 18),
(810023105022, 'ARUNA M', '72', 17),
(810023105023, 'SAMUNDISHWARI I', '60', 18),
(810023105024, 'BABISHNA E', '72', 18),
(810023105025, 'KARTHIKEYAN M', '68', 18),
(810023105026, 'MALAIYANDI S', '74', 17),
(810023105027, 'MUTHUMANI KANDAN R P', '65', 18),
(810023105028, 'PUGAZHMANI', '71', 18),
(810023105029, 'ARAVINDHAN K', '76', 18),
(810023105030, 'MUTHU SANKAR S', '60', 17),
(810023105031, 'NAVEENDHIRAN G', '69', 18),
(810023105032, 'JEEVANRAJ E', '60', 18),
(810023105033, 'NISHA M', '73', 18),
(810023105034, 'MANJULA S', '82', 18),
(810023105035, 'NAVINASH V', '80', 18),
(810023105036, 'NIZAR AHAMED A J', '60', 17),
(810023105037, 'AARTHI SREE S', '68', 18),
(810023105038, 'NATHIYA N', '83', 18),
(810023105039, 'SURABHI A', '79', 16),
(810023105040, 'RAAMAN CHACRAVARTHI R', '60', 14),
(810023105041, 'ENIYANILA M', '65', 17),
(810023105042, 'VINVITHAA SRI C K', '80', 17),
(810023105043, 'KARTHIK T K', '73', 18),
(810023105044, 'DAENIKA M', '90', 18),
(810023105045, 'MALINI R', '72', 16),
(810023105046, 'MADASAMY MANOJ KUMAR V', '76', 18),
(810023105047, 'YUVAN SHANKAR R', '68', 18),
(810023105048, 'HARINI G', '74', 17),
(810023105049, 'AATHIHA M', '90', 17),
(810023105050, 'ABDUL WAHIDH B', '75', 17),
(810023105051, 'SAM SUDHARSAN', '78', 17),
(810023105052, 'NATHIYA R', '82', 17),
(810023105053, 'GUNASEKARAN S', '72', 17),
(810023105054, 'RAMYA S', '67', 18),
(810023105055, 'KISHOREKUMAR V', '65', 18),
(810023105057, 'JENESH SAMVEL H', '72', 17),
(810023105058, 'MADHU LEKA A', '68', 18);

-- --------------------------------------------------------

--
-- Table structure for table `eeeage3152`
--

CREATE TABLE `eeeage3152` (
  `regno` bigint(20) DEFAULT NULL,
  `name` varchar(255) DEFAULT NULL,
  `ge3152_mark` varchar(11) DEFAULT NULL,
  `ge3152_attendance` int(11) DEFAULT NULL
) ENGINE=InnoDB DEFAULT CHARSET=utf8 COLLATE=utf8_unicode_ci;

--
-- Dumping data for table `eeeage3152`
--

INSERT INTO `eeeage3152` (`regno`, `name`, `ge3152_mark`, `ge3152_attendance`) VALUES
(810023105001, 'ARUNACHALAM A', '79', 9),
(810023105002, 'SAHAYA SHAINI A', '75', 9),
(810023105003, 'NIVETHA S', '88', 7),
(810023105004, 'SUGANYA G', '81', 9),
(810023105005, 'ARAVINTH S', '72', 7),
(810023105006, 'KANIKA M', '82', 8),
(810023105007, 'LAVANYA V', '75', 8),
(810023105008, 'ARAVIND A', '73', 6),
(810023105009, 'GUNALINI A', '72', 7),
(810023105010, 'PRAVEENKUMAR J', '70', 6),
(810023105011, 'SHALMA BEGUM A S', '84', 9),
(810023105012, 'FATHIMA HAFNAA M', '91', 8),
(810023105013, 'NANDHAKUMAR K', '72', 8),
(810023105014, 'RASU A', '83', 9),
(810023105015, 'RUTHRAPATHY S', '73', 6),
(810023105016, 'SRIRAMSANTHOSH S', '80', 7),
(810023105017, 'KIRUBALAN N', '90', 8),
(810023105018, 'SANTHOSH S', '72', 7),
(810023105019, 'MONISHA L', '76', 9),
(810023105020, 'SRI NIVETHA K', '83', 8),
(810023105021, 'VARSHINI S', '85', 8),
(810023105022, 'ARUNA M', '74', 6),
(810023105023, 'SAMUNDISHWARI I', '67', 5),
(810023105024, 'BABISHNA E', '66', 8),
(810023105025, 'KARTHIKEYAN M', '82', 6),
(810023105026, 'MALAIYANDI S', '88', 9),
(810023105027, 'MUTHUMANI KANDAN R P', '79', 9),
(810023105028, 'PUGAZHMANI', '72', 7),
(810023105029, 'ARAVINDHAN K', '63', 8),
(810023105030, 'MUTHU SANKAR S', '66', 9),
(810023105031, 'NAVEENDHIRAN G', '76', 7),
(810023105032, 'JEEVANRAJ E', '63', 8),
(810023105033, 'NISHA M', '81', 8),
(810023105034, 'MANJULA S', '79', 7),
(810023105035, 'NAVINASH V', '80', 8),
(810023105036, 'NIZAR AHAMED A J', '70', 8),
(810023105037, 'AARTHI SREE S', '89', 8),
(810023105038, 'NATHIYA N', '89', 8),
(810023105039, 'SURABHI A', '73', 9),
(810023105040, 'RAAMAN CHACRAVARTHI R', '72', 6),
(810023105041, 'ENIYANILA M', '70', 8),
(810023105042, 'VINVITHAA SRI C K', '88', 8),
(810023105043, 'KARTHIK T K', '89', 8),
(810023105044, 'DAENIKA M', '78', 8),
(810023105045, 'MALINI R', '78', 7),
(810023105046, 'MADASAMY MANOJ KUMAR V', '90', 8),
(810023105047, 'YUVAN SHANKAR R', '70', 8),
(810023105048, 'HARINI G', '75', 8),
(810023105049, 'AATHIHA M', '86', 8),
(810023105050, 'ABDUL WAHIDH B', '88', 9),
(810023105051, 'SAM SUDHARSAN', '81', 9),
(810023105052, 'NATHIYA R', '76', 8),
(810023105053, 'GUNASEKARAN S', '80', 7),
(810023105054, 'RAMYA S', '92', 9),
(810023105055, 'KISHOREKUMAR V', '66', 8),
(810023105057, 'JENESH SAMVEL H', '79', 9),
(810023105058, 'MADHU LEKA A', '74', 8);

-- --------------------------------------------------------

--
-- Table structure for table `eeeahs3152`
--

CREATE TABLE `eeeahs3152` (
  `regno` bigint(20) DEFAULT NULL,
  `name` varchar(255) DEFAULT NULL,
  `hs3152_mark` varchar(11) DEFAULT NULL,
  `hs3152_attendance` int(11) DEFAULT NULL
) ENGINE=InnoDB DEFAULT CHARSET=utf8 COLLATE=utf8_unicode_ci;

--
-- Dumping data for table `eeeahs3152`
--

INSERT INTO `eeeahs3152` (`regno`, `name`, `hs3152_mark`, `hs3152_attendance`) VALUES
(810023105001, 'ARUNACHALAM A', '80', 21),
(810023105002, 'SAHAYA SHAINI A', '90', 21),
(810023105003, 'NIVETHA S', '79', 21),
(810023105004, 'SUGANYA G', '90', 20),
(810023105005, 'ARAVINTH S', '70', 20),
(810023105006, 'KANIKA M', '87', 21),
(810023105007, 'LAVANYA V', '76', 21),
(810023105008, 'ARAVIND A', '77', 20),
(810023105009, 'GUNALINI A', '80', 21),
(810023105010, 'PRAVEENKUMAR J', '74', 15),
(810023105011, 'SHALMA BEGUM A S', '70', 21),
(810023105012, 'FATHIMA HAFNAA M', '86', 21),
(810023105013, 'NANDHAKUMAR K', '53', 17),
(810023105014, 'RASU A', '81', 21),
(810023105015, 'RUTHRAPATHY S', '50', 20),
(810023105016, 'SRIRAMSANTHOSH S', '70', 18),
(810023105017, 'KIRUBALAN N', '85', 20),
(810023105018, 'SANTHOSH S', '82', 21),
(810023105019, 'MONISHA L', '62', 21),
(810023105020, 'SRI NIVETHA K', '70', 18),
(810023105021, 'VARSHINI S', '91', 20),
(810023105022, 'ARUNA M', '79', 21),
(810023105023, 'SAMUNDISHWARI I', '80', 19),
(810023105024, 'BABISHNA E', '80', 21),
(810023105025, 'KARTHIKEYAN M', '45', 20),
(810023105026, 'MALAIYANDI S', '78', 21),
(810023105027, 'MUTHUMANI KANDAN R P', '86', 21),
(810023105028, 'PUGAZHMANI', '78', 21),
(810023105029, 'ARAVINDHAN K', '70', 19),
(810023105030, 'MUTHU SANKAR S', '70', 21),
(810023105031, 'NAVEENDHIRAN G', '79', 18),
(810023105032, 'JEEVANRAJ E', '51', 17),
(810023105033, 'NISHA M', '81', 21),
(810023105034, 'MANJULA S', '81', 20),
(810023105035, 'NAVINASH V', '85', 20),
(810023105036, 'NIZAR AHAMED A J', '77', 18),
(810023105037, 'AARTHI SREE S', '91', 21),
(810023105038, 'NATHIYA N', '76', 20),
(810023105039, 'SURABHI A', '83', 17),
(810023105040, 'RAAMAN CHACRAVARTHI R', '73', 18),
(810023105041, 'ENIYANILA M', '70', 18),
(810023105042, 'VINVITHAA SRI C K', '92', 20),
(810023105043, 'KARTHIK T K', '81', 21),
(810023105044, 'DAENIKA M', '82', 18),
(810023105045, 'MALINI R', '58', 19),
(810023105046, 'MADASAMY MANOJ KUMAR V', '79', 18),
(810023105047, 'YUVAN SHANKAR R', '70', 18),
(810023105048, 'HARINI G', '70', 21),
(810023105049, 'AATHIHA M', '87', 20),
(810023105050, 'ABDUL WAHIDH B', '77', 21),
(810023105051, 'SAM SUDHARSAN', '83', 21),
(810023105052, 'NATHIYA R', '70', 21),
(810023105053, 'GUNASEKARAN S', '71', 19),
(810023105054, 'RAMYA S', '74', 21),
(810023105055, 'KISHOREKUMAR V', '70', 17),
(810023105057, 'JENESH SAMVEL H', '87', 19),
(810023105058, 'MADHU LEKA A', '90', 18);

-- --------------------------------------------------------

--
-- Table structure for table `eeeama3151`
--

CREATE TABLE `eeeama3151` (
  `regno` bigint(20) DEFAULT NULL,
  `name` varchar(255) DEFAULT NULL,
  `ma3151_mark` varchar(11) DEFAULT NULL,
  `ma3151_attendance` int(11) DEFAULT NULL
) ENGINE=InnoDB DEFAULT CHARSET=utf8 COLLATE=utf8_unicode_ci;

--
-- Dumping data for table `eeeama3151`
--

INSERT INTO `eeeama3151` (`regno`, `name`, `ma3151_mark`, `ma3151_attendance`) VALUES
(810023105001, 'ARUNACHALAM A', '60', 29),
(810023105002, 'SAHAYA SHAINI A', '76', 29),
(810023105003, 'NIVETHA S', '64', 28),
(810023105004, 'SUGANYA G', '81', 29),
(810023105005, 'ARAVINTH S', '73', 29),
(810023105006, 'KANIKA M', '85', 29),
(810023105007, 'LAVANYA V', '70', 29),
(810023105008, 'ARAVIND A', '74', 29),
(810023105009, 'GUNALINI A', '60', 28),
(810023105010, 'PRAVEENKUMAR J', '72', 22),
(810023105011, 'SHALMA BEGUM A S', '64', 29),
(810023105012, 'FATHIMA HAFNAA M', '72', 28),
(810023105013, 'NANDHAKUMAR K', '55', 24),
(810023105014, 'RASU A', '82', 29),
(810023105015, 'RUTHRAPATHY S', '60', 26),
(810023105016, 'SRIRAMSANTHOSH S', '70', 24),
(810023105017, 'KIRUBALAN N', '75', 29),
(810023105018, 'SANTHOSH S', '74', 28),
(810023105019, 'MONISHA L', '60', 29),
(810023105020, 'SRI NIVETHA K', '60', 24),
(810023105021, 'VARSHINI S', '75', 29),
(810023105022, 'ARUNA M', '55', 28),
(810023105023, 'SAMUNDISHWARI I', '65', 26),
(810023105024, 'BABISHNA E', '74', 29),
(810023105025, 'KARTHIKEYAN M', '87', 29),
(810023105026, 'MALAIYANDI S', '81', 29),
(810023105027, 'MUTHUMANI KANDAN R P', '80', 29),
(810023105028, 'PUGAZHMANI', '65', 27),
(810023105029, 'ARAVINDHAN K', '73', 29),
(810023105030, 'MUTHU SANKAR S', '70', 28),
(810023105031, 'NAVEENDHIRAN G', '60', 27),
(810023105032, 'JEEVANRAJ E', '50', 29),
(810023105033, 'NISHA M', '70', 29),
(810023105034, 'MANJULA S', '81', 29),
(810023105035, 'NAVINASH V', '71', 27),
(810023105036, 'NIZAR AHAMED A J', '66', 27),
(810023105037, 'AARTHI SREE S', '75', 29),
(810023105038, 'NATHIYA N', '65', 27),
(810023105039, 'SURABHI A', '70', 26),
(810023105040, 'RAAMAN CHACRAVARTHI R', '60', 25),
(810023105041, 'ENIYANILA M', '68', 23),
(810023105042, 'VINVITHAA SRI C K', '76', 29),
(810023105043, 'KARTHIK T K', '83', 29),
(810023105044, 'DAENIKA M', '65', 25),
(810023105045, 'MALINI R', '65', 26),
(810023105046, 'MADASAMY MANOJ KUMAR V', '60', 28),
(810023105047, 'YUVAN SHANKAR R', '55', 28),
(810023105048, 'HARINI G', '55', 28),
(810023105049, 'AATHIHA M', '60', 29),
(810023105050, 'ABDUL WAHIDH B', '77', 28),
(810023105051, 'SAM SUDHARSAN', '96', 29),
(810023105052, 'NATHIYA R', '70', 28),
(810023105053, 'GUNASEKARAN S', '72', 28),
(810023105054, 'RAMYA S', '60', 28),
(810023105055, 'KISHOREKUMAR V', '70', 28),
(810023105057, 'JENESH SAMVEL H', '85', 29),
(810023105058, 'MADHU LEKA A', '75', 26);

-- --------------------------------------------------------

--
-- Table structure for table `eeeaph3151`
--

CREATE TABLE `eeeaph3151` (
  `regno` bigint(20) DEFAULT NULL,
  `name` varchar(255) DEFAULT NULL,
  `ph3151_mark` varchar(11) DEFAULT NULL,
  `ph3151_attendance` int(11) DEFAULT NULL
) ENGINE=InnoDB DEFAULT CHARSET=utf8 COLLATE=utf8_unicode_ci;

--
-- Dumping data for table `eeeaph3151`
--

INSERT INTO `eeeaph3151` (`regno`, `name`, `ph3151_mark`, `ph3151_attendance`) VALUES
(810023105001, 'ARUNACHALAM A', '60', 21),
(810023105002, 'SAHAYA SHAINI A', '72', 21),
(810023105003, 'NIVETHA S', '60', 19),
(810023105004, 'SUGANYA G', '76', 20),
(810023105005, 'ARAVINTH S', '61', 19),
(810023105006, 'KANIKA M', '68', 20),
(810023105007, 'LAVANYA V', '60', 21),
(810023105008, 'ARAVIND A', '85', 19),
(810023105009, 'GUNALINI A', '60', 20),
(810023105010, 'PRAVEENKUMAR J', '64', 17),
(810023105011, 'SHALMA BEGUM A S', '60', 21),
(810023105012, 'FATHIMA HAFNAA M', '75', 20),
(810023105013, 'NANDHAKUMAR K', '60', 15),
(810023105014, 'RASU A', '60', 20),
(810023105015, 'RUTHRAPATHY S', '60', 16),
(810023105016, 'SRIRAMSANTHOSH S', '60', 18),
(810023105017, 'KIRUBALAN N', '61', 19),
(810023105018, 'SANTHOSH S', '61', 20),
(810023105019, 'MONISHA L', '60', 21),
(810023105020, 'SRI NIVETHA K', '60', 19),
(810023105021, 'VARSHINI S', '60', 19),
(810023105022, 'ARUNA M', '60', 17),
(810023105023, 'SAMUNDISHWARI I', '60', 18),
(810023105024, 'BABISHNA E', '60', 20),
(810023105025, 'KARTHIKEYAN M', '60', 19),
(810023105026, 'MALAIYANDI S', '60', 21),
(810023105027, 'MUTHUMANI KANDAN R P', '60', 21),
(810023105028, 'PUGAZHMANI', '60', 20),
(810023105029, 'ARAVINDHAN K', '66', 20),
(810023105030, 'MUTHU SANKAR S', '60', 20),
(810023105031, 'NAVEENDHIRAN G', '60', 19),
(810023105032, 'JEEVANRAJ E', '60', 18),
(810023105033, 'NISHA M', '65', 19),
(810023105034, 'MANJULA S', '71', 19),
(810023105035, 'NAVINASH V', '70', 19),
(810023105036, 'NIZAR AHAMED A J', '60', 20),
(810023105037, 'AARTHI SREE S', '60', 17),
(810023105038, 'NATHIYA N', '60', 19),
(810023105039, 'SURABHI A', '73', 19),
(810023105040, 'RAAMAN CHACRAVARTHI R', '60', 17),
(810023105041, 'ENIYANILA M', '40', 14),
(810023105042, 'VINVITHAA SRI C K', '84', 19),
(810023105043, 'KARTHIK T K', '72', 20),
(810023105044, 'DAENIKA M', '64', 19),
(810023105045, 'MALINI R', '62', 20),
(810023105046, 'MADASAMY MANOJ KUMAR V', '64', 19),
(810023105047, 'YUVAN SHANKAR R', '60', 18),
(810023105048, 'HARINI G', '60', 20),
(810023105049, 'AATHIHA M', '74', 20),
(810023105050, 'ABDUL WAHIDH B', '68', 21),
(810023105051, 'SAM SUDHARSAN', '76', 21),
(810023105052, 'NATHIYA R', '60', 19),
(810023105053, 'GUNASEKARAN S', '60', 18),
(810023105054, 'RAMYA S', '60', 20),
(810023105055, 'KISHOREKUMAR V', '60', 18),
(810023105057, 'JENESH SAMVEL H', '74', 20),
(810023105058, 'MADHU LEKA A', '64', 19);

-- --------------------------------------------------------

--
-- Table structure for table `eeebcy3151`
--

CREATE TABLE `eeebcy3151` (
  `regno` bigint(20) DEFAULT NULL,
  `name` varchar(255) DEFAULT NULL,
  `cy3151_mark` varchar(11) DEFAULT NULL,
  `cy3151_attendance` int(11) DEFAULT NULL
) ENGINE=InnoDB DEFAULT CHARSET=utf8 COLLATE=utf8_unicode_ci;

-- --------------------------------------------------------

--
-- Table structure for table `eeebge3151`
--

CREATE TABLE `eeebge3151` (
  `regno` bigint(20) DEFAULT NULL,
  `name` varchar(255) DEFAULT NULL,
  `ge3151_mark` varchar(11) DEFAULT NULL,
  `ge3151_attendance` int(11) DEFAULT NULL
) ENGINE=InnoDB DEFAULT CHARSET=utf8 COLLATE=utf8_unicode_ci;

--
-- Dumping data for table `eeebge3151`
--

INSERT INTO `eeebge3151` (`regno`, `name`, `ge3151_mark`, `ge3151_attendance`) VALUES
(810023105059, 'VENGATESH V', '84', 18),
(810023105060, 'SHAMLI M', '80', 16),
(810023105061, 'BOWNIKA M', '72', 17),
(810023105062, 'SURYA', '82', 14),
(810023105063, 'SWATHI S', '76', 15),
(810023105064, 'VENNILA M', '90', 15),
(810023105065, 'SUDHARSANAN S', '60', 16),
(810023105066, 'RAGUL R', '60', 14),
(810023105067, 'SHANMUGANATHAN D', '73', 14),
(810023105068, 'ABARNA B', '73', 14),
(810023105069, 'NAVEEN M', '76', 17),
(810023105070, 'RAMYA LAKSHMI P', '82', 15),
(810023105071, 'MALATHI M', '81', 17),
(810023105072, 'DEVAPRASATH S', '79', 15),
(810023105073, 'MANORANJAN B', '80', 17),
(810023105074, 'DHARSHINI K', '70', 18),
(810023105075, 'SOBI KATHIR C', '73', 18),
(810023105076, 'SARABAVAN S', '82', 17),
(810023105077, 'DHARSHINI R', '80', 17),
(810023105078, 'SUDHARSHAN V', '70', 15),
(810023105079, 'VEDHA S', '78', 15),
(810023105080, 'EMERSON ETHIRAJ A', '78', 14),
(810023105081, 'NEETHIARASI M', '70', 16),
(810023105082, 'NAGUL R', '67', 16),
(810023105083, 'AKASH A', '68', 17),
(810023105084, 'KEERTHANA M', '74', 18),
(810023105085, 'KALAIYARASAN K', '60', 14),
(810023105086, 'YAZHINI A', '70', 16),
(810023105087, 'KANNIHA R', '80', 18),
(810023105088, 'PRIYADHARSHINI S', '70', 17),
(810023105089, 'SACHIN P', '67', 16),
(810023105090, 'AMIRTHARATHINAM P', '80', 16),
(810023105091, 'MEGHA S', '61', 15),
(810023105092, 'DINESH S', '76', 18),
(810023105093, 'YUGENDIRAN I', '60', 15),
(810023105094, 'SRI SINDHU L', '70', 15),
(810023105095, 'SRISANMATHI S', '65', 15),
(810023105096, 'JAYASHREE B', '70', 16),
(810023105097, 'YASIN KHAN N', '67', 14),
(810023105099, 'MONISHA S', '80', 16),
(810023105100, 'MAHALAKSHMI J', '84', 17),
(810023105101, 'SUBEGA M', '71', 16),
(810023105102, 'PRASANNA M', '69', 16),
(810023105103, 'VIMAL RAJ N', '65', 16),
(810023105104, 'SARAVANA PRAGADEESH E', '73', 15),
(810023105105, 'GURU RAM S', '70', 15),
(810023105106, 'VIGNESH S', '80', 18),
(810023105107, 'ANITHA A', '74', 17),
(810023105108, 'SANYO S', '71', 15),
(810023105109, 'KALAIMANI K', '70', 16),
(810023105110, 'KAVIARASU K', '65', 17),
(810023105111, 'LAAVANYA M', '82', 16),
(810023105112, 'HARSHINEE A', '68', 15),
(810023105114, 'ANUSHA M', '66', 16),
(810023105115, 'VALLIPRIYA N', '64', 15),
(810023105116, 'VICHITRA V', '64', 16),
(810023105117, 'ANANTHALAKSHMI P', '62', 15);

-- --------------------------------------------------------

--
-- Table structure for table `eeebge3152`
--

CREATE TABLE `eeebge3152` (
  `regno` bigint(20) DEFAULT NULL,
  `name` varchar(255) DEFAULT NULL,
  `ge3152_mark` varchar(11) DEFAULT NULL,
  `ge3152_attendance` int(11) DEFAULT NULL
) ENGINE=InnoDB DEFAULT CHARSET=utf8 COLLATE=utf8_unicode_ci;

--
-- Dumping data for table `eeebge3152`
--

INSERT INTO `eeebge3152` (`regno`, `name`, `ge3152_mark`, `ge3152_attendance`) VALUES
(810023105059, 'VENGATESH V', '72', 8),
(810023105060, 'SHAMLI M', '60', 8),
(810023105061, 'BOWNIKA M', '78', 8),
(810023105062, 'SURYA', '63', 7),
(810023105063, 'SWATHI S', '58', 8),
(810023105064, 'VENNILA M', '77', 8),
(810023105065, 'SUDHARSANAN S', '59', 7),
(810023105066, 'RAGUL R', '61', 8),
(810023105067, 'SHANMUGANATHAN D', '76', 7),
(810023105068, 'ABARNA B', '54', 6),
(810023105069, 'NAVEEN M', '51', 8),
(810023105070, 'RAMYA LAKSHMI P', '67', 8),
(810023105071, 'MALATHI M', '64', 8),
(810023105072, 'DEVAPRASATH S', '77', 9),
(810023105073, 'MANORANJAN B', '58', 8),
(810023105074, 'DHARSHINI K', '59', 8),
(810023105075, 'SOBI KATHIR C', '66', 8),
(810023105076, 'SARABAVAN S', '67', 6),
(810023105077, 'DHARSHINI R', '59', 6),
(810023105078, 'SUDHARSHAN V', '50', 5),
(810023105079, 'VEDHA S', '67', 7),
(810023105080, 'EMERSON ETHIRAJ A', '67', 7),
(810023105081, 'NEETHIARASI M', '74', 7),
(810023105082, 'NAGUL R', '50', 7),
(810023105083, 'AKASH A', '80', 8),
(810023105084, 'KEERTHANA M', '80', 8),
(810023105085, 'KALAIYARASAN K', '50', 5),
(810023105086, 'YAZHINI A', '64', 8),
(810023105087, 'KANNIHA R', '66', 8),
(810023105088, 'PRIYADHARSHINI S', '72', 9),
(810023105089, 'SACHIN P', '63', 7),
(810023105090, 'AMIRTHARATHINAM P', '76', 9),
(810023105091, 'MEGHA S', '71', 7),
(810023105092, 'DINESH S', '72', 8),
(810023105093, 'YUGENDIRAN I', '62', 6),
(810023105094, 'SRI SINDHU L', '66', 8),
(810023105095, 'SRISANMATHI S', '67', 6),
(810023105096, 'JAYASHREE B', '63', 7),
(810023105097, 'YASIN KHAN N', '48', 7),
(810023105099, 'MONISHA S', '67', 8),
(810023105100, 'MAHALAKSHMI J', '61', 8),
(810023105101, 'SUBEGA M', '64', 8),
(810023105102, 'PRASANNA M', '49', 8),
(810023105103, 'VIMAL RAJ N', '53', 8),
(810023105104, 'SARAVANA PRAGADEESH E', '70', 6),
(810023105105, 'GURU RAM S', '58', 6),
(810023105106, 'VIGNESH S', '57', 8),
(810023105107, 'ANITHA A', '70', 8),
(810023105108, 'SANYO S', '68', 5),
(810023105109, 'KALAIMANI K', '61', 8),
(810023105110, 'KAVIARASU K', '60', 8),
(810023105111, 'LAAVANYA M', '72', 8),
(810023105112, 'HARSHINEE A', '70', 8),
(810023105114, 'ANUSHA M', '65', 8),
(810023105115, 'VALLIPRIYA N', '50', 8),
(810023105116, 'VICHITRA V', '64', 8),
(810023105117, 'ANANTHALAKSHMI P', '62', 8);

-- --------------------------------------------------------

--
-- Table structure for table `eeebhs3152`
--

CREATE TABLE `eeebhs3152` (
  `regno` bigint(20) DEFAULT NULL,
  `name` varchar(255) DEFAULT NULL,
  `hs3152_mark` varchar(11) DEFAULT NULL,
  `hs3152_attendance` int(11) DEFAULT NULL
) ENGINE=InnoDB DEFAULT CHARSET=utf8mb4 COLLATE=utf8mb4_general_ci;

--
-- Dumping data for table `eeebhs3152`
--

INSERT INTO `eeebhs3152` (`regno`, `name`, `hs3152_mark`, `hs3152_attendance`) VALUES
(810023105059, 'VENGATESH V', '70', 21),
(810023105060, 'SHAMLI M', '72', 22),
(810023105061, 'BOWNIKA M', '72', 21),
(810023105062, 'SURYA', '75', 14),
(810023105063, 'SWATHI S', '72', 22),
(810023105064, 'VENNILA M', '84', 21),
(810023105065, 'SUDHARSANAN S', '53', 21),
(810023105066, 'RAGUL R', '54', 21),
(810023105067, 'SHANMUGANATHAN D', '81', 19),
(810023105068, 'ABARNA B', '77', 20),
(810023105069, 'NAVEEN M', '80', 21),
(810023105070, 'RAMYA LAKSHMI P', '80', 16),
(810023105071, 'MALATHI M', '76', 21),
(810023105072, 'DEVAPRASATH S', '74', 22),
(810023105073, 'MANORANJAN B', '74', 22),
(810023105074, 'DHARSHINI K', '74', 21),
(810023105075, 'SOBI KATHIR C', '71', 22),
(810023105076, 'SARABAVAN S', '86', 21),
(810023105077, 'DHARSHINI R', '77', 21),
(810023105078, 'SUDHARSHAN V', '72', 19),
(810023105079, 'VEDHA S', '76', 18),
(810023105080, 'EMERSON ETHIRAJ A', '53', 18),
(810023105081, 'NEETHIARASI M', '73', 19),
(810023105082, 'NAGUL R', '48', 21),
(810023105083, 'AKASH A', '59', 21),
(810023105084, 'KEERTHANA M', '82', 21),
(810023105085, 'KALAIYARASAN K', '63', 17),
(810023105086, 'YAZHINI A', '79', 21),
(810023105087, 'KANNIHA R', '90', 22),
(810023105088, 'PRIYADHARSHINI S', '81', 21),
(810023105089, 'SACHIN P', '62', 21),
(810023105090, 'AMIRTHARATHINAM P', '77', 21),
(810023105091, 'MEGHA S', '79', 19),
(810023105092, 'DINESH S', '76', 21),
(810023105093, 'YUGENDIRAN I', '70', 20),
(810023105094, 'SRI SINDHU L', '77', 21),
(810023105095, 'SRISANMATHI S', '81', 22),
(810023105096, 'JAYASHREE B', '85', 20),
(810023105097, 'YASIN KHAN N', '62', 19),
(810023105099, 'MONISHA S', '82', 21),
(810023105100, 'MAHALAKSHMI J', '83', 21),
(810023105101, 'SUBEGA M', '60', 21),
(810023105102, 'PRASANNA M', '58', 22),
(810023105103, 'VIMAL RAJ N', '70', 22),
(810023105104, 'SARAVANA PRAGADEESH E', '87', 18),
(810023105105, 'GURU RAM S', '80', 19),
(810023105106, 'VIGNESH S', '79', 22),
(810023105107, 'ANITHA A', '84', 20),
(810023105108, 'SANYO S', '73', 20),
(810023105109, 'KALAIMANI K', '84', 21),
(810023105110, 'KAVIARASU K', '71', 21),
(810023105111, 'LAAVANYA M', '93', 22),
(810023105112, 'HARSHINEE A', '89', 20),
(810023105114, 'ANUSHA M', '70', 18),
(810023105115, 'VALLIPRIYA N', '70', 21),
(810023105116, 'VICHITRA V', '50', 21),
(810023105117, 'ANANTHALAKSHMI P', '56', 17);

-- --------------------------------------------------------

--
-- Table structure for table `eeebma3151`
--

CREATE TABLE `eeebma3151` (
  `regno` bigint(20) DEFAULT NULL,
  `name` varchar(255) DEFAULT NULL,
  `ma3151_mark` varchar(11) DEFAULT NULL,
  `ma3151_attendance` int(11) DEFAULT NULL
) ENGINE=InnoDB DEFAULT CHARSET=utf8 COLLATE=utf8_unicode_ci;

-- --------------------------------------------------------

--
-- Table structure for table `eeebph3151`
--

CREATE TABLE `eeebph3151` (
  `regno` bigint(20) DEFAULT NULL,
  `name` varchar(255) DEFAULT NULL,
  `ph3151_mark` varchar(11) DEFAULT NULL,
  `ph3151_attendance` int(11) DEFAULT NULL
) ENGINE=InnoDB DEFAULT CHARSET=utf8 COLLATE=utf8_unicode_ci;

--
-- Dumping data for table `eeebph3151`
--

INSERT INTO `eeebph3151` (`regno`, `name`, `ph3151_mark`, `ph3151_attendance`) VALUES
(810023105059, 'VENGATESH V', '61', 20),
(810023105060, 'SHAMLI M', '69', 18),
(810023105061, 'BOWNIKA M', '61', 21),
(810023105062, 'SURYA', '60', 19),
(810023105063, 'SWATHI S', '60', 18),
(810023105064, 'VENNILA M', '60', 19),
(810023105065, 'SUDHARSANAN S', '60', 21),
(810023105066, 'RAGUL R', '60', 17),
(810023105067, 'SHANMUGANATHAN D', '60', 15),
(810023105068, 'ABARNA B', '60', 16),
(810023105069, 'NAVEEN M', '60', 20),
(810023105070, 'RAMYA LAKSHMI P', '60', 15),
(810023105071, 'MALATHI M', '60', 19),
(810023105072, 'DEVAPRASATH S', '60', 22),
(810023105073, 'MANORANJAN B', '60', 21),
(810023105074, 'DHARSHINI K', '60', 21),
(810023105075, 'SOBI KATHIR C', '60', 21),
(810023105076, 'SARABAVAN S', '60', 18),
(810023105077, 'DHARSHINI R', '60', 19),
(810023105078, 'SUDHARSHAN V', '60', 17),
(810023105079, 'VEDHA S', '60', 16),
(810023105080, 'EMERSON ETHIRAJ A', '60', 17),
(810023105081, 'NEETHIARASI M', '60', 17),
(810023105082, 'NAGUL R', '60', 18),
(810023105083, 'AKASH A', '60', 20),
(810023105084, 'KEERTHANA M', '68', 21),
(810023105085, 'KALAIYARASAN K', '60', 13),
(810023105086, 'YAZHINI A', '69', 15),
(810023105087, 'KANNIHA R', '70', 21),
(810023105088, 'PRIYADHARSHINI S', '60', 21),
(810023105089, 'SACHIN P', '60', 20),
(810023105090, 'AMIRTHARATHINAM P', '60', 20),
(810023105091, 'MEGHA S', '60', 20),
(810023105092, 'DINESH S', '63', 20),
(810023105093, 'YUGENDIRAN I', '60', 18),
(810023105094, 'SRI SINDHU L', '60', 20),
(810023105095, 'SRISANMATHI S', '60', 18),
(810023105096, 'JAYASHREE B', '72', 20),
(810023105097, 'YASIN KHAN N', '60', 18),
(810023105099, 'MONISHA S', '60', 18),
(810023105100, 'MAHALAKSHMI J', '67', 16),
(810023105101, 'SUBEGA M', '60', 21),
(810023105102, 'PRASANNA M', '60', 22),
(810023105103, 'VIMAL RAJ N', '60', 21),
(810023105104, 'SARAVANA PRAGADEESH E', '61', 17),
(810023105105, 'GURU RAM S', '60', 16),
(810023105106, 'VIGNESH S', '60', 21),
(810023105107, 'ANITHA A', '60', 20),
(810023105108, 'SANYO S', '60', 18),
(810023105109, 'KALAIMANI K', '61', 19),
(810023105110, 'KAVIARASU K', '60', 20),
(810023105111, 'LAAVANYA M', '76', 20),
(810023105112, 'HARSHINEE A', '63', 14),
(810023105114, 'ANUSHA M', '60', 15),
(810023105115, 'VALLIPRIYA N', '60', 19),
(810023105116, 'VICHITRA V', '60', 20),
(810023105117, 'ANANTHALAKSHMI P', '60', 16);

-- --------------------------------------------------------

--
-- Table structure for table `faculty`
--

CREATE TABLE `faculty` (
  `name` varchar(50) NOT NULL,
  `clshandle` varchar(20) NOT NULL,
  `semester` varchar(20) NOT NULL,
  `subcode` varchar(10) NOT NULL,
  `email` text NOT NULL,
  `staffdept` varchar(30) NOT NULL,
  `ep` varchar(11) NOT NULL
) ENGINE=InnoDB DEFAULT CHARSET=utf8mb4 COLLATE=utf8mb4_general_ci;

--
-- Dumping data for table `faculty`
--

INSERT INTO `faculty` (`name`, `clshandle`, `semester`, `subcode`, `email`, `staffdept`, `ep`) VALUES
('Mrs.G.Revathi', 'IT-A', '1', 'GE3151', 'revaguna7@gmail.com', 'CSE/IT', 'no'),
('Mrs.G.Revathi', 'IT-B', '1', 'GE3151', 'revaguna7@gmail.com', 'CSE/IT', 'no'),
('MRS.R.Sasikala', 'EEE-A', '1', 'GE3151', 'sastiinfotech@gmail.com', 'CSE/IT', 'no'),
('MRS.R.Sasikala', 'EEE-B', '1', 'GE3151', 'sastiinfotech@gmail.com', 'CSE/IT', 'no'),
('MRS.R.Sasikala', 'ECE-B', '1', 'GE3151', 'sastiinfotech@gmail.com', 'CSE/IT', 'no'),
('MR.M.Krishnakumar', 'ECE-A', '1', 'GE3151', 'krishnakumarme86@gmail.com', 'CSE/IT', 'no'),
('MR.M.Krishnakumar', 'BIOTECH', '1', 'GE3151', 'krishnakumarme86@gmail.com', 'CSE/IT', 'no'),
('MR.M.Krishnakumar', 'CSE-A', '1', 'GE3151', 'krishnakumarme86@gmail.com', 'CSE/IT', 'no'),
('Mrs.L.Vanitha', 'PETRO', '1', 'GE3151', 'vanithalaksh22@gmail.com', 'CSE/IT', 'no'),
('Mrs.L.Vanitha', 'PHARMA', '1', 'GE3151', 'vanithalaksh22@gmail.com', 'CSE/IT', 'no'),
('Mrs.N.Shanmuga Priya', 'CIVIL-A', '1', 'GE3151', 'priyashacse@gmail.com', 'CSE/IT', 'no'),
('Mrs.N.Shanmuga Priya', 'CIVILMECHANICAL-TM', '1', 'GE3151', 'priyashacse@gmail.com', 'CSE/IT', 'no'),
('Mrs.N.Shanmuga Priya', 'AUTOMOBILE', '1', 'GE3151', 'priyashacse@gmail.com', 'CSE/IT', 'no'),
('DR.C.Sharmila Devi', 'EEE-B', '1', 'MA3151', 'sharmilavadivelgh@gmail.com', 'Maths', 'no'),
('DR.C.Sharmila Devi', 'PETRO', '1', 'MA3151', 'sharmilavadivelgh@gmail.com', 'Maths', 'no'),
('DR.B.Palpandi', 'ECE-B', '1', 'MA3151', 'palpandiphd15@gmail.com', 'Maths', 'no'),
('MRS.S.Menaka', 'MECHANICAL-A', '1', 'MA3151', 'menaka.aut@gmail.com', 'Maths', 'no'),
('MRS.S.Menaka', 'MECHANICAL-B', '1', 'MA3151', 'menaka.aut@gmail.com', 'Maths', 'no'),
('DR.M.Aruvi', 'CSE-A', '1', 'MA3151', 'aruvi.aut@gmail.com ', 'Maths', 'no'),
('DR.M.Aruvi', 'AUTOMOBILE', '1', 'MA3151', 'aruvi.aut@gmail.com ', 'Maths', 'no'),
('DR.B.Sumithra', 'CIVIL-B', '1', 'MA3151', 'surajsumir@gmail.com ', 'Maths', 'no'),
('DR.B.Sumithra', 'CSE-B', '1', 'MA3151', 'surajsumir@gmail.com ', 'Maths', 'no'),
('DR.B.Sumithra', 'AUTOMOBILE', '1', 'MA3151', 'surajsumir@gmail.com ', 'Maths', 'no'),
('DR.S.Therasa', 'PHARMA', '1', 'MA3151', 'thema.jeje@gmail.com ', 'Maths', 'no'),
('Mrs.S.Mahalakshmi', 'CIVILMECHANICAL-TM', '1', 'MA3151', 'mahasenthil2@gmail.com', 'Maths', 'no'),
('Dr.S.Ramasubramanian', 'EEE-A', '1', 'MA3151', 'srsramdinesh@gmail.com', 'Maths', 'no'),
('Dr. R.Sebasthipriya', 'ECE-A', '1', 'MA3151', 'sebasthipriya@gmail.com', 'Maths', 'no'),
('Dr.K.Kamaraj', 'BIOTECH', '1', 'MA3151', 'krajkj@yahoo.com', 'Maths', 'no'),
('Dr.K.Kamaraj', 'IT-B', '1', 'MA3151', 'krajkj@yahoo.com', 'Maths', 'no'),
('Dr.A.Puvaneswari', 'CIVIL-A', '1', 'MA3151', 'apuvaneswari@gmail.com ', 'Maths', 'no'),
('Dr.A.Puvaneswari', 'IT-A', '1', 'MA3151', 'apuvaneswari@gmail.com ', 'Maths', 'no'),
('Dr.K.Nehru', 'MECHANICAL-B', '1', 'CY3151', 'knehru@aubit.edu.in', 'Chemistry', 'no'),
('Dr.N.Devika', 'AUTOMOBILE', '1', 'CY3151', 'devika.mekala@rediffmail.com', 'Chemistry', 'no'),
('Dr.N.Devika', 'CSE-B', '1', 'CY3151', 'devika.mekala@rediffmail.com', 'Chemistry', 'no'),
('Dr.V.K.Sethurpandian', 'IT-B', '1', 'CY3151', 'vksenthur@gmail.com', 'Chemistry', 'no'),
('Dr.V.K.Sethurpandian', 'PETRO', '1', 'CY3151', 'vksenthur@gmail.com', 'Chemistry', 'no'),
('Dr.E.Anuja', 'IT-A', '1', 'CY3151', 'anuja@aubit.edu.in', 'Chemistry', 'no'),
('Dr.E.Anuja', 'PHARMA', '1', 'CY3151', 'anuja@aubit.edu.in', 'Chemistry', 'no'),
('Dr.G.D.Gayathri', 'EEE-A', '1', 'CY3151', 'gayathri.tau@gmail.com', 'Chemistry', 'no'),
('Dr.G.D.Gayathri', 'EEE-B', '1', 'CY3151', 'gayathri.tau@gmail.com', 'Chemistry', 'no'),
('Dr.V.Thangaraj', 'MECHANICAL-A', '1', 'CY3151', 'thangamraj@gmail.com', 'Chemistry', 'no'),
('Dr.V.Thangaraj', 'CIVIL-B', '1', 'CY3151', 'thangamraj@gmail.com', 'Chemistry', 'no'),
('Dr.S.Moscow', 'ECE-A', '1', 'CY3151', 'moscowchem@gmail.com', 'Chemistry', 'no'),
('Dr.S.Moscow', 'AUTOMOBILE', '1', 'CY3151', 'moscowchem@gmail.com', 'Chemistry', 'no'),
('Dr.K.Kanimozhi', 'CSE-A', '1', 'CY3151', 'kanirams47@gmail.com', 'Chemistry', 'no'),
('Dr.K.Kanimozhi', 'ECE-B', '1', 'CY3151', 'kanirams47@gmail.com', 'Chemistry', 'no'),
('Dr.V.Tamilmani', 'BIOTECH', '1', 'CY3151', 'vj_tamil@yahoo.co.in', 'Chemistry', 'no'),
('Dr.V.Tamilmani', 'PETRO', '1', 'CY3151', 'vj_tamil@yahoo.co.in', 'Chemistry', 'no'),
('Dr.J.Jayachandran', 'CIVIL-A', '1', 'HS3152', 'jjannauniv@aubit.edu.in', 'English', 'no'),
('Dr.J.Jayachandran', 'CIVIL-B', '1', 'HS3152', 'jjannauniv@aubit.edu.in', 'English', 'no'),
('Dr.D.Elizabeth', 'IT-A', '1', 'HS3152', 'elizebethdhanasamy@gmail.com', 'English', 'no'),
('Dr.D.Elizabeth', 'IT-B', '1', 'HS3152', 'elizebethdhanasamy@gmail.com', 'English', 'no'),
('Dr.K.Renuka', 'MECHANICAL-A', '1', 'HS3152', 'renukak2609@gmail.com', 'English', 'no'),
('Dr.K.Renuka', 'MECHANICAL-B', '1', 'HS3152', 'renukak2609@gmail.com', 'English', 'no'),
('Mr.R.Shanmugavel', 'ECE-A', '1', 'HS3152', 'shanmugavel.85@gmail.com', 'English', 'no'),
('Mr.R.Shanmugavel', 'ECE-B', '1', 'HS3152', 'shanmugavel.85@gmail.com', 'English', 'no'),
('Mr.R.Shanmugavel', 'CIVILMECHANICAL-TM', '1', 'HS3152', 'shanmugavel.85@gmail.com', 'English', 'no'),
('Dr.N.Chitra', 'BIOTECH', '1', 'HS3152', 'chithubala.eng@gmail.com', 'English', 'no'),
('Dr.N.Chitra', 'PHARMA', '1', 'HS3152', 'chithubala.eng@gmail.com', 'English', 'no'),
('Dr.R.Nandhini', 'CSE-A', '1', 'HS3152', 'nandhinimani76@yahoo.co.in', 'English', 'no'),
('Dr.R.Nandhini', 'CSE-B', '1', 'HS3152', 'nandhinimani76@yahoo.co.in', 'English', 'no'),
('Dr.S.Gunasekaran', 'AUTOMOBILE', '1', 'HS3152', 'gunaboopesh@gmail.com', 'English', 'no'),
('Dr.S.Gunasekaran', 'PETRO', '1', 'HS3152', 'gunaboopesh@gmail.com', 'English', 'no'),
('Dr. P. Mani', 'CSE-A', '1', 'PH3151', 'drmaniphy@gmail.com', 'Physics', 'no'),
('Dr. P. Mani', 'CSE-B', '1', 'PH3151', 'drmaniphy@gmail.com', 'Physics', 'no'),
('Dr. A. Viswanathan', 'IT-A', '1', 'PH3151', 'alaganviswa@gmail.com', 'Physics', 'no'),
('Dr. A. Viswanathan', 'IT-B', '1', 'PH3151', 'alaganviswa@gmail.com', 'Physics', 'no'),
('Dr. V. Sivakumar', 'ECE-A', '1', 'PH3151', 'vshiv@yahoo.com', 'Physics', 'no'),
('Dr. V. Sivakumar', 'ECE-B', '1', 'PH3151', 'vshiv@yahoo.com', 'Physics', 'no'),
('Dr. A. Janaki Ramya', 'PETRO', '1', 'PH3151', 'renipapu@gmail.com', 'Physics', 'no'),
('Dr. A. Janaki Ramya', 'PHARMA', '1', 'PH3151', 'renipapu@gmail.com', 'Physics', 'no'),
('Dr. M. Saravanan', 'MECHANICAL-B', '1', 'PH3151', 'msandy.physics@gmail.com', 'Physics', 'no'),
('Mr. N. Ramakrishnan', 'CIVILMECHANICAL-TM', '1', 'PH3151', 'Ramkishri1974@gmail.com', 'Physics', 'no'),
('Dr. G. Senguttuvan', 'AUTOMOBILE', '1', 'PH3151', 'sengutuvan@yahoo.com', 'Physics', 'no'),
('Dr.R.Udhayakumar', 'EEE-B', '1', 'CY3151', 'dr.r.udhayakumar@gmail.com', 'Chemistry', 'yes'),
('Mr. N. Ramakrishnan', 'MECHANICAL-A', '1', 'PH3151', 'Ramkishri1974@gmail.com', 'Physics', 'no'),
('Dr.Brahadeeswaran', 'BIOTECH', '1', 'PH3151', 'sbrag67@yahoo.com', 'Physics', 'no'),
('Dr.I.Vetha Potheher', 'CIVIL-A', '1', 'PH3151', 'potheher@aubit.edu.in', 'Physics', 'no'),
('Dr.I.Vetha Potheher', 'CIVIL-B', '1', 'PH3151', 'potheher@aubit.edu.in', 'Physics', 'no'),
('Dr.K.Murugesan', 'MECHANICAL-A', '1', 'GE3152', 'murugu.kanakasabai@gmail.com', 'Tamil', 'no'),
('Dr.K.Murugesan', 'BIOTECH', '1', 'GE3152', 'murugu.kanakasabai@gmail.com', 'Tamil', 'no'),
('Dr.K.Murugesan', 'EEE-A', '1', 'GE3152', 'murugu.kanakasabai@gmail.com', 'Tamil', 'no'),
('Dr.K.Murugesan', 'IT-A', '1', 'GE3152', 'murugu.kanakasabai@gmail.com', 'Tamil', 'no'),
('Dr.K.Murugesan', 'PHARMA', '1', 'GE3152', 'murugu.kanakasabai@gmail.com', 'Tamil', 'no'),
('Dr.K.Murugesan', 'CIVIL-B', '1', 'GE3152', 'murugu.kanakasabai@gmail.com', 'Tamil', 'no'),
('Dr.K.Murugesan', 'ECE-B', '1', 'GE3152', 'murugu.kanakasabai@gmail.com', 'Tamil', 'no'),
('Dr.K.Murugesan', 'CSE-B', '1', 'GE3152', 'murugu.kanakasabai@gmail.com', 'Tamil', 'no'),
('Dr.M.Chandrasekaran', 'CIVIL-A', '1', 'GE3152', 'chandruchellam19@gmail.com', 'Tamil', 'no'),
('Dr.M.Chandrasekaran', 'CIVILMECHANICAL-TM', '1', 'GE3152', 'chandruchellam19@gmail.com', 'Tamil', 'no'),
('Dr.M.Chandrasekaran', 'PETRO', '1', 'GE3152', 'chandruchellam19@gmail.com', 'Tamil', 'no'),
('Dr.M.Chandrasekaran', 'ECE-A', '1', 'GE3152', 'chandruchellam19@gmail.com', 'Tamil', 'no'),
('Dr.M.Chandrasekaran', 'CSE-A', '1', 'GE3152', 'chandruchellam19@gmail.com', 'Tamil', 'no'),
('Dr.M.Chandrasekaran', 'AUTOMOBILE', '1', 'GE3152', 'chandruchellam19@gmail.com', 'Tamil', 'no'),
('Dr.M.Chandrasekaran', 'MECHANICAL-B', '1', 'GE3152', 'chandruchellam19@gmail.com', 'Tamil', 'no'),
('Dr.M.Chandrasekaran', 'EEE-B', '1', 'GE3152', 'chandruchellam19@gmail.com', 'Tamil', 'no'),
('Dr.M.Chandrasekaran', 'IT-B', '1', 'GE3152', 'chandruchellam19@gmail.com', 'Tamil', 'no'),
('Dr. V. R. Sarma Dhulipala', 'EEE-A', '1', 'PH3151', 'dvrsarma@aubit.edu.in', 'Physics', 'no'),
('Dr. V. R. Sarma Dhulipala', 'EEE-B', '1', 'PH3151', 'dvrsarma@aubit.edu.in', 'Physics', 'no'),
('Mrs.P.Abirama Sundari', 'MECHANICAL-A', '1', 'GE3151', 'abisen80@gmail.com', 'CSE/IT', 'no'),
('Mrs.P.Abirama Sundari', 'MECHANICAL-B', '1', 'GE3151', 'abisen80@gmail.com', 'CSE/IT', 'no'),
('Mrs.P.Abirama Sundari', 'CIVIL-B', '1', 'GE3151', 'abisen80@gmail.com', 'CSE/IT', 'no'),
('Dr.M.Ilaya Kanmani Nanmozhi', 'EEE-A', '1', 'HS3152', 'kanmanienglish@aubit.edu.in', 'English', 'no'),
('Dr.M.Ilaya Kanmani Nanmozhi', 'EEE-B', '1', 'HS3152', 'kanmanienglish@aubit.edu.in', 'English', 'no'),
('Dr.R.Udhayakumar', 'CIVIL-A', '1', 'CY3151', 'dr.r.udhayakumar@gmail.com', 'Chemistry', 'no'),
('Mrs.R.Sasikala', 'EEE-A', '1', 'GE3151', 'sastiinfotech@gmail.com', 'CSE/IT', 'no'),
('Mrs.R.Sasikala', 'EEE-B', '1', 'GE3151', 'sastiinfotech@gmail.com', 'CSE/IT', 'no'),
('Mrs.R.Sasikala', 'ECE-B', '1', 'GE3151', 'sastiinfotech@gmail.com', 'CSE/IT', 'no'),
('Mr.C.Suresh Kumar', 'CSE-B', '1', 'GE3151', 'msa.suresh@gmail.com', 'CSE/IT', 'no'),
('Dr.R.Thiruneelakandan', 'CIVILMECHANICAL-TM', '1', 'CY3151', 'rtkchemaut@gmail.com', 'Chemistry', 'no');

-- --------------------------------------------------------

--
-- Table structure for table `itacy3151`
--

CREATE TABLE `itacy3151` (
  `regno` bigint(20) DEFAULT NULL,
  `name` varchar(255) DEFAULT NULL,
  `cy3151_mark` varchar(11) DEFAULT NULL,
  `cy3151_attendance` int(11) DEFAULT NULL
) ENGINE=InnoDB DEFAULT CHARSET=utf8 COLLATE=utf8_unicode_ci;

--
-- Dumping data for table `itacy3151`
--

INSERT INTO `itacy3151` (`regno`, `name`, `cy3151_mark`, `cy3151_attendance`) VALUES
(810023205001, 'SURYA S', '45', 15),
(810023205002, 'NIRANJAN R', '88', 20),
(810023205003, 'GIRIJA K', '91', 20),
(810023205004, 'DHIVYA M', '80', 18),
(810023205005, 'SENTHAMIZHAN A', '73', 18),
(810023205006, 'KEERTHIVASAN P S', '85', 16),
(810023205007, 'PRAKASH M', '54', 18),
(810023205008, 'HARIHARAN T', '54', 18),
(810023205009, 'SIVA SANKAR V', '56', 14),
(810023205010, 'PUGAZHESHWARAN V', '51', 14),
(810023205011, 'VIGNESHWARAN S', '89', 18),
(810023205012, 'SATHIYA M', '96', 20),
(810023205013, 'AJAY D', '58', 16),
(810023205014, 'DHANALAKSHMI S', '57', 18),
(810023205015, 'DESIKA S', '78', 18),
(810023205016, 'GOVARDHAN S', '79', 16),
(810023205017, 'ABINAYA U', '94', 18),
(810023205018, 'JONES PRISTY D', '93', 18),
(810023205019, 'DHAARANYA S', '81', 18),
(810023205020, 'HARINI K', '96', 18),
(810023205021, 'ANTIN SHERIN V U', '91', 16),
(810023205022, 'BARATH R', '54', 18),
(810023205023, 'SAFILA FARHATH A S', '92', 18),
(810023205024, 'BHARATHI M', '67', 20),
(810023205025, 'ARCHANA J', '78', 20),
(810023205026, 'KAAVYA VARSHA R', '94', 18),
(810023205027, 'KARNIKA S', '90', 18),
(810023205028, 'JAYA BHARATHI S', '78', 20),
(810023205029, 'GUNAVARTHINI K', '66', 14),
(810023205030, 'DHANASEKAR K', '84', 16),
(810023205031, 'SURJITH S', '73', 20),
(810023205032, 'ANUSUYA V', '83', 20),
(810023205033, 'KEERTHIKA G B', '90', 20),
(810023205034, 'JANANI L', '68', 16),
(810023205035, 'PAVITHRA J', '93', 18),
(810023205036, 'PRAKASH S', '77', 18),
(810023205037, 'SWATHI K', '87', 20),
(810023205038, 'THEJASH S', '75', 18),
(810023205039, 'HARIKRISHNAN T', '88', 18),
(810023205040, 'RAJESHWARI P', '69', 20),
(810023205041, 'SARIHA S', '76', 16),
(810023205042, 'MANOBALA T N', '69', 16),
(810023205043, 'AJAY A', '74', 12),
(810023205044, 'MUHAMMED AARIF J', '73', 16),
(810023205045, 'ARUNKUMAR M', '67', 14),
(810023205046, 'NIRAIMATHI M', '80', 16),
(810023205047, 'HEYMANTH S M', '74', 20),
(810023205048, 'NIVEDHA M', '95', 16),
(810023205049, 'DEEPAN RAJA G', '86', 20),
(810023205050, 'ESSTHAR ANNAL J', '91', 18),
(810023205051, 'MOHAMED ISRIN A', '74', 20),
(810023205052, 'SRI RAGABHARATHI R', '71', 20),
(810023205053, 'ROJITH R A', '75', 16),
(810023205054, 'SINDHUJA S', '95', 20),
(810023205055, 'RAJIVI M', '63', 18),
(810023205056, 'LAKSHANA M', '87', 20),
(810023205057, 'VENMANI V', '85', 20),
(810023205058, 'PRAKASH S', '67', 18);

-- --------------------------------------------------------

--
-- Table structure for table `itage3151`
--

CREATE TABLE `itage3151` (
  `regno` bigint(20) DEFAULT NULL,
  `name` varchar(255) DEFAULT NULL,
  `ge3151_mark` varchar(11) DEFAULT NULL,
  `ge3151_attendance` int(11) DEFAULT NULL
) ENGINE=InnoDB DEFAULT CHARSET=utf8 COLLATE=utf8_unicode_ci;

--
-- Dumping data for table `itage3151`
--

INSERT INTO `itage3151` (`regno`, `name`, `ge3151_mark`, `ge3151_attendance`) VALUES
(810023205001, 'SURYA S', '47', 16),
(810023205002, 'NIRANJAN R', '80', 19),
(810023205003, 'GIRIJA K', '89', 19),
(810023205004, 'DHIVYA M', '71', 19),
(810023205005, 'SENTHAMIZHAN A', '73', 19),
(810023205006, 'KEERTHIVASAN P S', '84', 18),
(810023205007, 'PRAKASH M', '64', 18),
(810023205008, 'HARIHARAN T', '69', 19),
(810023205009, 'SIVA SANKAR V', '67', 18),
(810023205010, 'PUGAZHESHWARAN V', '73', 19),
(810023205011, 'VIGNESHWARAN S', '86', 19),
(810023205012, 'SATHIYA M', '88', 19),
(810023205013, 'AJAY D', '56', 17),
(810023205014, 'DHANALAKSHMI S', '67', 15),
(810023205015, 'DESIKA S', '84', 19),
(810023205016, 'GOVARDHAN S', '76', 19),
(810023205017, 'ABINAYA U', '90', 19),
(810023205018, 'JONES PRISTY D', '92', 19),
(810023205019, 'DHAARANYA S', '90', 18),
(810023205020, 'HARINI K', '86', 18),
(810023205021, 'ANTIN SHERIN V U', '79', 19),
(810023205022, 'BARATH R', '64', 18),
(810023205023, 'SAFILA FARHATH A S', '80', 18),
(810023205024, 'BHARATHI M', '80', 19),
(810023205025, 'ARCHANA J', '82', 19),
(810023205026, 'KAAVYA VARSHA R', '90', 19),
(810023205027, 'KARNIKA S', '78', 19),
(810023205028, 'JAYA BHARATHI S', '84', 19),
(810023205029, 'GUNAVARTHINI K', '75', 17),
(810023205030, 'DHANASEKAR K', '79', 19),
(810023205031, 'SURJITH S', '72', 19),
(810023205032, 'ANUSUYA V', '89', 18),
(810023205033, 'KEERTHIKA G B', '86', 19),
(810023205034, 'JANANI L', '74', 16),
(810023205035, 'PAVITHRA J', '90', 19),
(810023205036, 'PRAKASH S', '82', 19),
(810023205037, 'SWATHI K', '82', 19),
(810023205038, 'THEJASH S', '81', 19),
(810023205039, 'HARIKRISHNAN T', '80', 19),
(810023205040, 'RAJESHWARI P', '84', 19),
(810023205041, 'SARIHA S', '82', 16),
(810023205042, 'MANOBALA T N', '88', 17),
(810023205043, 'AJAY A', '79', 15),
(810023205044, 'MUHAMMED AARIF J', '68', 19),
(810023205045, 'ARUNKUMAR M', '65', 19),
(810023205046, 'NIRAIMATHI M', '77', 16),
(810023205047, 'HEYMANTH S M', '79', 19),
(810023205048, 'NIVEDHA M', '80', 17),
(810023205049, 'DEEPAN RAJA G', '85', 19),
(810023205050, 'ESSTHAR ANNAL J', '88', 18),
(810023205051, 'MOHAMED ISRIN A', '78', 19),
(810023205052, 'SRI RAGABHARATHI R', '72', 15),
(810023205053, 'ROJITH R A', '84', 18),
(810023205054, 'SINDHUJA S', '85', 19),
(810023205055, 'RAJIVI M', '80', 19),
(810023205056, 'LAKSHANA M', '90', 19),
(810023205057, 'VENMANI V', '77', 18),
(810023205058, 'PRAKASH S', '70', 17);

-- --------------------------------------------------------

--
-- Table structure for table `itage3152`
--

CREATE TABLE `itage3152` (
  `regno` bigint(20) DEFAULT NULL,
  `name` varchar(255) DEFAULT NULL,
  `ge3152_mark` varchar(11) DEFAULT NULL,
  `ge3152_attendance` int(11) DEFAULT NULL
) ENGINE=InnoDB DEFAULT CHARSET=utf8 COLLATE=utf8_unicode_ci;

--
-- Dumping data for table `itage3152`
--

INSERT INTO `itage3152` (`regno`, `name`, `ge3152_mark`, `ge3152_attendance`) VALUES
(810023205001, 'SURYA S', '61', 7),
(810023205002, 'NIRANJAN R', '60', 8),
(810023205003, 'GIRIJA K', '90', 8),
(810023205004, 'DHIVYA M', '64', 8),
(810023205005, 'SENTHAMIZHAN A', '76', 8),
(810023205006, 'KEERTHIVASAN P S', '72', 7),
(810023205007, 'PRAKASH M', '70', 7),
(810023205008, 'HARIHARAN T', '58', 8),
(810023205009, 'SIVA SANKAR V', '66', 6),
(810023205010, 'PUGAZHESHWARAN V', '60', 8),
(810023205011, 'VIGNESHWARAN S', '70', 8),
(810023205012, 'SATHIYA M', '93', 8),
(810023205013, 'AJAY D', '60', 6),
(810023205014, 'DHANALAKSHMI S', '84', 7),
(810023205015, 'DESIKA S', '68', 8),
(810023205016, 'GOVARDHAN S', '71', 8),
(810023205017, 'ABINAYA U', '80', 8),
(810023205018, 'JONES PRISTY D', '80', 8),
(810023205019, 'DHAARANYA S', '85', 7),
(810023205020, 'HARINI K', '93', 7),
(810023205021, 'ANTIN SHERIN V U', '85', 8),
(810023205022, 'BARATH R', '61', 8),
(810023205023, 'SAFILA FARHATH A S', '86', 7),
(810023205024, 'BHARATHI M', '71', 8),
(810023205025, 'ARCHANA J', '78', 8),
(810023205026, 'KAAVYA VARSHA R', '85', 8),
(810023205027, 'KARNIKA S', '78', 8),
(810023205028, 'JAYA BHARATHI S', '62', 8),
(810023205029, 'GUNAVARTHINI K', '66', 8),
(810023205030, 'DHANASEKAR K', '71', 8),
(810023205031, 'SURJITH S', '64', 8),
(810023205032, 'ANUSUYA V', '79', 8),
(810023205033, 'KEERTHIKA G B', '81', 8),
(810023205034, 'JANANI L', '81', 7),
(810023205035, 'PAVITHRA J', '91', 8),
(810023205036, 'PRAKASH S', '70', 8),
(810023205037, 'SWATHI K', '70', 8),
(810023205038, 'THEJASH S', '74', 8),
(810023205039, 'HARIKRISHNAN T', '88', 8),
(810023205040, 'RAJESHWARI P', '88', 8),
(810023205041, 'SARIHA S', '83', 7),
(810023205042, 'MANOBALA T N', '70', 7),
(810023205043, 'AJAY A', '60', 7),
(810023205044, 'MUHAMMED AARIF J', '63', 7),
(810023205045, 'ARUNKUMAR M', '61', 8),
(810023205046, 'NIRAIMATHI M', '81', 7),
(810023205047, 'HEYMANTH S M', '71', 8),
(810023205048, 'NIVEDHA M', '72', 7),
(810023205049, 'DEEPAN RAJA G', '92', 8),
(810023205050, 'ESSTHAR ANNAL J', '91', 8),
(810023205051, 'MOHAMED ISRIN A', '81', 8),
(810023205052, 'SRI RAGABHARATHI R', '68', 8),
(810023205053, 'ROJITH R A', '73', 8),
(810023205054, 'SINDHUJA S', '85', 8),
(810023205055, 'RAJIVI M', '88', 8),
(810023205056, 'LAKSHANA M', '79', 8),
(810023205057, 'VENMANI V', '73', 8),
(810023205058, 'PRAKASH S', '81', 8);

-- --------------------------------------------------------

--
-- Table structure for table `itahs3152`
--

CREATE TABLE `itahs3152` (
  `regno` bigint(20) DEFAULT NULL,
  `name` varchar(255) DEFAULT NULL,
  `hs3152_mark` varchar(11) DEFAULT NULL,
  `hs3152_attendance` int(11) DEFAULT NULL
) ENGINE=InnoDB DEFAULT CHARSET=utf8 COLLATE=utf8_unicode_ci;

--
-- Dumping data for table `itahs3152`
--

INSERT INTO `itahs3152` (`regno`, `name`, `hs3152_mark`, `hs3152_attendance`) VALUES
(810023205001, 'SURYA S', '45', 21),
(810023205002, 'NIRANJAN R', '73', 23),
(810023205003, 'GIRIJA K', '72', 22),
(810023205004, 'DHIVYA M', '78', 21),
(810023205005, 'SENTHAMIZHAN A', '65', 21),
(810023205006, 'KEERTHIVASAN P S', '80', 21),
(810023205007, 'PRAKASH M', '62', 20),
(810023205008, 'HARIHARAN T', '66', 22),
(810023205009, 'SIVA SANKAR V', '63', 21),
(810023205010, 'PUGAZHESHWARAN V', '65', 21),
(810023205011, 'VIGNESHWARAN S', '70', 21),
(810023205012, 'SATHIYA M', '82', 23),
(810023205013, 'AJAY D', '65', 20),
(810023205014, 'DHANALAKSHMI S', '61', 16),
(810023205015, 'DESIKA S', '80', 22),
(810023205016, 'GOVARDHAN S', '70', 21),
(810023205017, 'ABINAYA U', '88', 22),
(810023205018, 'JONES PRISTY D', '79', 22),
(810023205019, 'DHAARANYA S', '70', 21),
(810023205020, 'HARINI K', '84', 21),
(810023205021, 'ANTIN SHERIN V U', '76', 22),
(810023205022, 'BARATH R', '71', 22),
(810023205023, 'SAFILA FARHATH A S', '78', 21),
(810023205024, 'BHARATHI M', '70', 23),
(810023205025, 'ARCHANA J', '84', 21),
(810023205026, 'KAAVYA VARSHA R', '87', 23),
(810023205027, 'KARNIKA S', '81', 23),
(810023205028, 'JAYA BHARATHI S', '73', 21),
(810023205029, 'GUNAVARTHINI K', '69', 19),
(810023205030, 'DHANASEKAR K', '70', 21),
(810023205031, 'SURJITH S', '72', 23),
(810023205032, 'ANUSUYA V', '76', 20),
(810023205033, 'KEERTHIKA G B', '66', 22),
(810023205034, 'JANANI L', '58', 18),
(810023205035, 'PAVITHRA J', '74', 22),
(810023205036, 'PRAKASH S', '74', 21),
(810023205037, 'SWATHI K', '77', 23),
(810023205038, 'THEJASH S', '67', 20),
(810023205039, 'HARIKRISHNAN T', '72', 21),
(810023205040, 'RAJESHWARI P', '65', 22),
(810023205041, 'SARIHA S', '72', 18),
(810023205042, 'MANOBALA T N', '76', 17),
(810023205043, 'AJAY A', '89', 15),
(810023205044, 'MUHAMMED AARIF J', '73', 21),
(810023205045, 'ARUNKUMAR M', '68', 19),
(810023205046, 'NIRAIMATHI M', '84', 18),
(810023205047, 'HEYMANTH S M', '76', 21),
(810023205048, 'NIVEDHA M', '72', 21),
(810023205049, 'DEEPAN RAJA G', '70', 22),
(810023205050, 'ESSTHAR ANNAL J', '71', 23),
(810023205051, 'MOHAMED ISRIN A', '70', 23),
(810023205052, 'SRI RAGABHARATHI R', '71', 17),
(810023205053, 'ROJITH R A', '76', 21),
(810023205054, 'SINDHUJA S', '84', 22),
(810023205055, 'RAJIVI M', '68', 21),
(810023205056, 'LAKSHANA M', '82', 22),
(810023205057, 'VENMANI V', '73', 17),
(810023205058, 'PRAKASH S', '70', 19);

-- --------------------------------------------------------

--
-- Table structure for table `itama3151`
--

CREATE TABLE `itama3151` (
  `regno` bigint(20) DEFAULT NULL,
  `name` varchar(255) DEFAULT NULL,
  `ma3151_mark` varchar(11) DEFAULT NULL,
  `ma3151_attendance` int(11) DEFAULT NULL
) ENGINE=InnoDB DEFAULT CHARSET=utf8 COLLATE=utf8_unicode_ci;

--
-- Dumping data for table `itama3151`
--

INSERT INTO `itama3151` (`regno`, `name`, `ma3151_mark`, `ma3151_attendance`) VALUES
(810023205001, 'SURYA S', '53', 24),
(810023205002, 'NIRANJAN R', '80', 30),
(810023205003, 'GIRIJA K', '77', 31),
(810023205004, 'DHIVYA M', '41', 29),
(810023205005, 'SENTHAMIZHAN A', '64', 27),
(810023205006, 'KEERTHIVASAN P S', '69', 27),
(810023205007, 'PRAKASH M', '45', 27),
(810023205008, 'HARIHARAN T', '50', 28),
(810023205009, 'SIVA SANKAR V', '49', 24),
(810023205010, 'PUGAZHESHWARAN V', '63', 25),
(810023205011, 'VIGNESHWARAN S', '97', 27),
(810023205012, 'SATHIYA M', '99', 32),
(810023205013, 'AJAY D', '31', 27),
(810023205014, 'DHANALAKSHMI S', '34', 26),
(810023205015, 'DESIKA S', '69', 29),
(810023205016, 'GOVARDHAN S', '89', 26),
(810023205017, 'ABINAYA U', '94', 29),
(810023205018, 'JONES PRISTY D', '94', 29),
(810023205019, 'DHAARANYA S', '88', 30),
(810023205020, 'HARINI K', '88', 30),
(810023205021, 'ANTIN SHERIN V U', '61', 29),
(810023205022, 'BARATH R', '57', 28),
(810023205023, 'SAFILA FARHATH A S', '79', 30),
(810023205024, 'BHARATHI M', '64', 30),
(810023205025, 'ARCHANA J', '81', 31),
(810023205026, 'KAAVYA VARSHA R', '72', 31),
(810023205027, 'KARNIKA S', '74', 32),
(810023205028, 'JAYA BHARATHI S', '81', 31),
(810023205029, 'GUNAVARTHINI K', '52', 27),
(810023205030, 'DHANASEKAR K', '90', 26),
(810023205031, 'SURJITH S', '81', 30),
(810023205032, 'ANUSUYA V', '58', 27),
(810023205033, 'KEERTHIKA G B', '78', 31),
(810023205034, 'JANANI L', '71', 27),
(810023205035, 'PAVITHRA J', '76', 30),
(810023205036, 'PRAKASH S', '84', 29),
(810023205037, 'SWATHI K', '54', 32),
(810023205038, 'THEJASH S', '65', 29),
(810023205039, 'HARIKRISHNAN T', '93', 28),
(810023205040, 'RAJESHWARI P', '57', 31),
(810023205041, 'SARIHA S', '84', 26),
(810023205042, 'MANOBALA T N', '76', 25),
(810023205043, 'AJAY A', '55', 23),
(810023205044, 'MUHAMMED AARIF J', '62', 25),
(810023205045, 'ARUNKUMAR M', '31', 24),
(810023205046, 'NIRAIMATHI M', '53', 27),
(810023205047, 'HEYMANTH S M', '67', 28),
(810023205048, 'NIVEDHA M', '54', 28),
(810023205049, 'DEEPAN RAJA G', '78', 29),
(810023205050, 'ESSTHAR ANNAL J', '82', 30),
(810023205051, 'MOHAMED ISRIN A', '69', 30),
(810023205052, 'SRI RAGABHARATHI R', '86', 27),
(810023205053, 'ROJITH R A', '68', 26),
(810023205054, 'SINDHUJA S', '69', 31),
(810023205055, 'RAJIVI M', '39', 26),
(810023205056, 'LAKSHANA M', '80', 31),
(810023205057, 'VENMANI V', '72', 29),
(810023205058, 'PRAKASH S', '49', 24);

-- --------------------------------------------------------

--
-- Table structure for table `itaph3151`
--

CREATE TABLE `itaph3151` (
  `regno` bigint(20) DEFAULT NULL,
  `name` varchar(255) DEFAULT NULL,
  `ph3151_mark` varchar(11) DEFAULT NULL,
  `ph3151_attendance` int(11) DEFAULT NULL
) ENGINE=InnoDB DEFAULT CHARSET=utf8 COLLATE=utf8_unicode_ci;

--
-- Dumping data for table `itaph3151`
--

INSERT INTO `itaph3151` (`regno`, `name`, `ph3151_mark`, `ph3151_attendance`) VALUES
(810023205001, 'SURYA S', '50', 16),
(810023205002, 'NIRANJAN R', '81', 21),
(810023205003, 'GIRIJA K', '95', 21),
(810023205004, 'DHIVYA M', '67', 20),
(810023205005, 'SENTHAMIZHAN A', '68', 20),
(810023205006, 'KEERTHIVASAN P S', '77', 18),
(810023205007, 'PRAKASH M', '56', 19),
(810023205008, 'HARIHARAN T', '58', 20),
(810023205009, 'SIVA SANKAR V', '69', 18),
(810023205010, 'PUGAZHESHWARAN V', '70', 19),
(810023205011, 'VIGNESHWARAN S', '81', 20),
(810023205012, 'SATHIYA M', '98', 21),
(810023205013, 'AJAY D', '55', 17),
(810023205014, 'DHANALAKSHMI S', '60', 18),
(810023205015, 'DESIKA S', '82', 20),
(810023205016, 'GOVARDHAN S', '94', 19),
(810023205017, 'ABINAYA U', '97', 21),
(810023205018, 'JONES PRISTY D', '93', 21),
(810023205019, 'DHAARANYA S', '95', 20),
(810023205020, 'HARINI K', '94', 19),
(810023205021, 'ANTIN SHERIN V U', '85', 19),
(810023205022, 'BARATH R', '70', 19),
(810023205023, 'SAFILA FARHATH A S', '98', 19),
(810023205024, 'BHARATHI M', '88', 21),
(810023205025, 'ARCHANA J', '77', 20),
(810023205026, 'KAAVYA VARSHA R', '96', 21),
(810023205027, 'KARNIKA S', '78', 21),
(810023205028, 'JAYA BHARATHI S', '83', 20),
(810023205029, 'GUNAVARTHINI K', '80', 19),
(810023205030, 'DHANASEKAR K', '91', 19),
(810023205031, 'SURJITH S', '88', 21),
(810023205032, 'ANUSUYA V', '95', 21),
(810023205033, 'KEERTHIKA G B', '95', 21),
(810023205034, 'JANANI L', '91', 18),
(810023205035, 'PAVITHRA J', '94', 20),
(810023205036, 'PRAKASH S', '85', 20),
(810023205037, 'SWATHI K', '83', 21),
(810023205038, 'THEJASH S', '87', 20),
(810023205039, 'HARIKRISHNAN T', '80', 21),
(810023205040, 'RAJESHWARI P', '74', 21),
(810023205041, 'SARIHA S', '81', 18),
(810023205042, 'MANOBALA T N', '75', 17),
(810023205043, 'AJAY A', '66', 16),
(810023205044, 'MUHAMMED AARIF J', '87', 20),
(810023205045, 'ARUNKUMAR M', '65', 19),
(810023205046, 'NIRAIMATHI M', '80', 18),
(810023205047, 'HEYMANTH S M', '80', 21),
(810023205048, 'NIVEDHA M', '91', 20),
(810023205049, 'DEEPAN RAJA G', '99', 21),
(810023205050, 'ESSTHAR ANNAL J', '93', 20),
(810023205051, 'MOHAMED ISRIN A', '93', 21),
(810023205052, 'SRI RAGABHARATHI R', '80', 21),
(810023205053, 'ROJITH R A', '95', 18),
(810023205054, 'SINDHUJA S', '94', 21),
(810023205055, 'RAJIVI M', '81', 20),
(810023205056, 'LAKSHANA M', '83', 21),
(810023205057, 'VENMANI V', '86', 20),
(810023205058, 'PRAKASH S', '70', 19);

-- --------------------------------------------------------

--
-- Table structure for table `itbcy3151`
--

CREATE TABLE `itbcy3151` (
  `regno` bigint(20) DEFAULT NULL,
  `name` varchar(255) DEFAULT NULL,
  `cy3151_mark` varchar(11) DEFAULT NULL,
  `cy3151_attendance` int(11) DEFAULT NULL
) ENGINE=InnoDB DEFAULT CHARSET=utf8 COLLATE=utf8_unicode_ci;

--
-- Dumping data for table `itbcy3151`
--

INSERT INTO `itbcy3151` (`regno`, `name`, `cy3151_mark`, `cy3151_attendance`) VALUES
(810023205059, 'KALAIYARASI M', '75', 24),
(810023205060, 'LOGESHKUMAR M', '78', 25),
(810023205061, 'SUGANTHAN R', '79', 24),
(810023205062, 'VIGNESHWARAN L', '91', 21),
(810023205063, 'SANTHOSH A', '94', 24),
(810023205064, 'MADHUMITHA R', '82', 22),
(810023205065, 'KEERTHANA', '90', 24),
(810023205066, 'KEERTHANA A', '99', 25),
(810023205067, 'GOMATHI R', '84', 23),
(810023205068, 'KEERTHANA R', '88', 21),
(810023205069, 'SARANRAJ R', '65', 21),
(810023205070, 'EZHILARASAN J', '69', 20),
(810023205071, 'DEEPADHARSHINI M', '83', 23),
(810023205072, 'SRINITHI S', '71', 23),
(810023205073, 'BHARATHI P', '86', 24),
(810023205074, 'SRIBALAJI G', '76', 24),
(810023205075, 'RAHUL K', '54', 17),
(810023205076, 'ARJUN C', '89', 24),
(810023205077, 'SIVAPRASANTH', '57', 18),
(810023205078, 'PRICIKA K', '66', 23),
(810023205079, 'SRIMATHI J', '81', 22),
(810023205081, 'ABITHADEVI R', '77', 23),
(810023205082, 'MOHANRAJ V', '61', 23),
(810023205083, 'JANANI S', '67', 22),
(810023205084, 'AKSHAYA S', '46', 22),
(810023205085, 'LAVANYA A', '65', 12),
(810023205086, 'SUVARNALEKHAA N', '82', 24),
(810023205087, 'KESAVAN E', '86', 24),
(810023205088, 'BHAVADHARANI B', '77', 22),
(810023205089, 'LAVANYA D', '71', 23),
(810023205090, 'SANTHIYA E', '94', 23),
(810023205091, 'RANGANATHAN M', '60', 21),
(810023205092, 'JAI AAKASH R', '40', 15),
(810023205093, 'KARTHIKEYAN H', '82', 24),
(810023205094, 'JANAHAN E', '85', 23),
(810023205095, 'MANOJ C', '79', 25),
(810023205096, 'YOGESH U G', '78', 24),
(810023205097, 'JANARANJANI M', '92', 24),
(810023205098, 'ABISHEK K', '88', 24),
(810023205099, 'HARINI S', '80', 23),
(810023205100, 'MARY SHALINI A', '79', 24),
(810023205101, 'SATHYASEELAN', '57', 16),
(810023205102, 'VARSHA T', '95', 24),
(810023205103, 'KISHORE R', '69', 18),
(810023205104, 'AHAMED NOOR Z', '83', 21),
(810023205105, 'SANGEETHA M', '84', 22),
(810023205106, 'ANBUKUMAR M', '69', 22),
(810023205107, 'RAVINASRI R', '78', 23),
(810023205108, 'MARUTHAKUMARAN M', '85', 23),
(810023205110, 'MANIKANDAN', '59', 17),
(810023205111, 'NAVEEN M', '89', 24),
(810023205112, 'SIVABALAN S', '46', 17),
(810023205113, 'KAVINRAJAN K', '48', 18),
(810023205114, 'ELAIYAMUGILAN S', '79', 25),
(810023205115, 'HITHESH K', '87', 23),
(810023205116, 'GOKULNATH V', '50', 18);

-- --------------------------------------------------------

--
-- Table structure for table `itbge3151`
--

CREATE TABLE `itbge3151` (
  `regno` bigint(20) DEFAULT NULL,
  `name` varchar(255) DEFAULT NULL,
  `ge3151_mark` varchar(11) DEFAULT NULL,
  `ge3151_attendance` int(11) DEFAULT NULL
) ENGINE=InnoDB DEFAULT CHARSET=utf8 COLLATE=utf8_unicode_ci;

--
-- Dumping data for table `itbge3151`
--

INSERT INTO `itbge3151` (`regno`, `name`, `ge3151_mark`, `ge3151_attendance`) VALUES
(810023205059, 'KALAIYARASI M', '87', 14),
(810023205060, 'LOGESHKUMAR M', '82', 12),
(810023205061, 'SUGANTHAN R', '79', 12),
(810023205062, 'VIGNESHWARAN L', '81', 12),
(810023205063, 'SANTHOSH A', '77', 12),
(810023205064, 'MADHUMITHA R', '89', 12),
(810023205065, 'KEERTHANA', '86', 14),
(810023205066, 'KEERTHANA A', '87', 13),
(810023205067, 'GOMATHI R', '87', 13),
(810023205068, 'KEERTHANA R', '72', 10),
(810023205069, 'SARANRAJ R', '78', 11),
(810023205070, 'EZHILARASAN J', '73', 13),
(810023205071, 'DEEPADHARSHINI M', '86', 11),
(810023205072, 'SRINITHI S', '78', 12),
(810023205073, 'BHARATHI P', '74', 12),
(810023205074, 'SRIBALAJI G', '81', 14),
(810023205075, 'RAHUL K', '69', 8),
(810023205076, 'ARJUN C', '82', 11),
(810023205077, 'SIVAPRASANTH', '67', 8),
(810023205078, 'PRICIKA K', '73', 13),
(810023205079, 'SRIMATHI J', '63', 10),
(810023205081, 'ABITHADEVI R', '88', 12),
(810023205082, 'MOHANRAJ V', '71', 12),
(810023205083, 'JANANI S', '67', 13),
(810023205084, 'AKSHAYA S', '59', 9),
(810023205085, 'LAVANYA A', '50', 5),
(810023205086, 'SUVARNALEKHAA N', '75', 13),
(810023205087, 'KESAVAN E', '78', 12),
(810023205088, 'BHAVADHARANI B', '82', 11),
(810023205089, 'LAVANYA D', '71', 14),
(810023205090, 'SANTHIYA E', '84', 14),
(810023205091, 'RANGANATHAN M', '73', 10),
(810023205092, 'JAI AAKASH R', '71', 10),
(810023205093, 'KARTHIKEYAN H', '73', 13),
(810023205094, 'JANAHAN E', '84', 12),
(810023205095, 'MANOJ C', '79', 14),
(810023205096, 'YOGESH U G', '81', 14),
(810023205097, 'JANARANJANI M', '83', 14),
(810023205098, 'ABISHEK K', '76', 14),
(810023205099, 'HARINI S', '85', 12),
(810023205100, 'MARY SHALINI A', '84', 14),
(810023205101, 'SATHYASEELAN', '70', 9),
(810023205102, 'VARSHA T', '77', 14),
(810023205103, 'KISHORE R', '66', 10),
(810023205104, 'AHAMED NOOR Z', '63', 10),
(810023205105, 'SANGEETHA M', '81', 10),
(810023205106, 'ANBUKUMAR M', '81', 13),
(810023205107, 'RAVINASRI R', '79', 13),
(810023205108, 'MARUTHAKUMARAN M', '73', 14),
(810023205110, 'MANIKANDAN', '77', 9),
(810023205111, 'NAVEEN M', '78', 12),
(810023205112, 'SIVABALAN S', '66', 8),
(810023205113, 'KAVINRAJAN K', '49', 10),
(810023205114, 'ELAIYAMUGILAN S', '82', 14),
(810023205115, 'HITHESH K', '64', 11),
(810023205116, 'GOKULNATH V', '59', 9);

-- --------------------------------------------------------

--
-- Table structure for table `itbge3152`
--

CREATE TABLE `itbge3152` (
  `regno` bigint(20) DEFAULT NULL,
  `name` varchar(255) DEFAULT NULL,
  `ge3152_mark` varchar(11) DEFAULT NULL,
  `ge3152_attendance` int(11) DEFAULT NULL
) ENGINE=InnoDB DEFAULT CHARSET=utf8 COLLATE=utf8_unicode_ci;

--
-- Dumping data for table `itbge3152`
--

INSERT INTO `itbge3152` (`regno`, `name`, `ge3152_mark`, `ge3152_attendance`) VALUES
(810023205059, 'KALAIYARASI M', '67', 9),
(810023205060, 'LOGESHKUMAR M', '71', 9),
(810023205061, 'SUGANTHAN R', '56', 9),
(810023205062, 'VIGNESHWARAN L', '62', 9),
(810023205063, 'SANTHOSH A', '72', 9),
(810023205064, 'MADHUMITHA R', '60', 8),
(810023205065, 'KEERTHANA', '66', 9),
(810023205066, 'KEERTHANA A', '85', 8),
(810023205067, 'GOMATHI R', '82', 9),
(810023205068, 'KEERTHANA R', '80', 9),
(810023205069, 'SARANRAJ R', '20', 7),
(810023205070, 'EZHILARASAN J', '30', 7),
(810023205071, 'DEEPADHARSHINI M', '65', 9),
(810023205072, 'SRINITHI S', '60', 9),
(810023205073, 'BHARATHI P', '66', 9),
(810023205074, 'SRIBALAJI G', '75', 9),
(810023205075, 'RAHUL K', '56', 7),
(810023205076, 'ARJUN C', '70', 9),
(810023205077, 'SIVAPRASANTH', '18', 7),
(810023205078, 'PRICIKA K', '59', 8),
(810023205079, 'SRIMATHI J', '76', 8),
(810023205081, 'ABITHADEVI R', '70', 8),
(810023205082, 'MOHANRAJ V', '65', 8),
(810023205083, 'JANANI S', '55', 8),
(810023205084, 'AKSHAYA S', '56', 7),
(810023205085, 'LAVANYA A', '45', 5),
(810023205086, 'SUVARNALEKHAA N', '68', 9),
(810023205087, 'KESAVAN E', '74', 9),
(810023205088, 'BHAVADHARANI B', '70', 7),
(810023205089, 'LAVANYA D', '74', 9),
(810023205090, 'SANTHIYA E', '73', 8),
(810023205091, 'RANGANATHAN M', '56', 7),
(810023205092, 'JAI AAKASH R', '14', 6),
(810023205093, 'KARTHIKEYAN H', '63', 9),
(810023205094, 'JANAHAN E', '80', 8),
(810023205095, 'MANOJ C', '70', 9),
(810023205096, 'YOGESH U G', '56', 9),
(810023205097, 'JANARANJANI M', '61', 9),
(810023205098, 'ABISHEK K', '66', 9),
(810023205099, 'HARINI S', '57', 9),
(810023205100, 'MARY SHALINI A', '78', 9),
(810023205101, 'SATHYASEELAN', '20', 6),
(810023205102, 'VARSHA T', '75', 9),
(810023205103, 'KISHORE R', '63', 8),
(810023205104, 'AHAMED NOOR Z', '51', 8),
(810023205105, 'SANGEETHA M', '76', 8),
(810023205106, 'ANBUKUMAR M', '67', 9),
(810023205107, 'RAVINASRI R', '60', 9),
(810023205108, 'MARUTHAKUMARAN M', '68', 8),
(810023205110, 'MANIKANDAN', '63', 6),
(810023205111, 'NAVEEN M', '59', 9),
(810023205112, 'SIVABALAN S', '49', 7),
(810023205113, 'KAVINRAJAN K', '52', 8),
(810023205114, 'ELAIYAMUGILAN S', '70', 8),
(810023205115, 'HITHESH K', '63', 8),
(810023205116, 'GOKULNATH V', '56', 7);

-- --------------------------------------------------------

--
-- Table structure for table `itbhs3152`
--

CREATE TABLE `itbhs3152` (
  `regno` bigint(20) DEFAULT NULL,
  `name` varchar(255) DEFAULT NULL,
  `hs3152_mark` varchar(11) DEFAULT NULL,
  `hs3152_attendance` int(11) DEFAULT NULL
) ENGINE=InnoDB DEFAULT CHARSET=utf8 COLLATE=utf8_unicode_ci;

--
-- Dumping data for table `itbhs3152`
--

INSERT INTO `itbhs3152` (`regno`, `name`, `hs3152_mark`, `hs3152_attendance`) VALUES
(810023205059, 'KALAIYARASI M', '69', 21),
(810023205060, 'LOGESHKUMAR M', '72', 16),
(810023205061, 'SUGANTHAN R', '75', 15),
(810023205062, 'VIGNESHWARAN L', '70', 15),
(810023205063, 'SANTHOSH A', '79', 17),
(810023205064, 'MADHUMITHA R', '82', 17),
(810023205065, 'KEERTHANA', '65', 21),
(810023205066, 'KEERTHANA A', '74', 20),
(810023205067, 'GOMATHI R', '72', 19),
(810023205068, 'KEERTHANA R', '68', 15),
(810023205069, 'SARANRAJ R', '63', 15),
(810023205070, 'EZHILARASAN J', '73', 16),
(810023205071, 'DEEPADHARSHINI M', '78', 16),
(810023205072, 'SRINITHI S', '71', 17),
(810023205073, 'BHARATHI P', '70', 18),
(810023205074, 'SRIBALAJI G', '66', 19),
(810023205075, 'RAHUL K', '79', 12),
(810023205076, 'ARJUN C', '71', 15),
(810023205077, 'SIVAPRASANTH', '69', 13),
(810023205078, 'PRICIKA K', '65', 19),
(810023205079, 'SRIMATHI J', '65', 16),
(810023205081, 'ABITHADEVI R', '66', 20),
(810023205082, 'MOHANRAJ V', '65', 18),
(810023205083, 'JANANI S', '70', 17),
(810023205084, 'AKSHAYA S', '73', 13),
(810023205085, 'LAVANYA A', '60', 8),
(810023205086, 'SUVARNALEKHAA N', '86', 18),
(810023205087, 'KESAVAN E', '70', 19),
(810023205088, 'BHAVADHARANI B', '81', 19),
(810023205089, 'LAVANYA D', '64', 21),
(810023205090, 'SANTHIYA E', '69', 19),
(810023205091, 'RANGANATHAN M', '66', 16),
(810023205092, 'JAI AAKASH R', '45', 10),
(810023205093, 'KARTHIKEYAN H', '80', 16),
(810023205094, 'JANAHAN E', '86', 15),
(810023205095, 'MANOJ C', '77', 21),
(810023205096, 'YOGESH U G', '71', 19),
(810023205097, 'JANARANJANI M', '76', 19),
(810023205098, 'ABISHEK K', '69', 18),
(810023205099, 'HARINI S', '72', 18),
(810023205100, 'MARY SHALINI A', '62', 19),
(810023205101, 'SATHYASEELAN', '67', 12),
(810023205102, 'VARSHA T', '79', 18),
(810023205103, 'KISHORE R', '74', 15),
(810023205104, 'AHAMED NOOR Z', '80', 17),
(810023205105, 'SANGEETHA M', '69', 18),
(810023205106, 'ANBUKUMAR M', '75', 16),
(810023205107, 'RAVINASRI R', '70', 17),
(810023205108, 'MARUTHAKUMARAN M', '72', 20),
(810023205110, 'MANIKANDAN', '63', 9),
(810023205111, 'NAVEEN M', '70', 13),
(810023205112, 'SIVABALAN S', '60', 17),
(810023205113, 'KAVINRAJAN K', '51', 14),
(810023205114, 'ELAIYAMUGILAN S', '67', 18),
(810023205115, 'HITHESH K', '71', 18),
(810023205116, 'GOKULNATH V', '54', 15);

-- --------------------------------------------------------

--
-- Table structure for table `itbma3151`
--

CREATE TABLE `itbma3151` (
  `regno` bigint(20) DEFAULT NULL,
  `name` varchar(255) DEFAULT NULL,
  `ma3151_mark` varchar(11) DEFAULT NULL,
  `ma3151_attendance` int(11) DEFAULT NULL
) ENGINE=InnoDB DEFAULT CHARSET=utf8 COLLATE=utf8_unicode_ci;

--
-- Dumping data for table `itbma3151`
--

INSERT INTO `itbma3151` (`regno`, `name`, `ma3151_mark`, `ma3151_attendance`) VALUES
(810023205059, 'KALAIYARASI M', '68', 29),
(810023205060, 'LOGESHKUMAR M', '53', 27),
(810023205061, 'SUGANTHAN R', '65', 27),
(810023205062, 'VIGNESHWARAN L', '66', 27),
(810023205063, 'SANTHOSH A', '43', 25),
(810023205064, 'MADHUMITHA R', '76', 27),
(810023205065, 'KEERTHANA', '75', 29),
(810023205066, 'KEERTHANA A', '85', 29),
(810023205067, 'GOMATHI R', '74', 28),
(810023205068, 'KEERTHANA R', '61', 27),
(810023205069, 'SARANRAJ R', '84', 27),
(810023205070, 'EZHILARASAN J', '76', 27),
(810023205071, 'DEEPADHARSHINI M', '63', 28),
(810023205072, 'SRINITHI S', '70', 29),
(810023205073, 'BHARATHI P', '62', 29),
(810023205074, 'SRIBALAJI G', '60', 29),
(810023205075, 'RAHUL K', '53', 19),
(810023205076, 'ARJUN C', '93', 29),
(810023205077, 'SIVAPRASANTH', '65', 18),
(810023205078, 'PRICIKA K', '62', 28),
(810023205079, 'SRIMATHI J', '64', 26),
(810023205081, 'ABITHADEVI R', '56', 29),
(810023205082, 'MOHANRAJ V', '55', 29),
(810023205083, 'JANANI S', '69', 28),
(810023205084, 'AKSHAYA S', '42', 24),
(810023205085, 'LAVANYA A', '42', 11),
(810023205086, 'SUVARNALEKHAA N', '55', 29),
(810023205087, 'KESAVAN E', '57', 27),
(810023205088, 'BHAVADHARANI B', '55', 27),
(810023205089, 'LAVANYA D', '48', 28),
(810023205090, 'SANTHIYA E', '75', 29),
(810023205091, 'RANGANATHAN M', '72', 27),
(810023205092, 'JAI AAKASH R', '54', 22),
(810023205093, 'KARTHIKEYAN H', '91', 29),
(810023205094, 'JANAHAN E', '83', 29),
(810023205095, 'MANOJ C', '67', 29),
(810023205096, 'YOGESH U G', '49', 29),
(810023205097, 'JANARANJANI M', '63', 29),
(810023205098, 'ABISHEK K', '59', 29),
(810023205099, 'HARINI S', '60', 28),
(810023205100, 'MARY SHALINI A', '64', 29),
(810023205101, 'SATHYASEELAN', '49', 24),
(810023205102, 'VARSHA T', '86', 29),
(810023205103, 'KISHORE R', '45', 25),
(810023205104, 'AHAMED NOOR Z', '71', 28),
(810023205105, 'SANGEETHA M', '50', 27),
(810023205106, 'ANBUKUMAR M', '57', 28),
(810023205107, 'RAVINASRI R', '58', 29),
(810023205108, 'MARUTHAKUMARAN M', '66', 29),
(810023205110, 'MANIKANDAN', '50', 15),
(810023205111, 'NAVEEN M', '74', 29),
(810023205112, 'SIVABALAN S', '48', 24),
(810023205113, 'KAVINRAJAN K', '46', 29),
(810023205114, 'ELAIYAMUGILAN S', '65', 29),
(810023205115, 'HITHESH K', '52', 27),
(810023205116, 'GOKULNATH V', '42', 21);

-- --------------------------------------------------------

--
-- Table structure for table `itbph3151`
--

CREATE TABLE `itbph3151` (
  `regno` bigint(20) DEFAULT NULL,
  `name` varchar(255) DEFAULT NULL,
  `ph3151_mark` varchar(11) DEFAULT NULL,
  `ph3151_attendance` int(11) DEFAULT NULL
) ENGINE=InnoDB DEFAULT CHARSET=utf8 COLLATE=utf8_unicode_ci;

--
-- Dumping data for table `itbph3151`
--

INSERT INTO `itbph3151` (`regno`, `name`, `ph3151_mark`, `ph3151_attendance`) VALUES
(810023205059, 'KALAIYARASI M', '70', 20),
(810023205060, 'LOGESHKUMAR M', '64', 19),
(810023205061, 'SUGANTHAN R', '72', 17),
(810023205062, 'VIGNESHWARAN L', '86', 19),
(810023205063, 'SANTHOSH A', '84', 16),
(810023205064, 'MADHUMITHA R', '84', 19),
(810023205065, 'KEERTHANA', '82', 21),
(810023205066, 'KEERTHANA A', '97', 20),
(810023205067, 'GOMATHI R', '92', 20),
(810023205068, 'KEERTHANA R', '82', 17),
(810023205069, 'SARANRAJ R', '81', 15),
(810023205070, 'EZHILARASAN J', '76', 15),
(810023205071, 'DEEPADHARSHINI M', '91', 17),
(810023205072, 'SRINITHI S', '74', 17),
(810023205073, 'BHARATHI P', '89', 18),
(810023205074, 'SRIBALAJI G', '82', 19),
(810023205075, 'RAHUL K', '77', 12),
(810023205076, 'ARJUN C', '88', 16),
(810023205077, 'SIVAPRASANTH', '82', 12),
(810023205078, 'PRICIKA K', '79', 20),
(810023205079, 'SRIMATHI J', '86', 17),
(810023205081, 'ABITHADEVI R', '87', 18),
(810023205082, 'MOHANRAJ V', '77', 20),
(810023205083, 'JANANI S', '61', 19),
(810023205084, 'AKSHAYA S', '74', 15),
(810023205085, 'LAVANYA A', '60', 10),
(810023205086, 'SUVARNALEKHAA N', '64', 20),
(810023205087, 'KESAVAN E', '83', 19),
(810023205088, 'BHAVADHARANI B', '71', 20),
(810023205089, 'LAVANYA D', '82', 21),
(810023205090, 'SANTHIYA E', '89', 20),
(810023205091, 'RANGANATHAN M', '81', 17),
(810023205092, 'JAI AAKASH R', '67', 14),
(810023205093, 'KARTHIKEYAN H', '72', 19),
(810023205094, 'JANAHAN E', '86', 17),
(810023205095, 'MANOJ C', '84', 20),
(810023205096, 'YOGESH U G', '72', 20),
(810023205097, 'JANARANJANI M', '92', 20),
(810023205098, 'ABISHEK K', '86', 20),
(810023205099, 'HARINI S', '70', 19),
(810023205100, 'MARY SHALINI A', '92', 19),
(810023205101, 'SATHYASEELAN', '72', 14),
(810023205102, 'VARSHA T', '87', 19),
(810023205103, 'KISHORE R', '68', 17),
(810023205104, 'AHAMED NOOR Z', '85', 20),
(810023205105, 'SANGEETHA M', '79', 17),
(810023205106, 'ANBUKUMAR M', '64', 18),
(810023205107, 'RAVINASRI R', '70', 19),
(810023205108, 'MARUTHAKUMARAN M', '90', 20),
(810023205110, 'MANIKANDAN', '21', 12),
(810023205111, 'NAVEEN M', '90', 19),
(810023205112, 'SIVABALAN S', '70', 14),
(810023205113, 'KAVINRAJAN K', '70', 16),
(810023205114, 'ELAIYAMUGILAN S', '80', 20),
(810023205115, 'HITHESH K', '80', 18),
(810023205116, 'GOKULNATH V', '65', 15);

-- --------------------------------------------------------

--
-- Table structure for table `login`
--

CREATE TABLE `login` (
  `username` varchar(20) NOT NULL,
  `password` varchar(20) NOT NULL
) ENGINE=InnoDB DEFAULT CHARSET=utf8mb4 COLLATE=utf8mb4_general_ci;

--
-- Dumping data for table `login`
--

INSERT INTO `login` (`username`, `password`) VALUES
('Firstyearcoordinator', 'November@2022');

-- --------------------------------------------------------

--
-- Table structure for table `mechanicalacy3151`
--

CREATE TABLE `mechanicalacy3151` (
  `regno` bigint(20) DEFAULT NULL,
  `name` varchar(255) DEFAULT NULL,
  `cy3151_mark` varchar(11) DEFAULT NULL,
  `cy3151_attendance` int(11) DEFAULT NULL
) ENGINE=InnoDB DEFAULT CHARSET=utf8 COLLATE=utf8_unicode_ci;

-- --------------------------------------------------------

--
-- Table structure for table `mechanicalage3151`
--

CREATE TABLE `mechanicalage3151` (
  `regno` bigint(20) DEFAULT NULL,
  `name` varchar(255) DEFAULT NULL,
  `ge3151_mark` varchar(11) DEFAULT NULL,
  `ge3151_attendance` int(11) DEFAULT NULL
) ENGINE=InnoDB DEFAULT CHARSET=utf8 COLLATE=utf8_unicode_ci;

--
-- Dumping data for table `mechanicalage3151`
--

INSERT INTO `mechanicalage3151` (`regno`, `name`, `ge3151_mark`, `ge3151_attendance`) VALUES
(810023114001, 'ACACIO D', '43', 17),
(810023114002, 'SAMBATHKUMAR M', '46', 18),
(810023114003, 'ABINATH K', '48', 20),
(810023114004, 'SANKARANARAYANAN G', '84', 17),
(810023114005, 'RATHNA R', '74', 19),
(810023114006, 'MUGESH K', '74', 19),
(810023114007, 'RAHUL R', '91', 21),
(810023114008, 'MOHAMED SHAFIK R', '94', 21),
(810023114009, 'JAYARAJ A', '71', 21),
(810023114010, 'SUDHAKARAN S', '77', 21),
(810023114011, 'SAKTHIVEL V', '85', 21),
(810023114012, 'SANJAY K', '98', 15),
(810023114013, 'BHUVANESAN NV', '78', 19),
(810023114014, 'PERIYA ARASU M', '89', 21),
(810023114015, 'GIRIDHARAN G', '74', 18),
(810023114016, 'DHARSHINI M', '96', 20),
(810023114017, 'MAGI AGNUS P', '75', 14),
(810023114018, 'RAJADURAI D', '70', 19),
(810023114019, 'SUSHVANTH S', '97', 21),
(810023114020, 'RANJITH M', '80', 18),
(810023114021, 'KAMALAKKANNAN P', '82', 21),
(810023114022, 'SUBRAMANI K', '80', 21),
(810023114023, 'MOHANSELVAKUMAR P', '78', 19),
(810023114024, 'BALAJI K', '89', 21),
(810023114025, 'MUGESH S', '79', 19),
(810023114026, 'NISHANTH S', '82', 19),
(810023114027, 'NITHIN S', '70', 19),
(810023114028, 'BEER MOHAMED N', '97', 20),
(810023114029, 'BOOBALAN E', '84', 21),
(810023114030, 'VIGNESHWARAN S', '73', 21),
(810023114031, 'BHARANIVASAN T', '98', 19),
(810023114032, 'ROHESHWARAN S', '78', 21),
(810023114033, 'KAVI BHARATHI M', '83', 21),
(810023114034, 'DHINESHKUMAR G', '75', 21),
(810023114035, 'MOHAN G', '58', 19),
(810023114036, 'HARIGOVINDAN S', '72', 16),
(810023114037, 'SURAJ R', '92', 18),
(810023114038, 'AUSTIN S', '79', 21),
(810023114039, 'VINOTH KUMAR M', '71', 21),
(810023114040, 'KARTHIKEYAN B', '88', 18),
(810023114041, 'RAKSHITHA V', '70', 10),
(810023114042, 'SURJITH R S', '90', 19),
(810023114043, 'JEEVAA M', '75', 21),
(810023114044, 'MITHUN S', '70', 21),
(810023114045, 'BHARANIMUTHU V', '66', 18),
(810023114046, 'GURUMOORTHI M', '78', 21),
(810023114047, 'AKASH B', '79', 19),
(810023114048, 'PRAVINKUMAR B', '86', 21),
(810023114049, 'SHANJAI SRI RAM S', '77', 21),
(810023114050, 'RATHINAVEL S', '87', 21),
(810023114051, 'PREMKUMAR S', '76', 21),
(810023114052, 'THASEER ALI J', '60', 19);

-- --------------------------------------------------------

--
-- Table structure for table `mechanicalage3152`
--

CREATE TABLE `mechanicalage3152` (
  `regno` bigint(20) DEFAULT NULL,
  `name` varchar(255) DEFAULT NULL,
  `ge3152_mark` varchar(11) DEFAULT NULL,
  `ge3152_attendance` int(11) DEFAULT NULL
) ENGINE=InnoDB DEFAULT CHARSET=utf8 COLLATE=utf8_unicode_ci;

--
-- Dumping data for table `mechanicalage3152`
--

INSERT INTO `mechanicalage3152` (`regno`, `name`, `ge3152_mark`, `ge3152_attendance`) VALUES
(810023114001, 'ACACIO D', '60', 7),
(810023114002, 'SAMBATHKUMAR M', '45', 8),
(810023114003, 'ABINATH K', '60', 5),
(810023114004, 'SANKARANARAYANAN G', '69', 7),
(810023114005, 'RATHNA R', '86', 6),
(810023114006, 'MUGESH K', '67', 8),
(810023114007, 'RAHUL R', '85', 8),
(810023114008, 'MOHAMED SHAFIK R', '75', 8),
(810023114009, 'JAYARAJ A', '74', 8),
(810023114010, 'SUDHAKARAN S', '82', 7),
(810023114011, 'SAKTHIVEL V', '73', 8),
(810023114012, 'SANJAY K', '76', 7),
(810023114013, 'BHUVANESAN NV', '59', 7),
(810023114014, 'PERIYA ARASU M', '80', 8),
(810023114015, 'GIRIDHARAN G', '58', 7),
(810023114016, 'DHARSHINI M', '92', 6),
(810023114017, 'MAGI AGNUS P', '56', 6),
(810023114018, 'RAJADURAI D', '70', 7),
(810023114019, 'SUSHVANTH S', '83', 7),
(810023114020, 'RANJITH M', '75', 8),
(810023114021, 'KAMALAKKANNAN P', '64', 7),
(810023114022, 'SUBRAMANI K', '66', 8),
(810023114023, 'MOHANSELVAKUMAR P', '80', 7),
(810023114024, 'BALAJI K', '74', 8),
(810023114025, 'MUGESH S', '76', 8),
(810023114026, 'NISHANTH S', '70', 7),
(810023114027, 'NITHIN S', '60', 7),
(810023114028, 'BEER MOHAMED N', '73', 7),
(810023114029, 'BOOBALAN E', '77', 7),
(810023114030, 'VIGNESHWARAN S', '64', 8),
(810023114031, 'BHARANIVASAN T', '80', 8),
(810023114032, 'ROHESHWARAN S', '66', 8),
(810023114033, 'KAVI BHARATHI M', '67', 8),
(810023114034, 'DHINESHKUMAR G', '60', 7),
(810023114035, 'MOHAN G', '56', 6),
(810023114036, 'HARIGOVINDAN S', '56', 7),
(810023114037, 'SURAJ R', '71', 5),
(810023114038, 'AUSTIN S', '65', 7),
(810023114039, 'VINOTH KUMAR M', '61', 8),
(810023114040, 'KARTHIKEYAN B', '61', 8),
(810023114041, 'RAKSHITHA V', '88', 6),
(810023114042, 'SURJITH R S', '76', 8),
(810023114043, 'JEEVAA M', '60', 7),
(810023114044, 'MITHUN S', '80', 7),
(810023114045, 'BHARANIMUTHU V', '66', 8),
(810023114046, 'GURUMOORTHI M', '74', 8),
(810023114047, 'AKASH B', '68', 8),
(810023114048, 'PRAVINKUMAR B', '70', 6),
(810023114049, 'SHANJAI SRI RAM S', '66', 8),
(810023114050, 'RATHINAVEL S', '78', 7),
(810023114051, 'PREMKUMAR S', '67', 8),
(810023114052, 'THASEER ALI J', '61', 7);

-- --------------------------------------------------------

--
-- Table structure for table `mechanicalahs3152`
--

CREATE TABLE `mechanicalahs3152` (
  `regno` bigint(20) DEFAULT NULL,
  `name` varchar(255) DEFAULT NULL,
  `hs3152_mark` varchar(11) DEFAULT NULL,
  `hs3152_attendance` int(11) DEFAULT NULL
) ENGINE=InnoDB DEFAULT CHARSET=utf8 COLLATE=utf8_unicode_ci;

--
-- Dumping data for table `mechanicalahs3152`
--

INSERT INTO `mechanicalahs3152` (`regno`, `name`, `hs3152_mark`, `hs3152_attendance`) VALUES
(810023114001, 'ACACIO D', '59', 17),
(810023114002, 'SAMBATHKUMAR M', '51', 20),
(810023114003, 'ABINATH K', '54', 13),
(810023114004, 'SANKARANARAYANAN G', '73', 16),
(810023114005, 'RATHNA R', '63', 18),
(810023114006, 'MUGESH K', '75', 19),
(810023114007, 'RAHUL R', '72', 20),
(810023114008, 'MOHAMED SHAFIK R', '65', 20),
(810023114009, 'JAYARAJ A', '61', 19),
(810023114010, 'SUDHAKARAN S', '57', 16),
(810023114011, 'SAKTHIVEL V', '69', 16),
(810023114012, 'SANJAY K', '69', 16),
(810023114013, 'BHUVANESAN NV', '59', 17),
(810023114014, 'PERIYA ARASU M', '70', 18),
(810023114015, 'GIRIDHARAN G', '62', 17),
(810023114016, 'DHARSHINI M', '76', 16),
(810023114017, 'MAGI AGNUS P', '73', 13),
(810023114018, 'RAJADURAI D', '52', 18),
(810023114019, 'SUSHVANTH S', '55', 17),
(810023114020, 'RANJITH M', '77', 14),
(810023114021, 'KAMALAKKANNAN P', '62', 15),
(810023114022, 'SUBRAMANI K', '60', 17),
(810023114023, 'MOHANSELVAKUMAR P', '59', 16),
(810023114024, 'BALAJI K', '72', 16),
(810023114025, 'MUGESH S', '62', 16),
(810023114026, 'NISHANTH S', '68', 16),
(810023114027, 'NITHIN S', '62', 15),
(810023114028, 'BEER MOHAMED N', '68', 14),
(810023114029, 'BOOBALAN E', '74', 15),
(810023114030, 'VIGNESHWARAN S', '69', 14),
(810023114031, 'BHARANIVASAN T', '87', 17),
(810023114032, 'ROHESHWARAN S', '69', 20),
(810023114033, 'KAVI BHARATHI M', '66', 17),
(810023114034, 'DHINESHKUMAR G', '67', 16),
(810023114035, 'MOHAN G', '56', 11),
(810023114036, 'HARIGOVINDAN S', '61', 10),
(810023114037, 'SURAJ R', '71', 14),
(810023114038, 'AUSTIN S', '62', 14),
(810023114039, 'VINOTH KUMAR M', '67', 18),
(810023114040, 'KARTHIKEYAN B', '72', 14),
(810023114041, 'RAKSHITHA V', '82', 13),
(810023114042, 'SURJITH R S', '72', 19),
(810023114043, 'JEEVAA M', '58', 18),
(810023114044, 'MITHUN S', '57', 18),
(810023114045, 'BHARANIMUTHU V', '58', 14),
(810023114046, 'GURUMOORTHI M', '64', 18),
(810023114047, 'AKASH B', '67', 14),
(810023114048, 'PRAVINKUMAR B', '72', 17),
(810023114049, 'SHANJAI SRI RAM S', '65', 15),
(810023114050, 'RATHINAVEL S', '70', 17),
(810023114051, 'PREMKUMAR S', '71', 18),
(810023114052, 'THASEER ALI J', '61', 16);

-- --------------------------------------------------------

--
-- Table structure for table `mechanicalama3151`
--

CREATE TABLE `mechanicalama3151` (
  `regno` bigint(20) DEFAULT NULL,
  `name` varchar(255) DEFAULT NULL,
  `ma3151_mark` varchar(11) DEFAULT NULL,
  `ma3151_attendance` int(11) DEFAULT NULL
) ENGINE=InnoDB DEFAULT CHARSET=utf8 COLLATE=utf8_unicode_ci;

--
-- Dumping data for table `mechanicalama3151`
--

INSERT INTO `mechanicalama3151` (`regno`, `name`, `ma3151_mark`, `ma3151_attendance`) VALUES
(810023114001, 'ACACIO D', '52', 24),
(810023114002, 'SAMBATHKUMAR M', '50', 28),
(810023114003, 'ABINATH K', '40', 20),
(810023114004, 'SANKARANARAYANAN G', '52', 26),
(810023114005, 'RATHNA R', '66', 25),
(810023114006, 'MUGESH K', '71', 30),
(810023114007, 'RAHUL R', '63', 30),
(810023114008, 'MOHAMED SHAFIK R', '80', 30),
(810023114009, 'JAYARAJ A', '67', 28),
(810023114010, 'SUDHAKARAN S', '51', 24),
(810023114011, 'SAKTHIVEL V', '56', 24),
(810023114012, 'SANJAY K', '76', 26),
(810023114013, 'BHUVANESAN NV', '57', 28),
(810023114014, 'PERIYA ARASU M', '47', 26),
(810023114015, 'GIRIDHARAN G', '53', 22),
(810023114016, 'DHARSHINI M', '85', 28),
(810023114017, 'MAGI AGNUS P', '58', 18),
(810023114018, 'RAJADURAI D', '70', 30),
(810023114019, 'SUSHVANTH S', '86', 28),
(810023114020, 'RANJITH M', '68', 26),
(810023114021, 'KAMALAKKANNAN P', '80', 28),
(810023114022, 'SUBRAMANI K', '56', 28),
(810023114023, 'MOHANSELVAKUMAR P', '60', 28),
(810023114024, 'BALAJI K', '70', 28),
(810023114025, 'MUGESH S', '62', 28),
(810023114026, 'NISHANTH S', '57', 24),
(810023114027, 'NITHIN S', '55', 22),
(810023114028, 'BEER MOHAMED N', '67', 24),
(810023114029, 'BOOBALAN E', '57', 28),
(810023114030, 'VIGNESHWARAN S', '58', 20),
(810023114031, 'BHARANIVASAN T', '59', 26),
(810023114032, 'ROHESHWARAN S', '52', 30),
(810023114033, 'KAVI BHARATHI M', '56', 26),
(810023114034, 'DHINESHKUMAR G', '54', 28),
(810023114035, 'MOHAN G', '54', 22),
(810023114036, 'HARIGOVINDAN S', '55', 18),
(810023114037, 'SURAJ R', '57', 20),
(810023114038, 'AUSTIN S', '58', 20),
(810023114039, 'VINOTH KUMAR M', '68', 28),
(810023114040, 'KARTHIKEYAN B', '73', 26),
(810023114041, 'RAKSHITHA V', '87', 16),
(810023114042, 'SURJITH R S', '83', 28),
(810023114043, 'JEEVAA M', '55', 28),
(810023114044, 'MITHUN S', '40', 28),
(810023114045, 'BHARANIMUTHU V', '63', 26),
(810023114046, 'GURUMOORTHI M', '65', 30),
(810023114047, 'AKASH B', '57', 26),
(810023114048, 'PRAVINKUMAR B', '70', 28),
(810023114049, 'SHANJAI SRI RAM S', '50', 28),
(810023114050, 'RATHINAVEL S', '61', 28),
(810023114051, 'PREMKUMAR S', '45', 26),
(810023114052, 'THASEER ALI J', '43', 17);

-- --------------------------------------------------------

--
-- Table structure for table `mechanicalaph3151`
--

CREATE TABLE `mechanicalaph3151` (
  `regno` bigint(20) DEFAULT NULL,
  `name` varchar(255) DEFAULT NULL,
  `ph3151_mark` varchar(11) DEFAULT NULL,
  `ph3151_attendance` int(11) DEFAULT NULL
) ENGINE=InnoDB DEFAULT CHARSET=utf8 COLLATE=utf8_unicode_ci;

-- --------------------------------------------------------

--
-- Table structure for table `mechanicalbcy3151`
--

CREATE TABLE `mechanicalbcy3151` (
  `regno` bigint(20) DEFAULT NULL,
  `name` varchar(255) DEFAULT NULL,
  `cy3151_mark` varchar(11) DEFAULT NULL,
  `cy3151_attendance` int(11) DEFAULT NULL
) ENGINE=InnoDB DEFAULT CHARSET=utf8 COLLATE=utf8_unicode_ci;

--
-- Dumping data for table `mechanicalbcy3151`
--

INSERT INTO `mechanicalbcy3151` (`regno`, `name`, `cy3151_mark`, `cy3151_attendance`) VALUES
(810023114053, 'MATHEW UDHAYACHANDRAN', '70', 20),
(810023114054, 'AKASH M K', '72', 23),
(810023114055, 'BARATH KUMARAN E', '60', 22),
(810023114056, 'THIRUMOORTHI A', '50', 24),
(810023114057, 'DHARANI T', '70', 21),
(810023114058, 'MOHAMED REAYAS A', '55', 20),
(810023114059, 'DEVANESAN B', '70', 23),
(810023114060, 'SRIDHAR T', '60', 22),
(810023114061, 'SATHISH KUMAR G', '98', 23),
(810023114062, 'JEGATHEESWARAN T', '70', 16),
(810023114063, 'HARI PRASATH P', '72', 24),
(810023114064, 'MOUNIKA M', '70', 24),
(810023114065, 'KRISHNAKUMAR S', '55', 18),
(810023114066, 'PON AKASH P', '83', 22),
(810023114067, 'ATHARSH P', '90', 23),
(810023114068, 'MANIKANDAN K', '55', 22),
(810023114069, 'KAVIARASAN T', '95', 22),
(810023114070, 'DHILIP A', '93', 24),
(810023114071, 'MAHADEVAN V', '65', 21),
(810023114072, 'PRABANJAN P S', '70', 21),
(810023114073, 'NAVEEN KUMAR R', '50', 20),
(810023114074, 'SUTHARSAN B', '55', 11),
(810023114075, 'AKASH M', '65', 20),
(810023114076, 'VIKRAM S', '50', 19),
(810023114077, 'VISHNU S', '70', 22),
(810023114078, 'LENISH P', '55', 17),
(810023114079, 'BALAJI V', '65', 20),
(810023114080, 'BALA CHANDAR P', '60', 18),
(810023114081, 'GOKUL A', '65', 18),
(810023114082, 'JANA MURUGAPPA M', '70', 23),
(810023114083, 'ROSHAN FARITH S', '76', 18),
(810023114084, 'SIVABALAN K', '70', 21),
(810023114085, 'VIJAYARAJ K R', '70', 24),
(810023114086, 'SHANMUGANATHAN S', '65', 22),
(810023114087, 'NISHANTH KUMAR K', '55', 21),
(810023114088, 'NARESHKUMAR S', '60', 18),
(810023114089, 'GOBINATH R', '60', 21),
(810023114090, 'AMALESH A', '70', 21),
(810023114091, 'AATHIKESAVAN K', '50', 21),
(810023114092, 'SAMITH KANNA R', '70', 23),
(810023114093, 'BOOBALAN R', '51', 19),
(810023114094, 'NAVEEN B', '70', 22),
(810023114096, 'DEV ANAND K', '50', 21),
(810023114097, 'VIGNESH K', '50', 21),
(810023114098, 'JEEVANANTHAM M', '60', 24),
(810023114099, 'JAMERAJ S', '50', 21),
(810023114100, 'RAKESHKUMAR M', '50', 10),
(810023114102, 'ALAGUPRIYAN A', '50', 18),
(810023114103, 'PASUPATHI T', '55', 15),
(810023114104, 'SANTHOSH M', '50', 21),
(810023114105, 'YOGAGNANASAMBANTHAN N', '70', 22),
(810023114106, 'INBARASAN K', '50', 18);

-- --------------------------------------------------------

--
-- Table structure for table `mechanicalbge3151`
--

CREATE TABLE `mechanicalbge3151` (
  `regno` bigint(20) DEFAULT NULL,
  `name` varchar(255) DEFAULT NULL,
  `ge3151_mark` varchar(11) DEFAULT NULL,
  `ge3151_attendance` int(11) DEFAULT NULL
) ENGINE=InnoDB DEFAULT CHARSET=utf8 COLLATE=utf8_unicode_ci;

--
-- Dumping data for table `mechanicalbge3151`
--

INSERT INTO `mechanicalbge3151` (`regno`, `name`, `ge3151_mark`, `ge3151_attendance`) VALUES
(810023114053, 'MATHEW UDHAYACHANDRAN', '92', 20),
(810023114054, 'AKASH M K', '88', 20),
(810023114055, 'BARATH KUMARAN E', '57', 19),
(810023114056, 'THIRUMOORTHI A', '73', 22),
(810023114057, 'DHARANI T', '70', 21),
(810023114058, 'MOHAMED REAYAS A', '70', 16),
(810023114059, 'DEVANESAN B', '82', 19),
(810023114060, 'SRIDHAR T', '50', 19),
(810023114061, 'SATHISH KUMAR G', '95', 20),
(810023114062, 'JEGATHEESWARAN T', '54', 17),
(810023114063, 'HARI PRASATH P', '70', 22),
(810023114064, 'MOUNIKA M', '70', 22),
(810023114065, 'KRISHNAKUMAR S', '50', 18),
(810023114066, 'PON AKASH P', '72', 18),
(810023114067, 'ATHARSH P', '72', 18),
(810023114068, 'MANIKANDAN K', '58', 19),
(810023114069, 'KAVIARASAN T', '80', 20),
(810023114070, 'DHILIP A', '80', 19),
(810023114071, 'MAHADEVAN V', '45', 22),
(810023114072, 'PRABANJAN P S', '71', 17),
(810023114073, 'NAVEEN KUMAR R', '70', 14),
(810023114074, 'SUTHARSAN B', '51', 13),
(810023114075, 'AKASH M', '70', 18),
(810023114076, 'VIKRAM S', '53', 17),
(810023114077, 'VISHNU S', '50', 18),
(810023114078, 'LENISH P', '70', 18),
(810023114079, 'BALAJI V', '44', 18),
(810023114080, 'BALA CHANDAR P', '50', 16),
(810023114081, 'GOKUL A', '70', 13),
(810023114082, 'JANA MURUGAPPA M', '70', 21),
(810023114083, 'ROSHAN FARITH S', '94', 18),
(810023114084, 'SIVABALAN K', '71', 16),
(810023114085, 'VIJAYARAJ K R', '70', 20),
(810023114086, 'SHANMUGANATHAN S', '52', 19),
(810023114087, 'NISHANTH KUMAR K', '70', 18),
(810023114088, 'NARESHKUMAR S', '50', 17),
(810023114089, 'GOBINATH R', '70', 20),
(810023114090, 'AMALESH A', '70', 16),
(810023114091, 'AATHIKESAVAN K', '70', 15),
(810023114092, 'SAMITH KANNA R', '74', 21),
(810023114093, 'BOOBALAN R', '56', 16),
(810023114094, 'NAVEEN B', '50', 19),
(810023114096, 'DEV ANAND K', '58', 18),
(810023114097, 'VIGNESH K', '70', 20),
(810023114098, 'JEEVANANTHAM M', '70', 21),
(810023114099, 'JAMERAJ S', '70', 18),
(810023114100, 'RAKESHKUMAR M', '46', 16),
(810023114102, 'ALAGUPRIYAN A', 'ABSENT', 10),
(810023114103, 'PASUPATHI T', '46', 21),
(810023114104, 'SANTHOSH M', '70', 15),
(810023114105, 'YOGAGNANASAMBANTHAN N', '96', 23),
(810023114106, 'INBARASAN K', '42', 16);

-- --------------------------------------------------------

--
-- Table structure for table `mechanicalbge3152`
--

CREATE TABLE `mechanicalbge3152` (
  `regno` bigint(20) DEFAULT NULL,
  `name` varchar(255) DEFAULT NULL,
  `ge3152_mark` varchar(11) DEFAULT NULL,
  `ge3152_attendance` int(11) DEFAULT NULL
) ENGINE=InnoDB DEFAULT CHARSET=utf8 COLLATE=utf8_unicode_ci;

--
-- Dumping data for table `mechanicalbge3152`
--

INSERT INTO `mechanicalbge3152` (`regno`, `name`, `ge3152_mark`, `ge3152_attendance`) VALUES
(810023114053, 'MATHEW UDHAYACHANDRAN', '65', 6),
(810023114054, 'AKASH M K', '55', 7),
(810023114055, 'BARATH KUMARAN E', '41', 6),
(810023114056, 'THIRUMOORTHI A', '56', 7),
(810023114057, 'DHARANI T', '49', 7),
(810023114058, 'MOHAMED REAYAS A', '48', 6),
(810023114059, 'DEVANESAN B', '61', 7),
(810023114060, 'SRIDHAR T', '51', 6),
(810023114061, 'SATHISH KUMAR G', '80', 7),
(810023114062, 'JEGATHEESWARAN T', '53', 5),
(810023114063, 'HARI PRASATH P', '53', 7),
(810023114064, 'MOUNIKA M', '50', 7),
(810023114065, 'KRISHNAKUMAR S', '57', 5),
(810023114066, 'PON AKASH P', '58', 7),
(810023114067, 'ATHARSH P', '68', 7),
(810023114068, 'MANIKANDAN K', '56', 7),
(810023114069, 'KAVIARASAN T', '53', 6),
(810023114070, 'DHILIP A', '58', 6),
(810023114071, 'MAHADEVAN V', '57', 6),
(810023114072, 'PRABANJAN P S', '63', 7),
(810023114073, 'NAVEEN KUMAR R', '45', 6),
(810023114074, 'SUTHARSAN B', '11', 3),
(810023114075, 'AKASH M', '66', 7),
(810023114076, 'VIKRAM S', '3', 4),
(810023114077, 'VISHNU S', '54', 6),
(810023114078, 'LENISH P', '53', 5),
(810023114079, 'BALAJI V', '41', 6),
(810023114080, 'BALA CHANDAR P', '47', 5),
(810023114081, 'GOKUL A', '13', 6),
(810023114082, 'JANA MURUGAPPA M', '62', 7),
(810023114083, 'ROSHAN FARITH S', '41', 5),
(810023114084, 'SIVABALAN K', '42', 7),
(810023114085, 'VIJAYARAJ K R', '56', 7),
(810023114086, 'SHANMUGANATHAN S', '53', 6),
(810023114087, 'NISHANTH KUMAR K', '43', 7),
(810023114088, 'NARESHKUMAR S', '45', 5),
(810023114089, 'GOBINATH R', '47', 7),
(810023114090, 'AMALESH A', '49', 6),
(810023114091, 'AATHIKESAVAN K', '45', 6),
(810023114092, 'SAMITH KANNA R', '53', 7),
(810023114093, 'BOOBALAN R', '2', 6),
(810023114094, 'NAVEEN B', '2', 6),
(810023114096, 'DEV ANAND K', '54', 7),
(810023114097, 'VIGNESH K', '49', 6),
(810023114098, 'JEEVANANTHAM M', '56', 7),
(810023114099, 'JAMERAJ S', '45', 6),
(810023114100, 'RAKESHKUMAR M', '3', 4),
(810023114102, 'ALAGUPRIYAN A', '5', 3),
(810023114103, 'PASUPATHI T', '45', 7),
(810023114104, 'SANTHOSH M', '52', 6),
(810023114105, 'YOGAGNANASAMBANTHAN N', '67', 6),
(810023114106, 'INBARASAN K', '45', 6);

-- --------------------------------------------------------

--
-- Table structure for table `mechanicalbhs3152`
--

CREATE TABLE `mechanicalbhs3152` (
  `regno` bigint(20) DEFAULT NULL,
  `name` varchar(255) DEFAULT NULL,
  `hs3152_mark` varchar(11) DEFAULT NULL,
  `hs3152_attendance` int(11) DEFAULT NULL
) ENGINE=InnoDB DEFAULT CHARSET=utf8 COLLATE=utf8_unicode_ci;

--
-- Dumping data for table `mechanicalbhs3152`
--

INSERT INTO `mechanicalbhs3152` (`regno`, `name`, `hs3152_mark`, `hs3152_attendance`) VALUES
(810023114053, 'MATHEW UDHAYACHANDRAN', '76', 14),
(810023114054, 'AKASH M K', '68', 14),
(810023114055, 'BARATH KUMARAN E', '69', 14),
(810023114056, 'THIRUMOORTHI A', '54', 18),
(810023114057, 'DHARANI T', '60', 14),
(810023114058, 'MOHAMED REAYAS A', '52', 15),
(810023114059, 'DEVANESAN B', '73', 18),
(810023114060, 'SRIDHAR T', '63', 14),
(810023114061, 'SATHISH KUMAR G', '89', 18),
(810023114062, 'JEGATHEESWARAN T', '66', 7),
(810023114063, 'HARI PRASATH P', '89', 18),
(810023114064, 'MOUNIKA M', '74', 18),
(810023114065, 'KRISHNAKUMAR S', '62', 8),
(810023114066, 'PON AKASH P', '66', 16),
(810023114067, 'ATHARSH P', '75', 17),
(810023114068, 'MANIKANDAN K', '60', 14),
(810023114069, 'KAVIARASAN T', '73', 17),
(810023114070, 'DHILIP A', '69', 16),
(810023114071, 'MAHADEVAN V', '56', 14),
(810023114072, 'PRABANJAN P S', '64', 17),
(810023114073, 'NAVEEN KUMAR R', '52', 10),
(810023114074, 'SUTHARSAN B', '58', 3),
(810023114075, 'AKASH M', '63', 17),
(810023114076, 'VIKRAM S', '57', 11),
(810023114077, 'VISHNU S', '70', 14),
(810023114078, 'LENISH P', '56', 13),
(810023114079, 'BALAJI V', '64', 13),
(810023114080, 'BALA CHANDAR P', '65', 7),
(810023114081, 'GOKUL A', '78', 11),
(810023114082, 'JANA MURUGAPPA M', '59', 17),
(810023114083, 'ROSHAN FARITH S', '79', 15),
(810023114084, 'SIVABALAN K', '56', 15),
(810023114085, 'VIJAYARAJ K R', '71', 18),
(810023114086, 'SHANMUGANATHAN S', '65', 15),
(810023114087, 'NISHANTH KUMAR K', '61', 16),
(810023114088, 'NARESHKUMAR S', '55', 7),
(810023114089, 'GOBINATH R', '60', 14),
(810023114090, 'AMALESH A', '59', 15),
(810023114091, 'AATHIKESAVAN K', '62', 12),
(810023114092, 'SAMITH KANNA R', '76', 13),
(810023114093, 'BOOBALAN R', '50', 10),
(810023114094, 'NAVEEN B', '56', 10),
(810023114096, 'DEV ANAND K', '58', 15),
(810023114097, 'VIGNESH K', '54', 13),
(810023114098, 'JEEVANANTHAM M', '70', 17),
(810023114099, 'JAMERAJ S', '52', 11),
(810023114100, 'RAKESHKUMAR M', 'AB', 1),
(810023114102, 'ALAGUPRIYAN A', '49', 11),
(810023114103, 'PASUPATHI T', '67', 11),
(810023114104, 'SANTHOSH M', '62', 11),
(810023114105, 'YOGAGNANASAMBANTHAN N', '87', 17),
(810023114106, 'INBARASAN K', '60', 13);

-- --------------------------------------------------------

--
-- Table structure for table `mechanicalbma3151`
--

CREATE TABLE `mechanicalbma3151` (
  `regno` bigint(20) DEFAULT NULL,
  `name` varchar(255) DEFAULT NULL,
  `ma3151_mark` varchar(11) DEFAULT NULL,
  `ma3151_attendance` int(11) DEFAULT NULL
) ENGINE=InnoDB DEFAULT CHARSET=utf8 COLLATE=utf8_unicode_ci;

--
-- Dumping data for table `mechanicalbma3151`
--

INSERT INTO `mechanicalbma3151` (`regno`, `name`, `ma3151_mark`, `ma3151_attendance`) VALUES
(810023114053, 'MATHEW UDHAYACHANDRAN', '47', 25),
(810023114054, 'AKASH M K', '70', 30),
(810023114055, 'BARATH KUMARAN E', '54', 25),
(810023114056, 'THIRUMOORTHI A', '46', 30),
(810023114057, 'DHARANI T', '42', 30),
(810023114058, 'MOHAMED REAYAS A', '44', 26),
(810023114059, 'DEVANESAN B', '57', 30),
(810023114060, 'SRIDHAR T', '43', 26),
(810023114061, 'SATHISH KUMAR G', '99', 28),
(810023114062, 'JEGATHEESWARAN T', '43', 60),
(810023114063, 'HARI PRASATH P', '48', 30),
(810023114064, 'MOUNIKA M', '49', 30),
(810023114065, 'KRISHNAKUMAR S', '40', 25),
(810023114066, 'PON AKASH P', '46', 30),
(810023114067, 'ATHARSH P', '64', 30),
(810023114068, 'MANIKANDAN K', '56', 23),
(810023114069, 'KAVIARASAN T', '67', 28),
(810023114070, 'DHILIP A', '46', 28),
(810023114071, 'MAHADEVAN V', '43', 23),
(810023114072, 'PRABANJAN P S', '46', 30),
(810023114073, 'NAVEEN KUMAR R', '40', 24),
(810023114074, 'SUTHARSAN B', '40', 18),
(810023114075, 'AKASH M', '49', 26),
(810023114076, 'VIKRAM S', '46', 27),
(810023114077, 'VISHNU S', '54', 27),
(810023114078, 'LENISH P', '59', 21),
(810023114079, 'BALAJI V', '49', 23),
(810023114080, 'BALA CHANDAR P', '48', 21),
(810023114081, 'GOKUL A', '47', 21),
(810023114082, 'JANA MURUGAPPA M', '45', 30),
(810023114083, 'ROSHAN FARITH S', '57', 21),
(810023114084, 'SIVABALAN K', '55', 28),
(810023114085, 'VIJAYARAJ K R', '55', 30),
(810023114086, 'SHANMUGANATHAN S', '44', 28),
(810023114087, 'NISHANTH KUMAR K', '42', 28),
(810023114088, 'NARESHKUMAR S', '42', 19),
(810023114089, 'GOBINATH R', '44', 24),
(810023114090, 'AMALESH A', '58', 28),
(810023114091, 'AATHIKESAVAN K', '42', 25),
(810023114092, 'SAMITH KANNA R', '45', 26),
(810023114093, 'BOOBALAN R', '43', 21),
(810023114094, 'NAVEEN B', '45', 23),
(810023114096, 'DEV ANAND K', '40', 26),
(810023114097, 'VIGNESH K', '53', 27),
(810023114098, 'JEEVANANTHAM M', '54', 30),
(810023114099, 'JAMERAJ S', '40', 24),
(810023114100, 'RAKESHKUMAR M', '40', 10),
(810023114102, 'ALAGUPRIYAN A', '40', 14),
(810023114103, 'PASUPATHI T', '50', 20),
(810023114104, 'SANTHOSH M', '40', 23),
(810023114105, 'YOGAGNANASAMBANTHAN N', '65', 30),
(810023114106, 'INBARASAN K', '40', 27);

-- --------------------------------------------------------

--
-- Table structure for table `mechanicalbph3151`
--

CREATE TABLE `mechanicalbph3151` (
  `regno` bigint(20) DEFAULT NULL,
  `name` varchar(255) DEFAULT NULL,
  `ph3151_mark` varchar(11) DEFAULT NULL,
  `ph3151_attendance` int(11) DEFAULT NULL
) ENGINE=InnoDB DEFAULT CHARSET=utf8 COLLATE=utf8_unicode_ci;

--
-- Dumping data for table `mechanicalbph3151`
--

INSERT INTO `mechanicalbph3151` (`regno`, `name`, `ph3151_mark`, `ph3151_attendance`) VALUES
(810023114053, 'MATHEW UDHAYACHANDRAN', '57', 17),
(810023114054, 'AKASH M K', '63', 18),
(810023114055, 'BARATH KUMARAN E', '46', 17),
(810023114056, 'THIRUMOORTHI A', '58', 19),
(810023114057, 'DHARANI T', '72', 18),
(810023114058, 'MOHAMED REAYAS A', '46', 14),
(810023114059, 'DEVANESAN B', '55', 18),
(810023114060, 'SRIDHAR T', '49', 17),
(810023114061, 'SATHISH KUMAR G', '94', 20),
(810023114062, 'JEGATHEESWARAN T', '42', 11),
(810023114063, 'HARI PRASATH P', '54', 20),
(810023114064, 'MOUNIKA M', '62', 18),
(810023114065, 'KRISHNAKUMAR S', '44', 15),
(810023114066, 'PON AKASH P', '62', 17),
(810023114067, 'ATHARSH P', '69', 18),
(810023114068, 'MANIKANDAN K', '36', 18),
(810023114069, 'KAVIARASAN T', '87', 17),
(810023114070, 'DHILIP A', '72', 15),
(810023114071, 'MAHADEVAN V', '39', 16),
(810023114072, 'PRABANJAN P S', '84', 18),
(810023114073, 'NAVEEN KUMAR R', '48', 14),
(810023114074, 'SUTHARSAN B', '15', 8),
(810023114075, 'AKASH M', '49', 13),
(810023114076, 'VIKRAM S', '43', 15),
(810023114077, 'VISHNU S', '71', 17),
(810023114078, 'LENISH P', '53', 15),
(810023114079, 'BALAJI V', '68', 17),
(810023114080, 'BALA CHANDAR P', '47', 13),
(810023114081, 'GOKUL A', '55', 12),
(810023114082, 'JANA MURUGAPPA M', '62', 18),
(810023114083, 'ROSHAN FARITH S', '30', 12),
(810023114084, 'SIVABALAN K', '61', 15),
(810023114085, 'VIJAYARAJ K R', '67', 19),
(810023114086, 'SHANMUGANATHAN S', '67', 13),
(810023114087, 'NISHANTH KUMAR K', '75', 15),
(810023114088, 'NARESHKUMAR S', '52', 12),
(810023114089, 'GOBINATH R', '53', 18),
(810023114090, 'AMALESH A', '74', 15),
(810023114091, 'AATHIKESAVAN K', '53', 15),
(810023114092, 'SAMITH KANNA R', '60', 18),
(810023114093, 'BOOBALAN R', '51', 15),
(810023114094, 'NAVEEN B', '38', 15),
(810023114096, 'DEV ANAND K', '51', 17),
(810023114097, 'VIGNESH K', '50', 19),
(810023114098, 'JEEVANANTHAM M', '59', 19),
(810023114099, 'JAMERAJ S', '49', 15),
(810023114100, 'RAKESHKUMAR M', '3', 7),
(810023114102, 'ALAGUPRIYAN A', '31', 14),
(810023114103, 'PASUPATHI T', '25', 16),
(810023114104, 'SANTHOSH M', '45', 12),
(810023114105, 'YOGAGNANASAMBANTHAN N', '46', 20),
(810023114106, 'INBARASAN K', '43', 16);

-- --------------------------------------------------------

--
-- Table structure for table `petrocy3151`
--

CREATE TABLE `petrocy3151` (
  `regno` bigint(20) DEFAULT NULL,
  `name` varchar(255) DEFAULT NULL,
  `cy3151_mark` varchar(11) DEFAULT NULL,
  `cy3151_attendance` int(11) DEFAULT NULL
) ENGINE=InnoDB DEFAULT CHARSET=utf8 COLLATE=utf8_unicode_ci;

--
-- Dumping data for table `petrocy3151`
--

INSERT INTO `petrocy3151` (`regno`, `name`, `cy3151_mark`, `cy3151_attendance`) VALUES
(810023239001, 'KARNA P', '44', 28),
(810023239002, 'NITHYA SHREE R', '79', 28),
(810023239003, 'NAVEEN KUMAR M', '59', 26),
(810023239004, 'PRIYADHARSHINI U', '62', 28),
(810023239005, 'ARUL SELVAN A', '76', 28),
(810023239006, 'ANTO MIC JERSON G', '56', 27),
(810023239007, 'SWETHA S', '90', 26),
(810023239008, 'NITHIYANANTHA B', '54', 21),
(810023239009, 'RESHMA J', '84', 27),
(810023239010, 'VISHANTH D', '74', 28),
(810023239011, 'KARTHIKA K', '78', 27),
(810023239012, 'PRIYATHARSHINI G', '64', 26),
(810023239013, 'ARAVINDH A', '47', 26),
(810023239014, 'RAMYA R', '68', 29),
(810023239015, 'ANBUCHELVAN S', '60', 28),
(810023239016, 'VIMALRAJ S', '54', 27),
(810023239017, 'LAKSHMANAN T', '63', 25),
(810023239018, 'RAMKUMAR S', '70', 26),
(810023239019, 'NAVDEEP S', '57', 25),
(810023239020, 'AVINASH PG', '75', 26),
(810023239021, 'HARINI LAKSHMI K', '66', 24),
(810023239022, 'DHARSHAN M S', '68', 27),
(810023239023, 'RIYAS MOHAMED S', '61', 27),
(810023239024, 'SRIRAM K', '68', 28),
(810023239025, 'ROJITHMANI S', '60', 24),
(810023239026, 'KISOTH KUMAR S', '52', 26),
(810023239027, 'VIDYACHARAN S', '73', 26),
(810023239028, 'HARINI V', '63', 26),
(810023239029, 'IDHAYA RANJAN I', '81', 22),
(810023239030, 'ASEENA FATHIMA S', '65', 28),
(810023239031, 'CHANDRU M', '55', 27),
(810023239032, 'KAVIYA M', '63', 27),
(810023239033, 'MATHIARASU M', 'AB', 0),
(810023239034, 'SWETHA R U', '87', 29),
(810023239035, 'ABINAYA SRI M', '61', 27),
(810023239036, 'MOHAMMED MAHMOOD M', '53', 28),
(810023239037, 'SOORYA T', '45', 26),
(810023239038, 'SUDHARSAN B', '52', 26),
(810023239039, 'MADESH P', '42', 23),
(810023239040, 'BHARATH R', '61', 28),
(810023239041, 'DISHYAMENAN R', '42', 25),
(810023239042, 'RAKESH KUMAR M', '50', 28),
(810023239043, 'VIGNESH S', '54', 29),
(810023239044, 'HARIHARAN R', '42', 28),
(810023239045, 'VISWA P', '51', 27),
(810023239047, 'AAKASH M', '48', 22),
(810023239048, 'SWETHA S', '63', 29),
(810023239049, 'VISHWA M', '71', 27),
(810023239050, 'PARASURAMAN B', '56', 26),
(810023239051, 'VIJAYALAKSHMI K', '72', 24),
(810023239052, 'DARSHAN B', '75', 20),
(810023239053, 'KARTHI KEYAN M', '53', 27);

-- --------------------------------------------------------

--
-- Table structure for table `petroge3151`
--

CREATE TABLE `petroge3151` (
  `regno` bigint(20) DEFAULT NULL,
  `name` varchar(255) DEFAULT NULL,
  `ge3151_mark` varchar(11) DEFAULT NULL,
  `ge3151_attendance` int(11) DEFAULT NULL
) ENGINE=InnoDB DEFAULT CHARSET=utf8 COLLATE=utf8_unicode_ci;

--
-- Dumping data for table `petroge3151`
--

INSERT INTO `petroge3151` (`regno`, `name`, `ge3151_mark`, `ge3151_attendance`) VALUES
(810023239001, 'KARNA P', '53', 19),
(810023239002, 'NITHYA SHREE R', '79', 17),
(810023239003, 'NAVEEN KUMAR M', '79', 16),
(810023239004, 'PRIYADHARSHINI U', '82', 18),
(810023239005, 'ARUL SELVAN A', '81', 18),
(810023239006, 'ANTO MIC JERSON G', '64', 16),
(810023239007, 'SWETHA S', '62', 15),
(810023239008, 'NITHIYANANTHA B', '58', 12),
(810023239009, 'RESHMA J', '75', 17),
(810023239010, 'VISHANTH D', '82', 19),
(810023239011, 'KARTHIKA K', '86', 18),
(810023239012, 'PRIYATHARSHINI G', '76', 18),
(810023239013, 'ARAVINDH A', '59', 17),
(810023239014, 'RAMYA R', '73', 19),
(810023239015, 'ANBUCHELVAN S', '79', 19),
(810023239016, 'VIMALRAJ S', '66', 17),
(810023239017, 'LAKSHMANAN T', '69', 16),
(810023239018, 'RAMKUMAR S', '85', 18),
(810023239019, 'NAVDEEP S', '62', 16),
(810023239020, 'AVINASH PG', '90', 17),
(810023239021, 'HARINI LAKSHMI K', '84', 16),
(810023239022, 'DHARSHAN M S', '81', 17),
(810023239023, 'RIYAS MOHAMED S', '62', 17),
(810023239024, 'SRIRAM K', '67', 17),
(810023239025, 'ROJITHMANI S', '76', 16),
(810023239026, 'KISOTH KUMAR S', '74', 17),
(810023239027, 'VIDYACHARAN S', '75', 16),
(810023239028, 'HARINI V', '77', 17),
(810023239029, 'IDHAYA RANJAN I', '61', 15),
(810023239030, 'ASEENA FATHIMA S', '76', 17),
(810023239031, 'CHANDRU M', '56', 17),
(810023239032, 'KAVIYA M', '65', 17),
(810023239033, 'MATHIARASU M', 'ab', 0),
(810023239034, 'SWETHA R U', '83', 18),
(810023239035, 'ABINAYA SRI M', '72', 17),
(810023239036, 'MOHAMMED MAHMOOD M', '63', 18),
(810023239037, 'SOORYA T', '57', 16),
(810023239038, 'SUDHARSAN B', '60', 17),
(810023239039, 'MADESH P', '60', 17),
(810023239040, 'BHARATH R', '65', 18),
(810023239041, 'DISHYAMENAN R', '50', 13),
(810023239042, 'RAKESH KUMAR M', '53', 18),
(810023239043, 'VIGNESH S', '60', 19),
(810023239044, 'HARIHARAN R', '60', 18),
(810023239045, 'VISWA P', '54', 18),
(810023239047, 'AAKASH M', '50', 15),
(810023239048, 'SWETHA S', '75', 19),
(810023239049, 'VISHWA M', '73', 16),
(810023239050, 'PARASURAMAN B', '67', 18),
(810023239051, 'VIJAYALAKSHMI K', '69', 16),
(810023239052, 'DARSHAN B', '57', 11),
(810023239053, 'KARTHI KEYAN M', '50', 18);

-- --------------------------------------------------------

--
-- Table structure for table `petroge3152`
--

CREATE TABLE `petroge3152` (
  `regno` bigint(20) DEFAULT NULL,
  `name` varchar(255) DEFAULT NULL,
  `ge3152_mark` varchar(11) DEFAULT NULL,
  `ge3152_attendance` int(11) DEFAULT NULL
) ENGINE=InnoDB DEFAULT CHARSET=utf8 COLLATE=utf8_unicode_ci;

--
-- Dumping data for table `petroge3152`
--

INSERT INTO `petroge3152` (`regno`, `name`, `ge3152_mark`, `ge3152_attendance`) VALUES
(810023239001, 'KARNA P', '55', 6),
(810023239002, 'NITHYA SHREE R', '80', 6),
(810023239003, 'NAVEEN KUMAR M', '72', 6),
(810023239004, 'PRIYADHARSHINI U', '83', 6),
(810023239005, 'ARUL SELVAN A', '56', 5),
(810023239006, 'ANTO MIC JERSON G', '73', 6),
(810023239007, 'SWETHA S', '67', 6),
(810023239008, 'NITHIYANANTHA B', '41', 4),
(810023239009, 'RESHMA J', '63', 6),
(810023239010, 'VISHANTH D', '77', 6),
(810023239011, 'KARTHIKA K', '72', 6),
(810023239012, 'PRIYATHARSHINI G', '72', 7),
(810023239013, 'ARAVINDH A', '71', 5),
(810023239014, 'RAMYA R', '70', 6),
(810023239015, 'ANBUCHELVAN S', '70', 6),
(810023239016, 'VIMALRAJ S', '55', 6),
(810023239017, 'LAKSHMANAN T', '61', 6),
(810023239018, 'RAMKUMAR S', '71', 6),
(810023239019, 'NAVDEEP S', '70', 6),
(810023239020, 'AVINASH PG', '70', 6),
(810023239021, 'HARINI LAKSHMI K', '71', 5),
(810023239022, 'DHARSHAN M S', '53', 6),
(810023239023, 'RIYAS MOHAMED S', '63', 5),
(810023239024, 'SRIRAM K', '53', 6),
(810023239025, 'ROJITHMANI S', '62', 5),
(810023239026, 'KISOTH KUMAR S', '60', 6),
(810023239027, 'VIDYACHARAN S', '72', 6),
(810023239028, 'HARINI V', '70', 6),
(810023239029, 'IDHAYA RANJAN I', '60', 5),
(810023239030, 'ASEENA FATHIMA S', '68', 6),
(810023239031, 'CHANDRU M', '72', 6),
(810023239032, 'KAVIYA M', '65', 6),
(810023239033, 'MATHIARASU M', 'AB', 0),
(810023239034, 'SWETHA R U', '71', 6),
(810023239035, 'ABINAYA SRI M', '63', 6),
(810023239036, 'MOHAMMED MAHMOOD M', '59', 6),
(810023239037, 'SOORYA T', '61', 4),
(810023239038, 'SUDHARSAN B', '59', 6),
(810023239039, 'MADESH P', '20', 4),
(810023239040, 'BHARATH R', '61', 6),
(810023239041, 'DISHYAMENAN R', '17', 5),
(810023239042, 'RAKESH KUMAR M', '57', 6),
(810023239043, 'VIGNESH S', '65', 6),
(810023239044, 'HARIHARAN R', '61', 6),
(810023239045, 'VISWA P', '59', 6),
(810023239047, 'AAKASH M', '60', 5),
(810023239048, 'SWETHA S', '66', 6),
(810023239049, 'VISHWA M', '65', 5),
(810023239050, 'PARASURAMAN B', '73', 6),
(810023239051, 'VIJAYALAKSHMI K', '74', 5),
(810023239052, 'DARSHAN B', '28', 3),
(810023239053, 'KARTHI KEYAN M', '65', 7);

-- --------------------------------------------------------

--
-- Table structure for table `petrohs3152`
--

CREATE TABLE `petrohs3152` (
  `regno` bigint(20) DEFAULT NULL,
  `name` varchar(255) DEFAULT NULL,
  `hs3152_mark` varchar(11) DEFAULT NULL,
  `hs3152_attendance` int(11) DEFAULT NULL
) ENGINE=InnoDB DEFAULT CHARSET=utf8 COLLATE=utf8_unicode_ci;

--
-- Dumping data for table `petrohs3152`
--

INSERT INTO `petrohs3152` (`regno`, `name`, `hs3152_mark`, `hs3152_attendance`) VALUES
(810023239001, 'KARNA P', '12', 23),
(810023239002, 'NITHYA SHREE R', '52', 23),
(810023239003, 'NAVEEN KUMAR M', '60', 22),
(810023239004, 'PRIYADHARSHINI U', '52', 22),
(810023239005, 'ARUL SELVAN A', '68', 21),
(810023239006, 'ANTO MIC JERSON G', '18', 22),
(810023239007, 'SWETHA S', '55', 22),
(810023239008, 'NITHIYANANTHA B', '41', 19),
(810023239009, 'RESHMA J', '88', 23),
(810023239010, 'VISHANTH D', '55', 22),
(810023239011, 'KARTHIKA K', '64', 22),
(810023239012, 'PRIYATHARSHINI G', '50', 23),
(810023239013, 'ARAVINDH A', '40', 20),
(810023239014, 'RAMYA R', '50', 23),
(810023239015, 'ANBUCHELVAN S', '52', 22),
(810023239016, 'VIMALRAJ S', '13', 22),
(810023239017, 'LAKSHMANAN T', '50', 22),
(810023239018, 'RAMKUMAR S', '50', 22),
(810023239019, 'NAVDEEP S', '50', 19),
(810023239020, 'AVINASH PG', '68', 23),
(810023239021, 'HARINI LAKSHMI K', '53', 21),
(810023239022, 'DHARSHAN M S', '65', 21),
(810023239023, 'RIYAS MOHAMED S', '50', 24),
(810023239024, 'SRIRAM K', '50', 22),
(810023239025, 'ROJITHMANI S', '53', 19),
(810023239026, 'KISOTH KUMAR S', '54', 23),
(810023239027, 'VIDYACHARAN S', '80', 23),
(810023239028, 'HARINI V', '59', 22),
(810023239029, 'IDHAYA RANJAN I', '20', 18),
(810023239030, 'ASEENA FATHIMA S', '50', 22),
(810023239031, 'CHANDRU M', '50', 21),
(810023239032, 'KAVIYA M', '50', 22),
(810023239033, 'MATHIARASU M', '0', 0),
(810023239034, 'SWETHA R U', '50', 23),
(810023239035, 'ABINAYA SRI M', '51', 23),
(810023239036, 'MOHAMMED MAHMOOD M', '59', 23),
(810023239037, 'SOORYA T', '50', 23),
(810023239038, 'SUDHARSAN B', '38', 21),
(810023239039, 'MADESH P', '60', 21),
(810023239040, 'BHARATH R', '53', 17),
(810023239041, 'DISHYAMENAN R', '12', 18),
(810023239042, 'RAKESH KUMAR M', '43', 23),
(810023239043, 'VIGNESH S', '43', 22),
(810023239044, 'HARIHARAN R', '42', 23),
(810023239045, 'VISWA P', '42', 22),
(810023239047, 'AAKASH M', '10', 18),
(810023239048, 'SWETHA S', '50', 22),
(810023239049, 'VISHWA M', '81', 21),
(810023239050, 'PARASURAMAN B', '59', 21),
(810023239051, 'VIJAYALAKSHMI K', '50', 20),
(810023239052, 'DARSHAN B', '50', 16),
(810023239053, 'KARTHI KEYAN M', '50', 24);

-- --------------------------------------------------------

--
-- Table structure for table `petroma3151`
--

CREATE TABLE `petroma3151` (
  `regno` bigint(20) DEFAULT NULL,
  `name` varchar(255) DEFAULT NULL,
  `ma3151_mark` varchar(11) DEFAULT NULL,
  `ma3151_attendance` int(11) DEFAULT NULL
) ENGINE=InnoDB DEFAULT CHARSET=utf8 COLLATE=utf8_unicode_ci;

-- --------------------------------------------------------

--
-- Table structure for table `petroph3151`
--

CREATE TABLE `petroph3151` (
  `regno` bigint(20) DEFAULT NULL,
  `name` varchar(255) DEFAULT NULL,
  `ph3151_mark` varchar(11) DEFAULT NULL,
  `ph3151_attendance` int(11) DEFAULT NULL
) ENGINE=InnoDB DEFAULT CHARSET=utf8 COLLATE=utf8_unicode_ci;

--
-- Dumping data for table `petroph3151`
--

INSERT INTO `petroph3151` (`regno`, `name`, `ph3151_mark`, `ph3151_attendance`) VALUES
(810023239001, 'KARNA P', '50', 19),
(810023239002, 'NITHYA SHREE R', '77', 19),
(810023239003, 'NAVEEN KUMAR M', '73', 19),
(810023239004, 'PRIYADHARSHINI U', '82', 20),
(810023239005, 'ARUL SELVAN A', '64', 18),
(810023239006, 'ANTO MIC JERSON G', '64', 20),
(810023239007, 'SWETHA S', '72', 19),
(810023239008, 'NITHIYANANTHA B', '61', 18),
(810023239009, 'RESHMA J', '80', 20),
(810023239010, 'VISHANTH D', '86', 20),
(810023239011, 'KARTHIKA K', '84', 19),
(810023239012, 'PRIYATHARSHINI G', '75', 21),
(810023239013, 'ARAVINDH A', '56', 17),
(810023239014, 'RAMYA R', '74', 19),
(810023239015, 'ANBUCHELVAN S', '67', 20),
(810023239016, 'VIMALRAJ S', '62', 20),
(810023239017, 'LAKSHMANAN T', '67', 17),
(810023239018, 'RAMKUMAR S', '75', 18),
(810023239019, 'NAVDEEP S', '53', 16),
(810023239020, 'AVINASH PG', '79', 20),
(810023239021, 'HARINI LAKSHMI K', '75', 17),
(810023239022, 'DHARSHAN M S', '62', 18),
(810023239023, 'RIYAS MOHAMED S', '66', 18),
(810023239024, 'SRIRAM K', '72', 20),
(810023239025, 'ROJITHMANI S', '65', 16),
(810023239026, 'KISOTH KUMAR S', '70', 20),
(810023239027, 'VIDYACHARAN S', '82', 19),
(810023239028, 'HARINI V', '74', 20),
(810023239029, 'IDHAYA RANJAN I', '73', 16),
(810023239030, 'ASEENA FATHIMA S', '86', 19),
(810023239031, 'CHANDRU M', '53', 17),
(810023239032, 'KAVIYA M', '74', 16),
(810023239033, 'MATHIARASU M', '00', 0),
(810023239034, 'SWETHA R U', '84', 17),
(810023239035, 'ABINAYA SRI M', '73', 20),
(810023239036, 'MOHAMMED MAHMOOD M', '70', 19),
(810023239037, 'SOORYA T', '53', 15),
(810023239038, 'SUDHARSAN B', '58', 17),
(810023239039, 'MADESH P', '71', 14),
(810023239040, 'BHARATH R', '67', 20),
(810023239041, 'DISHYAMENAN R', '52', 13),
(810023239042, 'RAKESH KUMAR M', '60', 20),
(810023239043, 'VIGNESH S', '62', 20),
(810023239044, 'HARIHARAN R', '56', 20),
(810023239045, 'VISWA P', '61', 17),
(810023239047, 'AAKASH M', '56', 16),
(810023239048, 'SWETHA S', '72', 20),
(810023239049, 'VISHWA M', '79', 15),
(810023239050, 'PARASURAMAN B', '73', 20),
(810023239051, 'VIJAYALAKSHMI K', '62', 15),
(810023239052, 'DARSHAN B', '54', 11),
(810023239053, 'KARTHI KEYAN M', '60', 15);

-- --------------------------------------------------------

--
-- Table structure for table `pharmacy3151`
--

CREATE TABLE `pharmacy3151` (
  `regno` bigint(20) DEFAULT NULL,
  `name` varchar(255) DEFAULT NULL,
  `cy3151_mark` varchar(11) DEFAULT NULL,
  `cy3151_attendance` int(11) DEFAULT NULL
) ENGINE=InnoDB DEFAULT CHARSET=utf8 COLLATE=utf8_unicode_ci;

--
-- Dumping data for table `pharmacy3151`
--

INSERT INTO `pharmacy3151` (`regno`, `name`, `cy3151_mark`, `cy3151_attendance`) VALUES
(810023237001, 'SHYJU WILSON R', '80', 22),
(810023237002, 'PODHIGAI THENDRAL K', '70', 22),
(810023237003, 'SRINITHI S', '84', 22),
(810023237004, 'DHURAI KALIRAJ M', '70', 21),
(810023237005, 'NIHITHA A', '68', 19),
(810023237006, 'YUVASRII R N', '72', 22),
(810023237007, 'PUSHPA V', '77', 21),
(810023237008, 'ARUN EDWIN Y', '65', 20),
(810023237009, 'DHARSHINI TR', '64', 21),
(810023237010, 'AADHILA FATHIMA M N F', '92', 22),
(810023237011, 'KRISHNASOMI S', '83', 22),
(810023237012, 'SOWMIYA M', '65', 21),
(810023237013, 'BHUVANESHWARI V', '63', 22),
(810023237014, 'VIJAY S', '58', 18),
(810023237015, 'ANANTH B', '50', 18),
(810023237016, 'ASHIK SANDHIYAGU J', '66', 20),
(810023237018, 'SANTHOSH R', '61', 21),
(810023237019, 'KRISHNA DHARA S', '63', 20),
(810023237020, 'RENUGADEVI M', '68', 18),
(810023237021, 'AMIRTHA SRI R', '72', 22),
(810023237022, 'HARINI M', '65', 22),
(810023237023, 'GOWNITHA N', '72', 20),
(810023237024, 'HARI SUDHARSAN S', '60', 22),
(810023237025, 'MUTHUMARI B', '73', 18),
(810023237026, 'AARTHI B', '63', 21),
(810023237028, 'AKILANDESHWARI S', '60', 21),
(810023237029, 'YOGESHWARI M', '60', 22),
(810023237030, 'SIVABHARATHI', '61', 18),
(810023237031, 'MEGANATHAN J', '56', 16),
(810023237032, 'THENMOZHI R', '70', 21),
(810023237033, 'PAVITHRA B', '64', 18),
(810023237034, 'SAMYUKTHA M S', '60', 21),
(810023237035, 'HEMALEKHAA G M', '66', 22),
(810023237036, 'VETHA VARSHINI K G', '60', 21),
(810023237037, 'HARIHARAN K', '71', 22),
(810023237038, 'AATHITHYA M', '60', 18),
(810023237039, 'ASMIYA M', '70', 21),
(810023237040, 'POORNITHA B', '67', 19),
(810023237041, 'SRIRAM C', '55', 21),
(810023237042, 'SHRI HARINI C', '84', 22),
(810023237043, 'KIRUBA S', '63', 19),
(810023237044, 'MADHUMITHA K', '62', 21),
(810023237045, 'KARTHIGA DEVI M', '64', 20),
(810023237046, 'JEETIKA S', '80', 20),
(810023237047, 'DHINESHKUMAR N', '60', 21),
(810023237048, 'JOTHEESHWARAN I', '41', 20),
(810023237049, 'NAOFIL ADAM M', '68', 21),
(810023237050, 'HASHINI C', '60', 21),
(810023237051, 'HARINI SRI B', '50', 19),
(810023237052, 'SWETHA S', '70', 21),
(810023237053, 'PRADEEP KUMAR M', '64', 21),
(810023237054, 'HAARES KANNAN G', '44', 20);

-- --------------------------------------------------------

--
-- Table structure for table `pharmage3151`
--

CREATE TABLE `pharmage3151` (
  `regno` bigint(20) DEFAULT NULL,
  `name` varchar(255) DEFAULT NULL,
  `ge3151_mark` varchar(11) DEFAULT NULL,
  `ge3151_attendance` int(11) DEFAULT NULL
) ENGINE=InnoDB DEFAULT CHARSET=utf8 COLLATE=utf8_unicode_ci;

--
-- Dumping data for table `pharmage3151`
--

INSERT INTO `pharmage3151` (`regno`, `name`, `ge3151_mark`, `ge3151_attendance`) VALUES
(810023237001, 'SHYJU WILSON R', '92', 21),
(810023237002, 'PODHIGAI THENDRAL K', '92', 20),
(810023237003, 'SRINITHI S', '93', 20),
(810023237004, 'DHURAI KALIRAJ M', '74', 20),
(810023237005, 'NIHITHA A', '63', 80),
(810023237006, 'YUVASRII R N', '91', 21),
(810023237007, 'PUSHPA V', '62', 19),
(810023237008, 'ARUN EDWIN Y', '63', 18),
(810023237009, 'DHARSHINI TR', '74', 21),
(810023237010, 'AADHILA FATHIMA M N F', '83', 19),
(810023237011, 'KRISHNASOMI S', '70', 21),
(810023237012, 'SOWMIYA M', '78', 20),
(810023237013, 'BHUVANESHWARI V', '71', 20),
(810023237014, 'VIJAY S', '57', 16),
(810023237015, 'ANANTH B', '63', 19),
(810023237016, 'ASHIK SANDHIYAGU J', '65', 15),
(810023237018, 'SANTHOSH R', '54', 18),
(810023237019, 'KRISHNA DHARA S', '73', 19),
(810023237020, 'RENUGADEVI M', '67', 16),
(810023237021, 'AMIRTHA SRI R', '77', 19),
(810023237022, 'HARINI M', '74', 18),
(810023237023, 'GOWNITHA N', '77', 15),
(810023237024, 'HARI SUDHARSAN S', '64', 22),
(810023237025, 'MUTHUMARI B', '76', 15),
(810023237026, 'AARTHI B', '74', 18),
(810023237028, 'AKILANDESHWARI S', '78', 18),
(810023237029, 'YOGESHWARI M', '79', 16),
(810023237030, 'SIVABHARATHI', '65', 17),
(810023237031, 'MEGANATHAN J', '50', 16),
(810023237032, 'THENMOZHI R', '70', 18),
(810023237033, 'PAVITHRA B', '82', 18),
(810023237034, 'SAMYUKTHA M S', '72', 19),
(810023237035, 'HEMALEKHAA G M', '63', 21),
(810023237036, 'VETHA VARSHINI K G', '64', 15),
(810023237037, 'HARIHARAN K', '73', 20),
(810023237038, 'AATHITHYA M', '75', 19),
(810023237039, 'ASMIYA M', '81', 19),
(810023237040, 'POORNITHA B', '69', 19),
(810023237041, 'SRIRAM C', '59', 19),
(810023237042, 'SHRI HARINI C', '80', 19),
(810023237043, 'KIRUBA S', '75', 18),
(810023237044, 'MADHUMITHA K', '72', 20),
(810023237045, 'KARTHIGA DEVI M', '61', 20),
(810023237046, 'JEETIKA S', '63', 19),
(810023237047, 'DHINESHKUMAR N', '67', 21),
(810023237048, 'JOTHEESHWARAN I', '56', 20),
(810023237049, 'NAOFIL ADAM M', '75', 21),
(810023237050, 'HASHINI C', '76', 21),
(810023237051, 'HARINI SRI B', '70', 19),
(810023237052, 'SWETHA S', '77', 18),
(810023237053, 'PRADEEP KUMAR M', '63', 16),
(810023237054, 'HAARES KANNAN G', '54', 17);

-- --------------------------------------------------------

--
-- Table structure for table `pharmage3152`
--

CREATE TABLE `pharmage3152` (
  `regno` bigint(20) DEFAULT NULL,
  `name` varchar(255) DEFAULT NULL,
  `ge3152_mark` varchar(11) DEFAULT NULL,
  `ge3152_attendance` int(11) DEFAULT NULL
) ENGINE=InnoDB DEFAULT CHARSET=utf8 COLLATE=utf8_unicode_ci;

--
-- Dumping data for table `pharmage3152`
--

INSERT INTO `pharmage3152` (`regno`, `name`, `ge3152_mark`, `ge3152_attendance`) VALUES
(810023237001, 'SHYJU WILSON R', '76', 9),
(810023237002, 'PODHIGAI THENDRAL K', '77', 9),
(810023237003, 'SRINITHI S', '75', 9),
(810023237004, 'DHURAI KALIRAJ M', '77', 8),
(810023237005, 'NIHITHA A', '81', 8),
(810023237006, 'YUVASRII R N', '74', 9),
(810023237007, 'PUSHPA V', '65', 7),
(810023237008, 'ARUN EDWIN Y', '62', 9),
(810023237009, 'DHARSHINI TR', '70', 6),
(810023237010, 'AADHILA FATHIMA M N F', '80', 9),
(810023237011, 'KRISHNASOMI S', '80', 9),
(810023237012, 'SOWMIYA M', '68', 8),
(810023237013, 'BHUVANESHWARI V', '86', 9),
(810023237014, 'VIJAY S', '43', 6),
(810023237015, 'ANANTH B', '49', 8),
(810023237016, 'ASHIK SANDHIYAGU J', '54', 7),
(810023237018, 'SANTHOSH R', '56', 8),
(810023237019, 'KRISHNA DHARA S', '70', 8),
(810023237020, 'RENUGADEVI M', '58', 5),
(810023237021, 'AMIRTHA SRI R', '74', 9),
(810023237022, 'HARINI M', '77', 9),
(810023237023, 'GOWNITHA N', '87', 6),
(810023237024, 'HARI SUDHARSAN S', '60', 9),
(810023237025, 'MUTHUMARI B', '65', 7),
(810023237026, 'AARTHI B', '68', 7),
(810023237028, 'AKILANDESHWARI S', '73', 8),
(810023237029, 'YOGESHWARI M', '61', 8),
(810023237030, 'SIVABHARATHI', '60', 7),
(810023237031, 'MEGANATHAN J', '52', 8),
(810023237032, 'THENMOZHI R', '68', 8),
(810023237033, 'PAVITHRA B', '68', 7),
(810023237034, 'SAMYUKTHA M S', '65', 8),
(810023237035, 'HEMALEKHAA G M', '56', 9),
(810023237036, 'VETHA VARSHINI K G', '64', 8),
(810023237037, 'HARIHARAN K', '58', 9),
(810023237038, 'AATHITHYA M', '51', 7),
(810023237039, 'ASMIYA M', '71', 7),
(810023237040, 'POORNITHA B', '64', 7),
(810023237041, 'SRIRAM C', '72', 7),
(810023237042, 'SHRI HARINI C', '80', 9),
(810023237043, 'KIRUBA S', '55', 8),
(810023237044, 'MADHUMITHA K', '66', 8),
(810023237045, 'KARTHIGA DEVI M', '62', 8),
(810023237046, 'JEETIKA S', '62', 7),
(810023237047, 'DHINESHKUMAR N', '87', 8),
(810023237048, 'JOTHEESHWARAN I', '55', 7),
(810023237049, 'NAOFIL ADAM M', '64', 8),
(810023237050, 'HASHINI C', '64', 9),
(810023237051, 'HARINI SRI B', '60', 8),
(810023237052, 'SWETHA S', '80', 8),
(810023237053, 'PRADEEP KUMAR M', '71', 7),
(810023237054, 'HAARES KANNAN G', '54', 9);

-- --------------------------------------------------------

--
-- Table structure for table `pharmahs3152`
--

CREATE TABLE `pharmahs3152` (
  `regno` bigint(20) DEFAULT NULL,
  `name` varchar(255) DEFAULT NULL,
  `hs3152_mark` varchar(11) DEFAULT NULL,
  `hs3152_attendance` int(11) DEFAULT NULL
) ENGINE=InnoDB DEFAULT CHARSET=utf8 COLLATE=utf8_unicode_ci;

--
-- Dumping data for table `pharmahs3152`
--

INSERT INTO `pharmahs3152` (`regno`, `name`, `hs3152_mark`, `hs3152_attendance`) VALUES
(810023237001, 'SHYJU WILSON R', '87', 23),
(810023237002, 'PODHIGAI THENDRAL K', '83', 21),
(810023237003, 'SRINITHI S', '77', 21),
(810023237004, 'DHURAI KALIRAJ M', '74', 22),
(810023237005, 'NIHITHA A', '75', 18),
(810023237006, 'YUVASRII R N', '87', 22),
(810023237007, 'PUSHPA V', '82', 18),
(810023237008, 'ARUN EDWIN Y', '80', 18),
(810023237009, 'DHARSHINI TR', '80', 22),
(810023237010, 'AADHILA FATHIMA M N F', '91', 20),
(810023237011, 'KRISHNASOMI S', '81', 22),
(810023237012, 'SOWMIYA M', '78', 22),
(810023237013, 'BHUVANESHWARI V', '67', 22),
(810023237014, 'VIJAY S', '59', 15),
(810023237015, 'ANANTH B', '68', 20),
(810023237016, 'ASHIK SANDHIYAGU J', '66', 18),
(810023237018, 'SANTHOSH R', '52', 18),
(810023237019, 'KRISHNA DHARA S', '82', 21),
(810023237020, 'RENUGADEVI M', '74', 18),
(810023237021, 'AMIRTHA SRI R', '87', 20),
(810023237022, 'HARINI M', '65', 20),
(810023237023, 'GOWNITHA N', '73', 19),
(810023237024, 'HARI SUDHARSAN S', '69', 23),
(810023237025, 'MUTHUMARI B', '71', 18),
(810023237026, 'AARTHI B', '76', 21),
(810023237028, 'AKILANDESHWARI S', '80', 20),
(810023237029, 'YOGESHWARI M', '80', 18),
(810023237030, 'SIVABHARATHI', '72', 18),
(810023237031, 'MEGANATHAN J', '58', 19),
(810023237032, 'THENMOZHI R', '88', 19),
(810023237033, 'PAVITHRA B', '80', 19),
(810023237034, 'SAMYUKTHA M S', '75', 20),
(810023237035, 'HEMALEKHAA G M', '77', 22),
(810023237036, 'VETHA VARSHINI K G', '72', 19),
(810023237037, 'HARIHARAN K', '80', 21),
(810023237038, 'AATHITHYA M', '56', 20),
(810023237039, 'ASMIYA M', '82', 20),
(810023237040, 'POORNITHA B', '77', 20),
(810023237041, 'SRIRAM C', '73', 20),
(810023237042, 'SHRI HARINI C', '90', 21),
(810023237043, 'KIRUBA S', '67', 19),
(810023237044, 'MADHUMITHA K', '79', 21),
(810023237045, 'KARTHIGA DEVI M', '86', 21),
(810023237046, 'JEETIKA S', '88', 19),
(810023237047, 'DHINESHKUMAR N', '71', 21),
(810023237048, 'JOTHEESHWARAN I', '69', 21),
(810023237049, 'NAOFIL ADAM M', '74', 23),
(810023237050, 'HASHINI C', '74', 22),
(810023237051, 'HARINI SRI B', '77', 19),
(810023237052, 'SWETHA S', '82', 20),
(810023237053, 'PRADEEP KUMAR M', '66', 18),
(810023237054, 'HAARES KANNAN G', '73', 19);

-- --------------------------------------------------------

--
-- Table structure for table `pharmama3151`
--

CREATE TABLE `pharmama3151` (
  `regno` bigint(20) DEFAULT NULL,
  `name` varchar(255) DEFAULT NULL,
  `ma3151_mark` varchar(11) DEFAULT NULL,
  `ma3151_attendance` int(11) DEFAULT NULL
) ENGINE=InnoDB DEFAULT CHARSET=utf8 COLLATE=utf8_unicode_ci;

--
-- Dumping data for table `pharmama3151`
--

INSERT INTO `pharmama3151` (`regno`, `name`, `ma3151_mark`, `ma3151_attendance`) VALUES
(810023237001, 'SHYJU WILSON R', '97', 25),
(810023237002, 'PODHIGAI THENDRAL K', '52', 25),
(810023237003, 'SRINITHI S', '66', 25),
(810023237004, 'DHURAI KALIRAJ M', '70', 24),
(810023237005, 'NIHITHA A', '65', 24),
(810023237006, 'YUVASRII R N', '77', 25),
(810023237007, 'PUSHPA V', '71', 24),
(810023237008, 'ARUN EDWIN Y', '62', 25),
(810023237009, 'DHARSHINI TR', '84', 24),
(810023237010, 'AADHILA FATHIMA M N F', '76', 25),
(810023237011, 'KRISHNASOMI S', '71', 25),
(810023237012, 'SOWMIYA M', '70', 24),
(810023237013, 'BHUVANESHWARI V', '86', 25),
(810023237014, 'VIJAY S', '57', 18),
(810023237015, 'ANANTH B', '52', 24),
(810023237016, 'ASHIK SANDHIYAGU J', '56', 21),
(810023237018, 'SANTHOSH R', '65', 24),
(810023237019, 'KRISHNA DHARA S', '76', 25),
(810023237020, 'RENUGADEVI M', '74', 22),
(810023237021, 'AMIRTHA SRI R', '62', 25),
(810023237022, 'HARINI M', '67', 21),
(810023237023, 'GOWNITHA N', '84', 24),
(810023237024, 'HARI SUDHARSAN S', '77', 25),
(810023237025, 'MUTHUMARI B', '66', 23),
(810023237026, 'AARTHI B', '83', 25),
(810023237028, 'AKILANDESHWARI S', '68', 23),
(810023237029, 'YOGESHWARI M', '62', 22),
(810023237030, 'SIVABHARATHI', '55', 24),
(810023237031, 'MEGANATHAN J', '56', 20),
(810023237032, 'THENMOZHI R', '73', 24),
(810023237033, 'PAVITHRA B', '63', 17),
(810023237034, 'SAMYUKTHA M S', '71', 24),
(810023237035, 'HEMALEKHAA G M', '69', 25),
(810023237036, 'VETHA VARSHINI K G', '56', 22),
(810023237037, 'HARIHARAN K', '66', 25),
(810023237038, 'AATHITHYA M', '59', 24),
(810023237039, 'ASMIYA M', '70', 24),
(810023237040, 'POORNITHA B', '64', 24),
(810023237041, 'SRIRAM C', '52', 24),
(810023237042, 'SHRI HARINI C', '88', 24),
(810023237043, 'KIRUBA S', '60', 24),
(810023237044, 'MADHUMITHA K', '73', 23),
(810023237045, 'KARTHIGA DEVI M', '64', 25),
(810023237046, 'JEETIKA S', '62', 19),
(810023237047, 'DHINESHKUMAR N', '56', 24),
(810023237048, 'JOTHEESHWARAN I', '55', 24),
(810023237049, 'NAOFIL ADAM M', '62', 24),
(810023237050, 'HASHINI C', '54', 24),
(810023237051, 'HARINI SRI B', '55', 25),
(810023237052, 'SWETHA S', '78', 22),
(810023237053, 'PRADEEP KUMAR M', '58', 24),
(810023237054, 'HAARES KANNAN G', '52', 24);

-- --------------------------------------------------------

--
-- Table structure for table `pharmaph3151`
--

CREATE TABLE `pharmaph3151` (
  `regno` bigint(20) DEFAULT NULL,
  `name` varchar(255) DEFAULT NULL,
  `ph3151_mark` varchar(11) DEFAULT NULL,
  `ph3151_attendance` int(11) DEFAULT NULL
) ENGINE=InnoDB DEFAULT CHARSET=utf8 COLLATE=utf8_unicode_ci;

--
-- Dumping data for table `pharmaph3151`
--

INSERT INTO `pharmaph3151` (`regno`, `name`, `ph3151_mark`, `ph3151_attendance`) VALUES
(810023237001, 'SHYJU WILSON R', '82', 20),
(810023237002, 'PODHIGAI THENDRAL K', '89', 18),
(810023237003, 'SRINITHI S', '78', 18),
(810023237004, 'DHURAI KALIRAJ M', '80', 18),
(810023237005, 'NIHITHA A', '70', 18),
(810023237006, 'YUVASRII R N', '81', 18),
(810023237007, 'PUSHPA V', '77', 16),
(810023237008, 'ARUN EDWIN Y', '75', 18),
(810023237009, 'DHARSHINI TR', '78', 17),
(810023237010, 'AADHILA FATHIMA M N F', '91', 18),
(810023237011, 'KRISHNASOMI S', '87', 18),
(810023237012, 'SOWMIYA M', '78', 18),
(810023237013, 'BHUVANESHWARI V', '83', 18),
(810023237014, 'VIJAY S', '73', 17),
(810023237015, 'ANANTH B', '77', 15),
(810023237016, 'ASHIK SANDHIYAGU J', '70', 16),
(810023237018, 'SANTHOSH R', '67', 16),
(810023237019, 'KRISHNA DHARA S', '90', 18),
(810023237020, 'RENUGADEVI M', '91', 17),
(810023237021, 'AMIRTHA SRI R', '71', 18),
(810023237022, 'HARINI M', '75', 17),
(810023237023, 'GOWNITHA N', '74', 13),
(810023237024, 'HARI SUDHARSAN S', '67', 20),
(810023237025, 'MUTHUMARI B', '84', 16),
(810023237026, 'AARTHI B', '89', 15),
(810023237028, 'AKILANDESHWARI S', '78', 17),
(810023237029, 'YOGESHWARI M', '81', 18),
(810023237030, 'SIVABHARATHI', '76', 18),
(810023237031, 'MEGANATHAN J', '68', 16),
(810023237032, 'THENMOZHI R', '76', 18),
(810023237033, 'PAVITHRA B', '80', 15),
(810023237034, 'SAMYUKTHA M S', '76', 18),
(810023237035, 'HEMALEKHAA G M', '83', 16),
(810023237036, 'VETHA VARSHINI K G', '72', 16),
(810023237037, 'HARIHARAN K', '73', 18),
(810023237038, 'AATHITHYA M', '84', 17),
(810023237039, 'ASMIYA M', '91', 18),
(810023237040, 'POORNITHA B', '86', 17),
(810023237041, 'SRIRAM C', '75', 16),
(810023237042, 'SHRI HARINI C', '70', 17),
(810023237043, 'KIRUBA S', '69', 18),
(810023237044, 'MADHUMITHA K', '73', 17),
(810023237045, 'KARTHIGA DEVI M', '50', 17),
(810023237046, 'JEETIKA S', '73', 14),
(810023237047, 'DHINESHKUMAR N', '63', 19),
(810023237048, 'JOTHEESHWARAN I', '50', 18),
(810023237049, 'NAOFIL ADAM M', '75', 20),
(810023237050, 'HASHINI C', '63', 18),
(810023237051, 'HARINI SRI B', '65', 17),
(810023237052, 'SWETHA S', '89', 16),
(810023237053, 'PRADEEP KUMAR M', '60', 16),
(810023237054, 'HAARES KANNAN G', '70', 15);

-- --------------------------------------------------------

--
-- Table structure for table `studentdetails`
--

CREATE TABLE `studentdetails` (
  `name` varchar(50) NOT NULL,
  `dob` text NOT NULL,
  `regno` bigint(13) NOT NULL,
  `dept` varchar(30) NOT NULL
) ENGINE=InnoDB DEFAULT CHARSET=utf8mb4 COLLATE=utf8mb4_general_ci;

--
-- Dumping data for table `studentdetails`
--

INSERT INTO `studentdetails` (`name`, `dob`, `regno`, `dept`) VALUES
('SRINATH A M', '2005-06-17', 810023102001, 'AUTOMOBILE'),
('AYYANAR S', '2006-06-06', 810023102002, 'AUTOMOBILE'),
('AJITHKUMAR P', '2005-04-16', 810023102003, 'AUTOMOBILE'),
('BALAMURUGAN T', '2005-10-02', 810023102004, 'AUTOMOBILE'),
('SAKTHIVEL R', '2006-05-24', 810023102005, 'AUTOMOBILE'),
('BHUVANESHKUMAR K', '2006-05-10', 810023102006, 'AUTOMOBILE'),
('GAYATHRI J', '2005-09-24', 810023102007, 'AUTOMOBILE'),
('THILLAIKANNAN M', '2004-09-19', 810023102008, 'AUTOMOBILE'),
('KRISHNAMOORTHI S', '2006-01-29', 810023102009, 'AUTOMOBILE'),
('VISHVABHARATHI S', '2006-05-23', 810023102010, 'AUTOMOBILE'),
('SIVAKUMAR M', '2006-06-18', 810023102011, 'AUTOMOBILE'),
('JEYA SRI P', '2005-11-30', 810023102012, 'AUTOMOBILE'),
('GIRIVASAN A', '2006-01-31', 810023102013, 'AUTOMOBILE'),
('SATHAIAH G', '2006-07-19', 810023102014, 'AUTOMOBILE'),
('TAMILNILAVAN V', '2005-09-23', 810023102015, 'AUTOMOBILE'),
('SANTHOSH E', '2006-08-07', 810023102016, 'AUTOMOBILE'),
('FAZIL AHMAD M', '2005-09-13', 810023102017, 'AUTOMOBILE'),
('ARUNMOZHIVARMAN A', '2005-12-15', 810023102018, 'AUTOMOBILE'),
('HARIPRASATH E', '2006-03-25', 810023102019, 'AUTOMOBILE'),
('VELAVAN G', '2006-04-04', 810023102020, 'AUTOMOBILE'),
('JOSEPH VIJAY D', '2005-11-09', 810023102021, 'AUTOMOBILE'),
('IRANIYAN K', '2006-12-25', 810023102022, 'AUTOMOBILE'),
('VICKNESWARAN P', '2006-06-01', 810023102023, 'AUTOMOBILE'),
('JABAZ RAJA PANDIAN R', '2006-04-02', 810023102024, 'AUTOMOBILE'),
('SENTHIL R', '2005-12-12', 810023102025, 'AUTOMOBILE'),
('SELVAPRIYAN M', '2006-08-15', 810023102026, 'AUTOMOBILE'),
('MOHAMMED RIYAS BABU A', '2006-08-28', 810023102027, 'AUTOMOBILE'),
('PRADEEP V', '2006-04-13', 810023102028, 'AUTOMOBILE'),
('DINESH KUMAR P', '2005-12-27', 810023102029, 'AUTOMOBILE'),
('VISHVA H', '2006-04-13', 810023102030, 'AUTOMOBILE'),
('LOHITHRAAJ S', '2006-03-04', 810023102031, 'AUTOMOBILE'),
('KUMARAN S', '2006-02-09', 810023102032, 'AUTOMOBILE'),
('MEDWIN SAMUEL P', '2006-02-14', 810023102033, 'AUTOMOBILE'),
('GOWTHAM U', '2006-04-05', 810023102034, 'AUTOMOBILE'),
('AMIRTHA MARDHINI R', '2005-10-04', 810023102035, 'AUTOMOBILE'),
('CHAITANYA SUZI S', '2005-05-07', 810023102036, 'AUTOMOBILE'),
('AJAY M', '2005-09-30', 810023102037, 'AUTOMOBILE'),
('JEEVA N', '2006-10-29', 810023103001, 'CIVIL-A'),
('JAYASHREE N', '2005-09-09', 810023103002, 'CIVIL-A'),
('NADHIYA T', '2005-12-28', 810023103003, 'CIVIL-A'),
('YUVASHREE G', '2005-08-15', 810023103004, 'CIVIL-A'),
('KAVIRAJAN K', '2006-02-09', 810023103005, 'CIVIL-A'),
('RAGUL KANTH B', '2006-01-22', 810023103006, 'CIVIL-A'),
('ABARNA A', '2005-09-30', 810023103007, 'CIVIL-A'),
('BALAJI S', '2005-10-02', 810023103008, 'CIVIL-A'),
('SIVABALAN G', '2005-11-25', 810023103010, 'CIVIL-A'),
('KRITHIKRAJAN P', '2006-05-19', 810023103011, 'CIVIL-A'),
('SHAHITHYA R', '2005-09-26', 810023103012, 'CIVIL-A'),
('ARUL K', '2006-11-07', 810023103013, 'CIVIL-A'),
('PARKAVI B', '2006-07-29', 810023103014, 'CIVIL-A'),
('RITHICK P M', '2005-10-31', 810023103015, 'CIVIL-A'),
('SRINESH S', '2006-01-23', 810023103016, 'CIVIL-A'),
('SIVASANKARI V', '2006-03-04', 810023103017, 'CIVIL-A'),
('ASWATHI G', '2006-05-12', 810023103018, 'CIVIL-A'),
('HARINI M', '2006-05-30', 810023103019, 'CIVIL-A'),
('NISHA A', '2005-10-30', 810023103020, 'CIVIL-A'),
('PRADEEP N', '2006-07-29', 810023103021, 'CIVIL-A'),
('RAJKUMAR S I', '2006-03-17', 810023103022, 'CIVIL-A'),
('MONISHA S', '2006-03-14', 810023103023, 'CIVIL-A'),
('RAMKUMAR R', '2005-05-15', 810023103024, 'CIVIL-A'),
('HARISH R', '2006-04-11', 810023103025, 'CIVIL-A'),
('MATHAN KUMAR A', '2006-02-10', 810023103026, 'CIVIL-A'),
('SURYA DHARSHINI M', '2006-07-02', 810023103027, 'CIVIL-A'),
('KABILAN S', '2006-02-09', 810023103028, 'CIVIL-A'),
('KEERTHANA K', '2004-07-06', 810023103029, 'CIVIL-A'),
('KESAVAKUMARI S', '2006-04-06', 810023103030, 'CIVIL-A'),
('LOKESHWARAN V B', '2005-08-25', 810023103031, 'CIVIL-A'),
('ABHISHEK R', '2005-09-14', 810023103032, 'CIVIL-A'),
('DHARANI S', '2005-10-14', 810023103033, 'CIVIL-A'),
('NITHINARVINTH A', '2003-05-06', 810023103034, 'CIVIL-A'),
('BHARANIDHARAN V', '2005-10-19', 810023103035, 'CIVIL-A'),
('NEELAVANNAN R', '2006-03-13', 810023103036, 'CIVIL-A'),
('NISHANTH S', '2005-12-01', 810023103037, 'CIVIL-A'),
('ARUN P', '2005-11-15', 810023103038, 'CIVIL-A'),
('KALIVIGNESH G', '2006-04-06', 810023103039, 'CIVIL-A'),
('MOHAMED HALITH A', '2005-09-25', 810023103040, 'CIVIL-A'),
('ABDUL KALAM A', '2006-01-20', 810023103041, 'CIVIL-A'),
('BHARATHI R K', '2006-02-24', 810023103042, 'CIVIL-A'),
('JAGADESAN T', '2006-02-07', 810023103043, 'CIVIL-A'),
('NITHIYASRI M', '2006-01-24', 810023103044, 'CIVIL-A'),
('ABINAYA R', '2006-03-29', 810023103045, 'CIVIL-A'),
('HAARINI S', '2005-08-04', 810023103046, 'CIVIL-A'),
('SRIRAM NATTAR P', '2006-06-19', 810023103047, 'CIVIL-A'),
('YOGESHWARAN V', '2006-01-27', 810023103048, 'CIVIL-A'),
('VAISHNAVI T', '2005-10-28', 810023103049, 'CIVIL-A'),
('KAMALNATH A', '2005-11-19', 810023103050, 'CIVIL-A'),
('VIMAL KUMAR M', '2004-07-05', 810023103051, 'CIVIL-A'),
('ARAVIND RAGHUNATHAN G', '2005-11-04', 810023103052, 'CIVIL-A'),
('SRUTHI A', '2005-09-28', 810023103053, 'CIVIL-A'),
('PRITHIKA R T', '2006-08-06', 810023103054, 'CIVIL-A'),
('AJAY SUNDAR A', '2006-01-08', 810023103055, 'CIVIL-A'),
('KARTHICK S', '2005-07-28', 810023103056, 'CIVIL-B'),
('GANGA K', '2006-09-26', 810023103057, 'CIVIL-B'),
('SHAMUNDESHWARI T', '2005-11-24', 810023103058, 'CIVIL-B'),
('DHANUSHA S', '2006-08-07', 810023103059, 'CIVIL-B'),
('ARTHI S', '2006-04-01', 810023103060, 'CIVIL-B'),
('DHIVYA DHARSHINI G', '2005-12-02', 810023103061, 'CIVIL-B'),
('HARIHARAN N', '2005-10-07', 810023103062, 'CIVIL-B'),
('ROHINI G K', '2005-06-06', 810023103063, 'CIVIL-B'),
('DHEJESH KUMAR P', '2005-12-27', 810023103064, 'CIVIL-B'),
('SUNITHA K', '2005-11-14', 810023103065, 'CIVIL-B'),
('LINGESH KUMAR', '2005-09-22', 810023103066, 'CIVIL-B'),
('MOHAMED ANIF S', '2005-03-13', 810023103067, 'CIVIL-B'),
('LATCHATHAN T', '2006-02-05', 810023103068, 'CIVIL-B'),
('THILAK S', '2006-02-15', 810023103069, 'CIVIL-B'),
('AARTHI K', '2005-11-12', 810023103070, 'CIVIL-B'),
('SASIKUMAR S', '2006-02-19', 810023103071, 'CIVIL-B'),
('ABDUL AJEES M', '2006-05-23', 810023103072, 'CIVIL-B'),
('BANU SRI VARTHANI V', '2005-09-22', 810023103073, 'CIVIL-B'),
('SANTHOSH M', '2006-08-27', 810023103074, 'CIVIL-B'),
('AATHISESAN S', '2006-03-15', 810023103075, 'CIVIL-B'),
('ANBUMANI M', '2005-07-09', 810023103076, 'CIVIL-B'),
('PRIYADHARSHINI M', '2004-10-12', 810023103077, 'CIVIL-B'),
('KODESHWARI M', '2006-02-27', 810023103078, 'CIVIL-B'),
('APOORVA N', '2006-07-04', 810023103079, 'CIVIL-B'),
('SHANMUGA PRIYA K', '2006-07-05', 810023103080, 'CIVIL-B'),
('JANANISRI G', '2006-05-18', 810023103082, 'CIVIL-B'),
('SAMINATHAN M', '2005-05-25', 810023103083, 'CIVIL-B'),
('PRAVEEN S', '2004-07-29', 810023103084, 'CIVIL-B'),
('JEEVA M', '2005-06-11', 810023103085, 'CIVIL-B'),
('YUVARAJ R', '2006-09-29', 810023103086, 'CIVIL-B'),
('PRASANYA D', '2006-05-10', 810023103087, 'CIVIL-B'),
('YUGANIKHI G', '2006-04-18', 810023103088, 'CIVIL-B'),
('MARIA AKASH A', '2004-10-11', 810023103089, 'CIVIL-B'),
('RESHIKA V', '2006-04-29', 810023103090, 'CIVIL-B'),
('NIRANJAN S', '2005-10-07', 810023103091, 'CIVIL-B'),
('GOKUL S', '2006-07-24', 810023103092, 'CIVIL-B'),
('VINOTHA R', '2005-08-18', 810023103093, 'CIVIL-B'),
('BALAMURUGAN S', '2005-10-02', 810023103094, 'CIVIL-B'),
('HARIHARAN A', '2005-10-24', 810023103095, 'CIVIL-B'),
('VINOCHAN M', '2006-06-24', 810023103096, 'CIVIL-B'),
('AZHARUDEEN R', '2005-05-05', 810023103097, 'CIVIL-B'),
('JEYAKISHORE S S', '2006-07-13', 810023103098, 'CIVIL-B'),
('AYYAPPAN S', '2006-06-12', 810023103099, 'CIVIL-B'),
('BASKAR A', '2006-05-16', 810023103100, 'CIVIL-B'),
('KATHIRAVAN K', '2005-08-20', 810023103101, 'CIVIL-B'),
('KAVIPRIYA R', '2005-03-19', 810023103102, 'CIVIL-B'),
('PRAVINRAJ D', '2006-03-15', 810023103103, 'CIVIL-B'),
('VASANTH A', '2005-12-29', 810023103104, 'CIVIL-B'),
('PRIYA V', '2006-01-21', 810023103105, 'CIVIL-B'),
('DARSNA S', '2006-03-23', 810023104001, 'CSE-A'),
('CHARLIN ASHINI A D', '2006-06-03', 810023104002, 'CSE-A'),
('SRINIDHI K', '2006-05-11', 810023104003, 'CSE-A'),
('ARUL JASMINE D', '2006-01-10', 810023104004, 'CSE-A'),
('SANTHIYA S', '2005-03-01', 810023104005, 'CSE-A'),
('ARUL JEBARAJ M', '2006-03-05', 810023104006, 'CSE-A'),
('YUVARANI S', '2005-02-04', 810023104007, 'CSE-A'),
('VISHNUPRIYA K', '2006-03-02', 810023104008, 'CSE-A'),
('MONISHA JENCY J', '2006-04-10', 810023104009, 'CSE-A'),
('NISHASRI A', '2005-10-31', 810023104010, 'CSE-A'),
('VIVEKANANDAN A', '2005-11-08', 810023104011, 'CSE-A'),
('SAKTHIVEL K', '2006-06-13', 810023104012, 'CSE-A'),
('DIVYA K', '2006-05-13', 810023104013, 'CSE-A'),
('SARAVANAKUMAR P', '2006-02-09', 810023104014, 'CSE-A'),
('DEEPIKA A', '2006-01-23', 810023104015, 'CSE-A'),
('RAJESH S', '2006-06-07', 810023104016, 'CSE-A'),
('SHOBANA V', '2005-12-09', 810023104017, 'CSE-A'),
('SOWMIYA S', '2005-10-14', 810023104018, 'CSE-A'),
('MATHAN KUMAR G', '2005-10-27', 810023104019, 'CSE-A'),
('AKASH A', '2006-06-22', 810023104020, 'CSE-A'),
('VAITHEESHWARAN P', '2005-02-11', 810023104021, 'CSE-A'),
('ASIN T', '2006-05-14', 810023104022, 'CSE-A'),
('ASHOK RAJ A', '2006-08-01', 810023104023, 'CSE-A'),
('BALAMURUGAN K', '2006-02-27', 810023104024, 'CSE-A'),
('DEEPAK RAJ E', '2004-08-29', 810023104025, 'CSE-A'),
('GOMATHI S', '2006-07-12', 810023104026, 'CSE-A'),
('ARUVI V', '2006-06-11', 810023104027, 'CSE-A'),
('VIMAL RAJ J', '2006-02-20', 810023104028, 'CSE-A'),
('NIRMALKUMAR', '2005-02-04', 810023104029, 'CSE-A'),
('VIJAY V', '2005-06-20', 810023104030, 'CSE-A'),
('VAISHNAVI P', '2005-09-23', 810023104031, 'CSE-A'),
('MUTHAZHAGI P', '2006-03-07', 810023104032, 'CSE-A'),
('DHANALAKSHMI J', '2006-01-23', 810023104033, 'CSE-A'),
('GOKUL RAJAN T', '2005-11-10', 810023104034, 'CSE-A'),
('AYISHA H', '2004-07-15', 810023104036, 'CSE-A'),
('AKSHAYA S', '2005-12-29', 810023104037, 'CSE-A'),
('HARINI S', '2005-05-31', 810023104038, 'CSE-A'),
('INBAN V', '2006-04-11', 810023104039, 'CSE-A'),
('SARATHY V', '2005-09-26', 810023104040, 'CSE-A'),
('PUGAZHVADIVU E', '2006-02-17', 810023104041, 'CSE-A'),
('VEERAMANI S', '2005-06-15', 810023104042, 'CSE-A'),
('SNOW SELVA RAFIKA S', '2005-08-11', 810023104043, 'CSE-A'),
('MAHENDIRAN M', '2005-06-13', 810023104044, 'CSE-A'),
('MUTHAMIZHSELVI M', '2005-12-22', 810023104045, 'CSE-A'),
('MOHANADHARSHINI S', '2005-07-11', 810023104046, 'CSE-A'),
('DEEPANRAJA S', '2006-06-18', 810023104047, 'CSE-A'),
('KATHIRAVAN P', '2006-01-10', 810023104048, 'CSE-A'),
('SANGEETHA J', '2005-11-12', 810023104049, 'CSE-A'),
('MUGESHKUMAR M', '2006-05-07', 810023104050, 'CSE-A'),
('INDRA SANTHOSHI B', '2005-10-25', 810023104051, 'CSE-A'),
('RENUGA S', '2006-05-25', 810023104052, 'CSE-A'),
('HONIXA AFFRIN G A', '2006-06-28', 810023104053, 'CSE-A'),
('KELLTENA D', '2005-11-10', 810023104054, 'CSE-A'),
('WILMA ROSARY D', '2005-12-14', 810023104055, 'CSE-A'),
('RADHIKA R', '2006-09-02', 810023104056, 'CSE-A'),
('ROFEENA J', '2005-10-01', 810023104057, 'CSE-A'),
('MUTHURAJA P', '2006-01-10', 810023104058, 'CSE-A'),
('YOKESWARAN P', '2005-06-04', 810023104059, 'CSE-A'),
('RIFAYA PARVEEN S', '2006-04-30', 810023104060, 'CSE-A'),
('ANNE JAISI KIRUBA R', '2005-10-30', 810023104061, 'CSE-B'),
('JAINULABUDEEN K', '2005-10-26', 810023104062, 'CSE-B'),
('GURUBARATH S', '2005-12-08', 810023104063, 'CSE-B'),
('RUBY MARY AMARAVATHY A', '2005-09-08', 810023104064, 'CSE-B'),
('SANGEETHA S', '2005-10-03', 810023104065, 'CSE-B'),
('LASIMA V', '2006-05-26', 810023104066, 'CSE-B'),
('MARIESWARAN K', '2004-02-19', 810023104067, 'CSE-B'),
('SUMITHRA R', '2006-01-21', 810023104068, 'CSE-B'),
('MUHAMMAD ZAAFIR M', '2007-01-07', 810023104069, 'CSE-B'),
('KISHAN DOSS R', '2005-09-04', 810023104070, 'CSE-B'),
('BALAJI M', '2006-03-23', 810023104071, 'CSE-B'),
('THAMIZH EZHILAN T', '2006-06-05', 810023104072, 'CSE-B'),
('MAGESHWARAN O', '2005-12-02', 810023104073, 'CSE-B'),
('GOWTHAM S', '2006-05-30', 810023104074, 'CSE-B'),
('DHARINI D', '2006-02-20', 810023104075, 'CSE-B'),
('SURAJ SIVA R', '2006-01-14', 810023104076, 'CSE-B'),
('LATCHAYA S', '2006-06-21', 810023104077, 'CSE-B'),
('ARUNPRASAD A S', '2006-05-17', 810023104078, 'CSE-B'),
('MADHANKUMAR O V', '2004-10-11', 810023104079, 'CSE-B'),
('POONGODI S', '2005-12-25', 810023104080, 'CSE-B'),
('SOBIYA A', '2005-11-02', 810023104081, 'CSE-B'),
('ARUNA S', '2006-01-11', 810023104082, 'CSE-B'),
('ASHIKA H', '2006-03-02', 810023104083, 'CSE-B'),
('KADIVA THERASAL MARY S', '2006-05-09', 810023104084, 'CSE-B'),
('VIJAYALAKSHMI M', '2005-09-23', 810023104085, 'CSE-B'),
('THOLKAPPIYAN G', '2006-03-18', 810023104086, 'CSE-B'),
('AISHWARYA V', '2005-12-23', 810023104087, 'CSE-B'),
('SIDHARTH M', '2006-05-31', 810023104088, 'CSE-B'),
('SHOBIKA B', '2005-11-12', 810023104089, 'CSE-B'),
('PRAVEEN BALAJI S', '2004-05-31', 810023104090, 'CSE-B'),
('ADITHYA T', '2005-09-01', 810023104092, 'CSE-B'),
('SAKTHIVEL S', '2006-05-20', 810023104093, 'CSE-B'),
('MAHA SHREE R', '2005-09-29', 810023104094, 'CSE-B'),
('SAFRIN SHIFA I', '2006-07-12', 810023104095, 'CSE-B'),
('GUNABALAJI G', '2005-11-01', 810023104096, 'CSE-B'),
('DEEPIKA T', '2006-02-11', 810023104097, 'CSE-B'),
('NISHANTHINI S', '2005-10-01', 810023104098, 'CSE-B'),
('KAVIYA K', '2005-06-08', 810023104099, 'CSE-B'),
('SELSIYA K', '2006-03-30', 810023104100, 'CSE-B'),
('ARIVU SELVAN R', '2005-11-02', 810023104101, 'CSE-B'),
('VIGNESHWARAN C', '2006-08-02', 810023104102, 'CSE-B'),
('SELVA J', '2005-02-06', 810023104103, 'CSE-B'),
('DIVYA R', '2005-04-12', 810023104104, 'CSE-B'),
('VISHVA P', '2006-05-08', 810023104105, 'CSE-B'),
('HARISH M', '2006-02-11', 810023104106, 'CSE-B'),
('KIRUBAKARAN B', '2006-06-27', 810023104107, 'CSE-B'),
('VISHWANATH R', '2005-07-31', 810023104108, 'CSE-B'),
('MANOJITHAN R', '2006-07-28', 810023104109, 'CSE-B'),
('BHUVANESH', '2005-12-22', 810023104110, 'CSE-B'),
('KABILDHARSHAN S', '2005-09-19', 810023104111, 'CSE-B'),
('PRATHAP A', '2005-07-19', 810023104112, 'CSE-B'),
('BHAVANA V', '2005-04-20', 810023104113, 'CSE-B'),
('KALAI VANI S', '2005-08-01', 810023104114, 'CSE-B'),
('GOKUL T P', '2004-06-08', 810023104115, 'CSE-B'),
('REVATHI K', '2005-09-08', 810023104116, 'CSE-B'),
('ASWINI R', '2006-05-26', 810023104117, 'CSE-B'),
('THIRISHALA M', '2006-11-12', 810023104118, 'CSE-B'),
('RITHICK MENON M', '2006-04-10', 810023104119, 'CSE-B'),
('ARUNACHALAM A', '2005-12-01', 810023105001, 'EEE-A'),
('SAHAYA SHAINI A', '2006-07-16', 810023105002, 'EEE-A'),
('NIVETHA S', '2005-08-07', 810023105003, 'EEE-A'),
('SUGANYA G', '2005-09-09', 810023105004, 'EEE-A'),
('ARAVINTH S', '2005-12-06', 810023105005, 'EEE-A'),
('KANIKA M', '2006-06-16', 810023105006, 'EEE-A'),
('LAVANYA V', '2006-05-25', 810023105007, 'EEE-A'),
('ARAVIND A', '2006-02-21', 810023105008, 'EEE-A'),
('GUNALINI A', '2005-07-06', 810023105009, 'EEE-A'),
('PRAVEENKUMAR J', '2005-09-06', 810023105010, 'EEE-A'),
('SHALMA BEGUM A S', '2006-05-07', 810023105011, 'EEE-A'),
('FATHIMA HAFNAA M', '2006-04-02', 810023105012, 'EEE-A'),
('NANDHAKUMAR K', '2006-05-14', 810023105013, 'EEE-A'),
('RASU A', '2006-08-31', 810023105014, 'EEE-A'),
('RUTHRAPATHY S', '2005-08-12', 810023105015, 'EEE-A'),
('SRIRAMSANTHOSH S', '2007-04-15', 810023105016, 'EEE-A'),
('KIRUBALAN N', '2006-08-08', 810023105017, 'EEE-A'),
('SANTHOSH S', '2006-06-22', 810023105018, 'EEE-A'),
('MONISHA L', '2005-09-29', 810023105019, 'EEE-A'),
('SRI NIVETHA K', '2006-07-16', 810023105020, 'EEE-A'),
('VARSHINI S', '2006-05-07', 810023105021, 'EEE-A'),
('ARUNA M', '2004-01-01', 810023105022, 'EEE-A'),
('SAMUNDISHWARI I', '2005-11-13', 810023105023, 'EEE-A'),
('BABISHNA E', '2006-07-31', 810023105024, 'EEE-A'),
('KARTHIKEYAN M', '2005-12-16', 810023105025, 'EEE-A'),
('MALAIYANDI S', '2005-10-31', 810023105026, 'EEE-A'),
('MUTHUMANI KANDAN R P', '2006-09-24', 810023105027, 'EEE-A'),
('PUGAZHMANI', '2006-03-27', 810023105028, 'EEE-A'),
('ARAVINDHAN K', '2005-11-03', 810023105029, 'EEE-A'),
('MUTHU SANKAR S', '2005-06-16', 810023105030, 'EEE-A'),
('NAVEENDHIRAN G', '2006-07-15', 810023105031, 'EEE-A'),
('JEEVANRAJ E', '2006-06-14', 810023105032, 'EEE-A'),
('NISHA M', '2006-03-20', 810023105033, 'EEE-A'),
('MANJULA S', '2006-02-14', 810023105034, 'EEE-A'),
('NAVINASH V', '2005-11-04', 810023105035, 'EEE-A'),
('NIZAR AHAMED A J', '2005-09-02', 810023105036, 'EEE-A'),
('AARTHI SREE S', '2006-03-12', 810023105037, 'EEE-A'),
('NATHIYA N', '2006-03-15', 810023105038, 'EEE-A'),
('SURABHI A', '2002-12-02', 810023105039, 'EEE-A'),
('RAAMAN CHACRAVARTHI R', '2005-11-17', 810023105040, 'EEE-A'),
('ENIYANILA M', '2006-01-02', 810023105041, 'EEE-A'),
('VINVITHAA SRI C K', '2005-06-06', 810023105042, 'EEE-A'),
('KARTHIK T K', '2005-07-11', 810023105043, 'EEE-A'),
('DAENIKA M', '2005-08-05', 810023105044, 'EEE-A'),
('MALINI R', '2005-11-25', 810023105045, 'EEE-A'),
('MADASAMY MANOJ KUMAR V', '2006-04-21', 810023105046, 'EEE-A'),
('YUVAN SHANKAR R', '2006-10-26', 810023105047, 'EEE-A'),
('HARINI G', '2006-07-24', 810023105048, 'EEE-A'),
('AATHIHA M', '2005-06-27', 810023105049, 'EEE-A'),
('ABDUL WAHIDH B', '2006-02-25', 810023105050, 'EEE-A'),
('SAM SUDHARSAN', '2006-06-17', 810023105051, 'EEE-A'),
('NATHIYA R', '2005-03-30', 810023105052, 'EEE-A'),
('GUNASEKARAN S', '2006-03-26', 810023105053, 'EEE-A'),
('RAMYA S', '2006-02-07', 810023105054, 'EEE-A'),
('KISHOREKUMAR V', '2005-01-22', 810023105055, 'EEE-A'),
('JENESH SAMVEL H', '2005-02-23', 810023105057, 'EEE-A'),
('MADHU LEKA A', '2005-02-24', 810023105058, 'EEE-A'),
('VENGATESH V', '2005-02-26', 810023105059, 'EEE-B'),
('SHAMLI M', '2006-03-02', 810023105060, 'EEE-B'),
('BOWNIKA M', '2006-04-29', 810023105061, 'EEE-B'),
('SURYA', '2006-03-31', 810023105062, 'EEE-B'),
('SWATHI S', '2006-07-06', 810023105063, 'EEE-B'),
('VENNILA M', '2006-10-13', 810023105064, 'EEE-B'),
('SUDHARSANAN S', '2006-01-17', 810023105065, 'EEE-B'),
('RAGUL R', '2006-08-18', 810023105066, 'EEE-B'),
('SHANMUGANATHAN D', '2005-08-03', 810023105067, 'EEE-B'),
('ABARNA B', '2005-10-12', 810023105068, 'EEE-B'),
('NAVEEN M', '2005-11-04', 810023105069, 'EEE-B'),
('RAMYA LAKSHMI P', '2005-11-28', 810023105070, 'EEE-B'),
('MALATHI M', '2006-05-23', 810023105071, 'EEE-B'),
('DEVAPRASATH S', '2006-06-29', 810023105072, 'EEE-B'),
('MANORANJAN B', '2005-12-21', 810023105073, 'EEE-B'),
('DHARSHINI K', '2005-11-30', 810023105074, 'EEE-B'),
('SOBI KATHIR C', '2005-08-25', 810023105075, 'EEE-B'),
('SARABAVAN S', '2005-06-02', 810023105076, 'EEE-B'),
('DHARSHINI R', '2006-05-21', 810023105077, 'EEE-B'),
('SUDHARSHAN V', '2006-05-22', 810023105078, 'EEE-B'),
('VEDHA S', '2006-05-09', 810023105079, 'EEE-B'),
('EMERSON ETHIRAJ A', '2006-02-06', 810023105080, 'EEE-B'),
('NEETHIARASI M', '2006-05-14', 810023105081, 'EEE-B'),
('NAGUL R', '2005-10-22', 810023105082, 'EEE-B'),
('AKASH A', '2006-07-31', 810023105083, 'EEE-B'),
('KEERTHANA M', '2006-01-03', 810023105084, 'EEE-B'),
('KALAIYARASAN K', '2004-07-13', 810023105085, 'EEE-B'),
('YAZHINI A', '2005-10-11', 810023105086, 'EEE-B'),
('KANNIHA R', '2004-07-19', 810023105087, 'EEE-B'),
('PRIYADHARSHINI S', '2006-02-06', 810023105088, 'EEE-B'),
('SACHIN P', '2005-11-03', 810023105089, 'EEE-B'),
('AMIRTHARATHINAM P', '2006-07-10', 810023105090, 'EEE-B'),
('MEGHA S', '2005-12-22', 810023105091, 'EEE-B'),
('DINESH S', '2005-06-19', 810023105092, 'EEE-B'),
('YUGENDIRAN I', '2005-12-29', 810023105093, 'EEE-B'),
('SRI SINDHU L', '2006-01-28', 810023105094, 'EEE-B'),
('SRISANMATHI S', '2005-07-13', 810023105095, 'EEE-B'),
('JAYASHREE B', '2006-11-25', 810023105096, 'EEE-B'),
('YASIN KHAN N', '2006-06-03', 810023105097, 'EEE-B'),
('MONISHA S', '2006-07-02', 810023105099, 'EEE-B'),
('MAHALAKSHMI J', '2005-11-11', 810023105100, 'EEE-B'),
('SUBEGA M', '2006-02-06', 810023105101, 'EEE-B'),
('PRASANNA M', '2005-09-12', 810023105102, 'EEE-B'),
('VIMAL RAJ N', '2006-03-19', 810023105103, 'EEE-B'),
('SARAVANA PRAGADEESH E', '2006-04-12', 810023105104, 'EEE-B'),
('GURU RAM S', '2006-03-15', 810023105105, 'EEE-B'),
('VIGNESH S', '2005-09-21', 810023105106, 'EEE-B'),
('ANITHA A', '2006-07-28', 810023105107, 'EEE-B'),
('SANYO S', '2005-06-27', 810023105108, 'EEE-B'),
('KALAIMANI K', '2006-01-29', 810023105109, 'EEE-B'),
('KAVIARASU K', '2006-05-02', 810023105110, 'EEE-B'),
('LAAVANYA M', '2006-04-01', 810023105111, 'EEE-B'),
('HARSHINEE A', '2006-03-25', 810023105112, 'EEE-B'),
('ANUSHA M', '2006-06-17', 810023105114, 'EEE-B'),
('VALLIPRIYA N', '2006-02-24', 810023105115, 'EEE-B'),
('VICHITRA V', '2006-03-18', 810023105116, 'EEE-B'),
('ANANTHALAKSHMI P', '2006-02-20', 810023105117, 'EEE-B'),
('DEVISRI P', '2006-06-10', 810023106001, 'ECE-A'),
('MADHAVAN S', '2005-07-23', 810023106002, 'ECE-A'),
('SHAFANA YASMIN K', '2005-09-06', 810023106003, 'ECE-A'),
('SARANYA G', '2005-11-14', 810023106004, 'ECE-A'),
('SARAVANAN A', '2006-08-12', 810023106006, 'ECE-A'),
('SANTHOSH KUMAR A', '2005-06-07', 810023106008, 'ECE-A'),
('BALAJI V', '2005-10-31', 810023106009, 'ECE-A'),
('NIVETHA K', '2005-11-03', 810023106010, 'ECE-A'),
('UMAR H', '2005-05-08', 810023106011, 'ECE-A'),
('NAVAMALIKA B', '2006-04-16', 810023106012, 'ECE-A'),
('AMARNATH P', '2005-06-09', 810023106013, 'ECE-A'),
('KAVINESAN M', '2006-04-23', 810023106014, 'ECE-A'),
('VIJAYAKUMARI D', '2005-11-17', 810023106015, 'ECE-A'),
('VIGNESHWARI A', '2005-10-27', 810023106016, 'ECE-A'),
('AMIRTHAMBIKA R', '2006-06-20', 810023106017, 'ECE-A'),
('RENUKA K', '2006-09-23', 810023106018, 'ECE-A'),
('GOWTHAM R', '2005-11-09', 810023106019, 'ECE-A'),
('CHARULATHA B', '2006-04-10', 810023106020, 'ECE-A'),
('KRISHNARAJ M', '2005-10-22', 810023106021, 'ECE-A'),
('PRIYADHARSHINI B', '2006-05-05', 810023106022, 'ECE-A'),
('AKASH A', '2006-08-22', 810023106023, 'ECE-A'),
('RAJIV K', '2006-09-09', 810023106024, 'ECE-A'),
('SRI LAKSHMI R', '2005-09-04', 810023106025, 'ECE-A'),
('LAVANAYA K', '2006-03-31', 810023106026, 'ECE-A'),
('SONIYA T', '2006-09-28', 810023106027, 'ECE-A'),
('VEDHACHALAM K', '2006-07-27', 810023106028, 'ECE-A'),
('KANISHKA S', '2006-09-14', 810023106029, 'ECE-A'),
('VENKATESH H', '2005-07-14', 810023106030, 'ECE-A'),
('KAVI KUMAR K', '2006-06-01', 810023106031, 'ECE-A'),
('VIDHUBALA K', '2006-08-26', 810023106032, 'ECE-A'),
('ANBUSELVAN A', '2006-10-19', 810023106033, 'ECE-A'),
('ARCHANA M', '2004-01-01', 810023106034, 'ECE-A'),
('RITHISH B', '2006-03-19', 810023106035, 'ECE-A'),
('DHARSHINI P S', '2005-09-18', 810023106036, 'ECE-A'),
('ASIYA T', '2005-08-15', 810023106037, 'ECE-A'),
('IRFAN T SHADIL', '2005-09-08', 810023106038, 'ECE-A'),
('DAYANITHI C', '2006-03-12', 810023106039, 'ECE-A'),
('YUVARAJ T', '2006-02-22', 810023106040, 'ECE-A'),
('VANCHINATHAN S S', '2005-12-10', 810023106041, 'ECE-A'),
('DEVIBALA K', '2005-09-19', 810023106042, 'ECE-A'),
('HARINI B', '2005-08-31', 810023106043, 'ECE-A'),
('DHUVARIKA S', '2005-12-10', 810023106044, 'ECE-A'),
('AKALYA M', '2006-06-23', 810023106045, 'ECE-A'),
('PON KARTHIKA V', '2007-05-19', 810023106046, 'ECE-A'),
('DIVYASRI S', '2006-02-13', 810023106047, 'ECE-A'),
('KESHAV VIJAYAN K R', '2005-08-31', 810023106048, 'ECE-A'),
('KEERTHIKA S', '2006-01-09', 810023106049, 'ECE-A'),
('SURYA S', '2005-11-01', 810023106050, 'ECE-A'),
('NISHANTHI S V', '2005-09-14', 810023106051, 'ECE-A'),
('SIVARAMAN K', '2006-05-13', 810023106052, 'ECE-A'),
('SARANYA A', '2005-10-23', 810023106053, 'ECE-A'),
('KALAIYARASAN V', '2005-08-19', 810023106054, 'ECE-A'),
('RAJESHWARI P', '2005-05-04', 810023106055, 'ECE-A'),
('KARTHIKEYAN S', '2005-10-01', 810023106056, 'ECE-A'),
('MENAKA M', '2004-10-10', 810023106057, 'ECE-A'),
('LAKSHMI PRABHA M', '2005-11-14', 810023106058, 'ECE-A'),
('RITHIGA DEVI R', '2006-04-20', 810023106059, 'ECE-B'),
('NAVEENA M', '2005-11-05', 810023106060, 'ECE-B'),
('SRINITHI PRIYA T', '2005-12-10', 810023106061, 'ECE-B'),
('DINESHKUMAR K V', '2006-01-24', 810023106062, 'ECE-B'),
('PRAVEEN KUMAR R', '2005-10-29', 810023106063, 'ECE-B'),
('KIRUTHIKASRIMATHI M', '2005-11-08', 810023106064, 'ECE-B'),
('ABITHA K', '2005-10-18', 810023106065, 'ECE-B'),
('HARIKRISHNAN T', '2005-08-30', 810023106066, 'ECE-B'),
('PRAVEEN R', '2005-03-22', 810023106067, 'ECE-B'),
('PRIYADHARSHINI G S', '2006-01-21', 810023106068, 'ECE-B'),
('NISHA K', '2005-09-27', 810023106069, 'ECE-B'),
('LOGANATHAN P', '2006-01-08', 810023106070, 'ECE-B'),
('THABRE ALAM SHAHUL HAMEED A', '2006-01-15', 810023106071, 'ECE-B'),
('HARANIYA K', '2005-12-18', 810023106072, 'ECE-B'),
('JAYASRI V', '2005-09-13', 810023106073, 'ECE-B'),
('DIVYALAKSHMANI G', '2005-01-28', 810023106074, 'ECE-B'),
('RAJESH KANNA M', '2005-10-04', 810023106075, 'ECE-B'),
('KIRUTHIKA P', '2005-10-13', 810023106076, 'ECE-B'),
('ARCHANA C', '2006-02-06', 810023106077, 'ECE-B'),
('NAVINRAJ B', '2006-04-12', 810023106078, 'ECE-B'),
('VIGNESH SHREE P', '2005-01-16', 810023106079, 'ECE-B'),
('SUBHASH M', '2006-06-20', 810023106080, 'ECE-B'),
('VINISHA T', '2005-10-21', 810023106081, 'ECE-B'),
('AGHILESH M', '2005-12-30', 810023106082, 'ECE-B'),
('MANIKANDAN S', '2005-11-27', 810023106083, 'ECE-B'),
('VIJAYA DHARSHINI S', '2005-10-23', 810023106084, 'ECE-B'),
('SUNDHARA LAKSHMI T', '2006-01-06', 810023106085, 'ECE-B'),
('THANGARAJ S', '2006-03-18', 810023106086, 'ECE-B'),
('ABISHEK M', '2005-11-04', 810023106087, 'ECE-B'),
('MADHUMITHA S', '2005-09-29', 810023106088, 'ECE-B'),
('VASANTHA NESAN S', '2005-08-17', 810023106089, 'ECE-B'),
('SHIFANA S', '2006-06-12', 810023106090, 'ECE-B'),
('DEEPIKA S', '2006-07-06', 810023106091, 'ECE-B'),
('AKSHAYA PRIYA S', '2006-03-21', 810023106092, 'ECE-B'),
('THARIS S', '2005-09-04', 810023106093, 'ECE-B'),
('MATHANGI M', '2006-05-18', 810023106094, 'ECE-B'),
('NIVETHA B', '2005-12-01', 810023106095, 'ECE-B'),
('VIGNESH S', '2005-12-05', 810023106096, 'ECE-B'),
('SHREEYA S', '2005-12-09', 810023106097, 'ECE-B'),
('RAMANISH V', '2006-04-24', 810023106098, 'ECE-B'),
('MADHANKUMAR Y', '2005-09-30', 810023106099, 'ECE-B'),
('SHRIBALA T', '2005-02-03', 810023106100, 'ECE-B'),
('SHEIK ABDULLA I', '2006-01-14', 810023106101, 'ECE-B'),
('NIRANJANA P', '2006-02-22', 810023106102, 'ECE-B'),
('RAJPRIYA S', '2007-02-03', 810023106103, 'ECE-B'),
('ANISH KRISHNA KANTH T', '2006-04-29', 810023106104, 'ECE-B'),
('PONNIN SELVAN M', '2005-06-02', 810023106105, 'ECE-B'),
('NITHISH A', '2006-03-31', 810023106106, 'ECE-B'),
('GOWTHAM V', '2005-08-31', 810023106107, 'ECE-B'),
('SUMAN ADHITHIYA M', '2005-09-17', 810023106108, 'ECE-B'),
('PURUSHOTHAMAN K', '2004-09-16', 810023106109, 'ECE-B'),
('GIRIDHARAN S', '2006-08-19', 810023106110, 'ECE-B'),
('SARATH V', '2005-08-01', 810023106111, 'ECE-B'),
('SRIRAM P', '2005-06-17', 810023106112, 'ECE-B'),
('YOVARASAN S', '2005-10-08', 810023106113, 'ECE-B'),
('SUWATHIGA S', '2005-11-01', 810023106114, 'ECE-B'),
('KANISHKA L', '2006-01-13', 810023106115, 'ECE-B'),
('ACACIO D', '2006-02-27', 810023114001, 'MECHANICAL-A'),
('SAMBATHKUMAR M', '2004-09-02', 810023114002, 'MECHANICAL-A'),
('ABINATH K', '2006-03-31', 810023114003, 'MECHANICAL-A'),
('SANKARANARAYANAN G', '2006-02-04', 810023114004, 'MECHANICAL-A'),
('RATHNA R', '2005-10-05', 810023114005, 'MECHANICAL-A'),
('MUGESH K', '2006-07-12', 810023114006, 'MECHANICAL-A'),
('RAHUL R', '2006-08-16', 810023114007, 'MECHANICAL-A'),
('MOHAMED SHAFIK R', '2005-11-28', 810023114008, 'MECHANICAL-A'),
('JAYARAJ A', '2005-11-20', 810023114009, 'MECHANICAL-A'),
('SUDHAKARAN S', '2005-11-14', 810023114010, 'MECHANICAL-A'),
('SAKTHIVEL V', '2005-05-09', 810023114011, 'MECHANICAL-A'),
('SANJAY K', '2006-08-28', 810023114012, 'MECHANICAL-A'),
('BHUVANESAN NV', '2005-12-25', 810023114013, 'MECHANICAL-A'),
('PERIYA ARASU M', '2005-10-02', 810023114014, 'MECHANICAL-A'),
('GIRIDHARAN G', '2005-10-13', 810023114015, 'MECHANICAL-A'),
('DHARSHINI M', '2006-06-19', 810023114016, 'MECHANICAL-A'),
('MAGI AGNUS P', '2005-08-25', 810023114017, 'MECHANICAL-A'),
('RAJADURAI D', '2006-09-10', 810023114018, 'MECHANICAL-A'),
('SUSHVANTH S', '2006-04-27', 810023114019, 'MECHANICAL-A'),
('RANJITH M', '2006-04-22', 810023114020, 'MECHANICAL-A'),
('KAMALAKKANNAN P', '2006-02-09', 810023114021, 'MECHANICAL-A'),
('SUBRAMANI K', '2005-04-11', 810023114022, 'MECHANICAL-A'),
('MOHANSELVAKUMAR P', '2006-01-18', 810023114023, 'MECHANICAL-A'),
('BALAJI K', '2005-09-21', 810023114024, 'MECHANICAL-A'),
('MUGESH S', '2006-01-17', 810023114025, 'MECHANICAL-A'),
('NISHANTH S', '2006-04-17', 810023114026, 'MECHANICAL-A'),
('NITHIN S', '2006-04-17', 810023114027, 'MECHANICAL-A'),
('BEER MOHAMED N', '2006-04-05', 810023114028, 'MECHANICAL-A'),
('BOOBALAN E', '2006-06-13', 810023114029, 'MECHANICAL-A'),
('VIGNESHWARAN S', '2005-10-07', 810023114030, 'MECHANICAL-A'),
('BHARANIVASAN T', '2005-10-09', 810023114031, 'MECHANICAL-A'),
('ROHESHWARAN S', '2006-08-02', 810023114032, 'MECHANICAL-A'),
('KAVI BHARATHI M', '2006-03-31', 810023114033, 'MECHANICAL-A'),
('DHINESHKUMAR G', '2005-10-26', 810023114034, 'MECHANICAL-A'),
('MOHAN G', '2006-05-07', 810023114035, 'MECHANICAL-A'),
('HARIGOVINDAN S', '2006-10-09', 810023114036, 'MECHANICAL-A'),
('SURAJ R', '2005-03-11', 810023114037, 'MECHANICAL-A'),
('AUSTIN S', '2005-09-08', 810023114038, 'MECHANICAL-A'),
('VINOTH KUMAR M', '2005-04-13', 810023114039, 'MECHANICAL-A'),
('KARTHIKEYAN B', '2006-01-11', 810023114040, 'MECHANICAL-A'),
('RAKSHITHA V', '2005-07-14', 810023114041, 'MECHANICAL-A'),
('SURJITH R S', '2006-02-04', 810023114042, 'MECHANICAL-A'),
('JEEVAA M', '2005-03-17', 810023114043, 'MECHANICAL-A'),
('MITHUN S', '2006-09-20', 810023114044, 'MECHANICAL-A'),
('BHARANIMUTHU V', '2005-10-02', 810023114045, 'MECHANICAL-A'),
('GURUMOORTHI M', '2006-06-09', 810023114046, 'MECHANICAL-A'),
('AKASH B', '2006-02-12', 810023114047, 'MECHANICAL-A'),
('PRAVINKUMAR B', '2006-06-06', 810023114048, 'MECHANICAL-A'),
('SHANJAI SRI RAM S', '2005-10-03', 810023114049, 'MECHANICAL-A'),
('RATHINAVEL S', '2005-11-02', 810023114050, 'MECHANICAL-A'),
('PREMKUMAR S', '2006-02-24', 810023114051, 'MECHANICAL-A'),
('THASEER ALI J', '2005-11-27', 810023114052, 'MECHANICAL-A'),
('MATHEW UDHAYACHANDRAN', '2005-11-02', 810023114053, 'MECHANICAL-B'),
('AKASH M K', '2005-09-23', 810023114054, 'MECHANICAL-B'),
('BARATH KUMARAN E', '2005-11-07', 810023114055, 'MECHANICAL-B'),
('THIRUMOORTHI A', '2006-01-23', 810023114056, 'MECHANICAL-B'),
('DHARANI T', '2005-11-01', 810023114057, 'MECHANICAL-B'),
('MOHAMED REAYAS A', '2006-04-13', 810023114058, 'MECHANICAL-B'),
('DEVANESAN B', '2005-06-02', 810023114059, 'MECHANICAL-B'),
('SRIDHAR T', '2005-12-09', 810023114060, 'MECHANICAL-B'),
('SATHISH KUMAR G', '2005-10-23', 810023114061, 'MECHANICAL-B'),
('JEGATHEESWARAN T', '2006-07-15', 810023114062, 'MECHANICAL-B'),
('HARI PRASATH P', '2006-01-13', 810023114063, 'MECHANICAL-B'),
('MOUNIKA M', '2005-08-07', 810023114064, 'MECHANICAL-B'),
('KRISHNAKUMAR S', '2005-09-15', 810023114065, 'MECHANICAL-B'),
('PON AKASH P', '2005-12-07', 810023114066, 'MECHANICAL-B'),
('ATHARSH P', '2005-10-07', 810023114067, 'MECHANICAL-B'),
('MANIKANDAN K', '2006-12-11', 810023114068, 'MECHANICAL-B'),
('KAVIARASAN T', '2005-07-09', 810023114069, 'MECHANICAL-B'),
('DHILIP A', '2005-03-02', 810023114070, 'MECHANICAL-B'),
('MAHADEVAN V', '2006-03-13', 810023114071, 'MECHANICAL-B'),
('PRABANJAN P S', '2006-09-04', 810023114072, 'MECHANICAL-B'),
('NAVEEN KUMAR R', '2006-04-29', 810023114073, 'MECHANICAL-B'),
('SUTHARSAN B', '2005-11-14', 810023114074, 'MECHANICAL-B'),
('AKASH M', '2006-11-21', 810023114075, 'MECHANICAL-B'),
('VIKRAM S', '2004-11-22', 810023114076, 'MECHANICAL-B'),
('VISHNU S', '2006-07-05', 810023114077, 'MECHANICAL-B'),
('LENISH P', '2006-06-27', 810023114078, 'MECHANICAL-B'),
('BALAJI V', '2005-09-24', 810023114079, 'MECHANICAL-B'),
('BALA CHANDAR P', '2005-12-29', 810023114080, 'MECHANICAL-B'),
('GOKUL A', '2005-09-17', 810023114081, 'MECHANICAL-B'),
('JANA MURUGAPPA M', '2006-05-31', 810023114082, 'MECHANICAL-B'),
('ROSHAN FARITH S', '2006-03-18', 810023114083, 'MECHANICAL-B'),
('SIVABALAN K', '2005-07-15', 810023114084, 'MECHANICAL-B'),
('VIJAYARAJ K R', '2005-12-22', 810023114085, 'MECHANICAL-B'),
('SHANMUGANATHAN S', '2006-04-05', 810023114086, 'MECHANICAL-B'),
('NISHANTH KUMAR K', '2006-10-12', 810023114087, 'MECHANICAL-B'),
('NARESHKUMAR S', '2005-10-22', 810023114088, 'MECHANICAL-B'),
('GOBINATH R', '2006-06-17', 810023114089, 'MECHANICAL-B'),
('AMALESH A', '2006-02-15', 810023114090, 'MECHANICAL-B'),
('AATHIKESAVAN K', '2005-11-10', 810023114091, 'MECHANICAL-B'),
('SAMITH KANNA R', '2005-11-30', 810023114092, 'MECHANICAL-B'),
('BOOBALAN R', '2004-10-13', 810023114093, 'MECHANICAL-B'),
('NAVEEN B', '2005-12-01', 810023114094, 'MECHANICAL-B'),
('DEV ANAND K', '2006-06-19', 810023114096, 'MECHANICAL-B'),
('VIGNESH K', '2006-05-28', 810023114097, 'MECHANICAL-B'),
('JEEVANANTHAM M', '2005-07-21', 810023114098, 'MECHANICAL-B'),
('JAMERAJ S', '2005-10-14', 810023114099, 'MECHANICAL-B'),
('RAKESHKUMAR M', '2006-02-18', 810023114100, 'MECHANICAL-B'),
('ALAGUPRIYAN A', '2006-03-14', 810023114102, 'MECHANICAL-B'),
('PASUPATHI T', '2006-01-20', 810023114103, 'MECHANICAL-B'),
('SANTHOSH M', '2006-06-19', 810023114104, 'MECHANICAL-B'),
('YOGAGNANASAMBANTHAN N', '2006-01-26', 810023114105, 'MECHANICAL-B'),
('INBARASAN K', '2005-12-26', 810023114106, 'MECHANICAL-B'),
('TAMILSELVAN M', '2004-05-19', 810023126001, 'CIVILMECHANICAL-TM'),
('MUTHULAKSHMI G', '2006-03-22', 810023126002, 'CIVILMECHANICAL-TM'),
('NANDHINI K', '2006-06-09', 810023126003, 'CIVILMECHANICAL-TM'),
('SRIPRIYA B', '2005-11-12', 810023126004, 'CIVILMECHANICAL-TM'),
('KIRUTHIGA S', '2006-04-20', 810023126005, 'CIVILMECHANICAL-TM'),
('DINESH P', '2005-11-02', 810023126006, 'CIVILMECHANICAL-TM'),
('KAVI ARASU C', '2005-12-13', 810023126007, 'CIVILMECHANICAL-TM'),
('SARANYA S', '2006-04-26', 810023126008, 'CIVILMECHANICAL-TM'),
('JANANI K', '2006-01-01', 810023126009, 'CIVILMECHANICAL-TM'),
('RUBASRI M', '2005-12-26', 810023126010, 'CIVILMECHANICAL-TM'),
('MADHUMITHA S', '2007-01-06', 810023126011, 'CIVILMECHANICAL-TM'),
('GANGANADHI P', '2006-09-25', 810023126012, 'CIVILMECHANICAL-TM'),
('SUVETHA V', '2006-02-24', 810023126013, 'CIVILMECHANICAL-TM'),
('ABIRAMI A', '2005-11-20', 810023126014, 'CIVILMECHANICAL-TM'),
('GOWTHAM V', '2006-04-07', 810023126015, 'CIVILMECHANICAL-TM'),
('GOKULA VASUNDHARA SRI R', '2005-11-23', 810023126016, 'CIVILMECHANICAL-TM'),
('KRISHNAVENI R', '2006-01-30', 810023126017, 'CIVILMECHANICAL-TM'),
('KARTHIKEYAN S', '2004-11-30', 810023126018, 'CIVILMECHANICAL-TM'),
('BUVANESH C', '2006-08-27', 810023126019, 'CIVILMECHANICAL-TM'),
('PATHMAVATHI L', '2006-06-10', 810023126020, 'CIVILMECHANICAL-TM'),
('MOHANA DEVI S', '2006-02-14', 810023126021, 'CIVILMECHANICAL-TM'),
('DHANUSHRAJAN K', '2006-07-15', 810023126022, 'CIVILMECHANICAL-TM'),
('PRADEEP V', '2006-08-22', 810023126023, 'CIVILMECHANICAL-TM'),
('AARTHY K', '2006-02-19', 810023126024, 'CIVILMECHANICAL-TM'),
('SELVAPRIYA P', '2005-11-23', 810023126025, 'CIVILMECHANICAL-TM'),
('PRABHA P', '2006-03-22', 810023126026, 'CIVILMECHANICAL-TM'),
('THIRUPATHI N', '2006-07-26', 810023126027, 'CIVILMECHANICAL-TM'),
('PRAVEENKUMAR S', '2005-09-09', 810023126028, 'CIVILMECHANICAL-TM'),
('AAKASH P', '2006-06-07', 810023126029, 'CIVILMECHANICAL-TM'),
('ABIRAMI B', '2005-10-08', 810023126030, 'CIVILMECHANICAL-TM'),
('HEMALATHA P', '2006-07-17', 810023126031, 'CIVILMECHANICAL-TM'),
('GUNA R', '2006-06-24', 810023126032, 'CIVILMECHANICAL-TM'),
('SHARUKHAN M', '2005-12-23', 810023126033, 'CIVILMECHANICAL-TM'),
('MATHIBALAN P', '2006-05-29', 810023126034, 'CIVILMECHANICAL-TM'),
('AJAY N', '2005-11-28', 810023126036, 'CIVILMECHANICAL-TM'),
('NAVEEN KUMAR S', '2005-09-06', 810023126037, 'CIVILMECHANICAL-TM'),
('PACHAIYAPPAN P', '2006-02-06', 810023126038, 'CIVILMECHANICAL-TM'),
('DHARNISH K', '2005-12-04', 810023126039, 'CIVILMECHANICAL-TM'),
('KANSHIYA S', '2006-04-22', 810023126040, 'CIVILMECHANICAL-TM'),
('KAVITHASAN M', '2005-11-29', 810023126041, 'CIVILMECHANICAL-TM'),
('SHARMILI M', '2006-02-02', 810023126042, 'CIVILMECHANICAL-TM'),
('VANISRI R', '2005-12-14', 810023126043, 'CIVILMECHANICAL-TM'),
('YOGESH J', '2005-09-11', 810023126044, 'CIVILMECHANICAL-TM'),
('PRAVEEN KUMAR M', '2005-03-26', 810023126045, 'CIVILMECHANICAL-TM'),
('KIRAN SANKAR R', '2005-07-06', 810023126046, 'CIVILMECHANICAL-TM'),
('ABINAYA A', '2006-05-24', 810023126047, 'CIVILMECHANICAL-TM'),
('HARISH R V', '2006-08-20', 810023126048, 'CIVILMECHANICAL-TM'),
('ADHITHYA A', '2006-03-22', 810023126049, 'CIVILMECHANICAL-TM'),
('AMUDHAN S', '2005-05-17', 810023127001, 'CIVILMECHANICAL-TM'),
('SEVVELJAYAM S', '2005-10-05', 810023127002, 'CIVILMECHANICAL-TM'),
('ANDAVAR K', '2006-04-08', 810023127003, 'CIVILMECHANICAL-TM'),
('ASHWIN G', '2006-04-08', 810023127004, 'CIVILMECHANICAL-TM'),
('NAWINKUMAAR V', '2005-11-04', 810023127005, 'CIVILMECHANICAL-TM'),
('XAVIER AKASH A', '2005-12-03', 810023127006, 'CIVILMECHANICAL-TM'),
('KAVEENA M', '2005-10-13', 810023127007, 'CIVILMECHANICAL-TM'),
('NAVEEN S', '2006-05-14', 810023127008, 'CIVILMECHANICAL-TM'),
('BALAKRISHNAN R', '2005-11-06', 810023127009, 'CIVILMECHANICAL-TM'),
('MOHAN PANDI D', '2006-03-14', 810023127010, 'CIVILMECHANICAL-TM'),
('DHANARANGAN R', '2005-12-17', 810023127011, 'CIVILMECHANICAL-TM'),
('SAKTHIVEL P', '2006-07-22', 810023127012, 'CIVILMECHANICAL-TM'),
('PUNITH S', '2006-05-16', 810023127013, 'CIVILMECHANICAL-TM'),
('SRIDHAR T', '2005-12-21', 810023127014, 'CIVILMECHANICAL-TM'),
('VENKATARAJ V', '2004-11-21', 810023127015, 'CIVILMECHANICAL-TM'),
('SHAMEER AKTHAR S', '2005-03-25', 810023127016, 'CIVILMECHANICAL-TM'),
('GOWSHIKKUMAR S', '2006-05-05', 810023127017, 'CIVILMECHANICAL-TM'),
('SURYA S', '2006-02-17', 810023205001, 'IT-A'),
('NIRANJAN R', '2006-06-19', 810023205002, 'IT-A'),
('GIRIJA K', '2007-01-29', 810023205003, 'IT-A'),
('DHIVYA M', '2005-10-15', 810023205004, 'IT-A'),
('SENTHAMIZHAN A', '2006-04-20', 810023205005, 'IT-A'),
('KEERTHIVASAN P S', '2006-06-16', 810023205006, 'IT-A'),
('PRAKASH M', '2005-05-05', 810023205007, 'IT-A'),
('HARIHARAN T', '2006-07-25', 810023205008, 'IT-A'),
('SIVA SANKAR V', '2005-12-18', 810023205009, 'IT-A'),
('PUGAZHESHWARAN V', '2006-06-23', 810023205010, 'IT-A'),
('VIGNESHWARAN S', '2005-11-05', 810023205011, 'IT-A'),
('SATHIYA M', '2006-01-04', 810023205012, 'IT-A'),
('AJAY D', '2005-09-25', 810023205013, 'IT-A'),
('DHANALAKSHMI S', '2006-08-15', 810023205014, 'IT-A'),
('DESIKA S', '2005-12-10', 810023205015, 'IT-A'),
('GOVARDHAN S', '2005-10-24', 810023205016, 'IT-A'),
('ABINAYA U', '2006-04-13', 810023205017, 'IT-A'),
('JONES PRISTY D', '2006-05-31', 810023205018, 'IT-A'),
('DHAARANYA S', '2006-06-29', 810023205019, 'IT-A'),
('HARINI K', '2006-01-20', 810023205020, 'IT-A'),
('ANTIN SHERIN V U', '2006-05-18', 810023205021, 'IT-A'),
('BARATH R', '2006-08-26', 810023205022, 'IT-A'),
('SAFILA FARHATH A S', '2005-11-09', 810023205023, 'IT-A'),
('BHARATHI M', '2005-08-09', 810023205024, 'IT-A'),
('ARCHANA J', '2006-06-09', 810023205025, 'IT-A'),
('KAAVYA VARSHA R', '2005-08-01', 810023205026, 'IT-A'),
('KARNIKA S', '2005-03-21', 810023205027, 'IT-A'),
('JAYA BHARATHI S', '2005-10-31', 810023205028, 'IT-A'),
('GUNAVARTHINI K', '2006-03-17', 810023205029, 'IT-A'),
('DHANASEKAR K', '2006-05-17', 810023205030, 'IT-A'),
('SURJITH S', '2005-10-26', 810023205031, 'IT-A'),
('ANUSUYA V', '2005-06-15', 810023205032, 'IT-A'),
('KEERTHIKA G B', '2005-12-07', 810023205033, 'IT-A'),
('JANANI L', '2005-11-20', 810023205034, 'IT-A'),
('PAVITHRA J', '2006-01-20', 810023205035, 'IT-A'),
('PRAKASH S', '2006-10-19', 810023205036, 'IT-A'),
('SWATHI K', '2005-12-08', 810023205037, 'IT-A'),
('THEJASH S', '2005-08-12', 810023205038, 'IT-A'),
('HARIKRISHNAN T', '2006-04-06', 810023205039, 'IT-A'),
('RAJESHWARI P', '2006-09-17', 810023205040, 'IT-A'),
('SARIHA S', '2005-10-03', 810023205041, 'IT-A'),
('MANOBALA T N', '2005-09-04', 810023205042, 'IT-A'),
('AJAY A', '2004-02-08', 810023205043, 'IT-A'),
('MUHAMMED AARIF J', '2006-05-26', 810023205044, 'IT-A'),
('ARUNKUMAR M', '2005-11-28', 810023205045, 'IT-A'),
('NIRAIMATHI M', '2004-09-14', 810023205046, 'IT-A'),
('HEYMANTH S M', '2005-10-25', 810023205047, 'IT-A'),
('NIVEDHA M', '2006-01-02', 810023205048, 'IT-A'),
('DEEPAN RAJA G', '2005-09-18', 810023205049, 'IT-A'),
('ESSTHAR ANNAL J', '2004-08-10', 810023205050, 'IT-A'),
('MOHAMED ISRIN A', '2004-10-25', 810023205051, 'IT-A'),
('SRI RAGABHARATHI R', '2006-02-14', 810023205052, 'IT-A'),
('ROJITH R A', '2005-06-24', 810023205053, 'IT-A'),
('SINDHUJA S', '2006-07-17', 810023205054, 'IT-A'),
('RAJIVI M', '2005-11-20', 810023205055, 'IT-A'),
('LAKSHANA M', '2006-01-09', 810023205056, 'IT-A'),
('VENMANI V', '2006-05-15', 810023205057, 'IT-A'),
('PRAKASH S', '2005-10-03', 810023205058, 'IT-A'),
('KALAIYARASI M', '2005-12-07', 810023205059, 'IT-B'),
('LOGESHKUMAR M', '2006-04-01', 810023205060, 'IT-B'),
('SUGANTHAN R', '2006-05-24', 810023205061, 'IT-B'),
('VIGNESHWARAN L', '2006-05-15', 810023205062, 'IT-B'),
('SANTHOSH A', '2005-10-04', 810023205063, 'IT-B'),
('MADHUMITHA R', '2003-12-21', 810023205064, 'IT-B'),
('KEERTHANA', '2005-09-15', 810023205065, 'IT-B'),
('KEERTHANA A', '2006-03-25', 810023205066, 'IT-B'),
('GOMATHI R', '2005-03-09', 810023205067, 'IT-B'),
('KEERTHANA R', '2006-03-11', 810023205068, 'IT-B'),
('SARANRAJ R', '2006-05-18', 810023205069, 'IT-B'),
('EZHILARASAN J', '2006-05-26', 810023205070, 'IT-B'),
('DEEPADHARSHINI M', '2006-06-09', 810023205071, 'IT-B'),
('SRINITHI S', '2005-11-03', 810023205072, 'IT-B'),
('BHARATHI P', '2005-09-12', 810023205073, 'IT-B'),
('SRIBALAJI G', '2005-11-12', 810023205074, 'IT-B'),
('RAHUL K', '2005-08-13', 810023205075, 'IT-B'),
('ARJUN C', '2006-06-08', 810023205076, 'IT-B'),
('SIVAPRASANTH', '2006-01-04', 810023205077, 'IT-B'),
('PRICIKA K', '2006-04-12', 810023205078, 'IT-B'),
('SRIMATHI J', '2005-09-18', 810023205079, 'IT-B'),
('ABITHADEVI R', '2006-07-08', 810023205081, 'IT-B'),
('MOHANRAJ V', '2006-05-08', 810023205082, 'IT-B'),
('JANANI S', '2006-03-23', 810023205083, 'IT-B'),
('AKSHAYA S', '2005-06-04', 810023205084, 'IT-B'),
('LAVANYA A', '2003-05-18', 810023205085, 'IT-B'),
('SUVARNALEKHAA N', '2005-08-24', 810023205086, 'IT-B'),
('KESAVAN E', '2005-08-03', 810023205087, 'IT-B'),
('BHAVADHARANI B', '2006-06-25', 810023205088, 'IT-B'),
('LAVANYA D', '2006-02-05', 810023205089, 'IT-B'),
('SANTHIYA E', '2006-08-14', 810023205090, 'IT-B'),
('RANGANATHAN M', '2004-05-08', 810023205091, 'IT-B'),
('JAI AAKASH R', '2005-09-06', 810023205092, 'IT-B'),
('KARTHIKEYAN H', '2006-01-10', 810023205093, 'IT-B'),
('JANAHAN E', '2005-05-27', 810023205094, 'IT-B'),
('MANOJ C', '2005-07-10', 810023205095, 'IT-B'),
('YOGESH U G', '2005-10-08', 810023205096, 'IT-B'),
('JANARANJANI M', '2005-11-07', 810023205097, 'IT-B'),
('ABISHEK K', '2005-11-13', 810023205098, 'IT-B'),
('HARINI S', '2006-03-09', 810023205099, 'IT-B'),
('MARY SHALINI A', '2006-01-19', 810023205100, 'IT-B'),
('SATHYASEELAN', '2005-03-14', 810023205101, 'IT-B'),
('VARSHA T', '2005-04-01', 810023205102, 'IT-B'),
('KISHORE R', '2005-05-14', 810023205103, 'IT-B'),
('AHAMED NOOR Z', '2004-05-15', 810023205104, 'IT-B'),
('SANGEETHA M', '2006-04-20', 810023205105, 'IT-B'),
('ANBUKUMAR M', '2006-03-07', 810023205106, 'IT-B'),
('RAVINASRI R', '2006-07-01', 810023205107, 'IT-B'),
('MARUTHAKUMARAN M', '2006-01-04', 810023205108, 'IT-B'),
('MANIKANDAN', '2006-03-28', 810023205110, 'IT-B'),
('NAVEEN M', '2006-08-03', 810023205111, 'IT-B'),
('SIVABALAN S', '2005-05-27', 810023205112, 'IT-B'),
('KAVINRAJAN K', '2006-01-17', 810023205113, 'IT-B'),
('ELAIYAMUGILAN S', '2005-07-30', 810023205114, 'IT-B'),
('HITHESH K', '2005-09-01', 810023205115, 'IT-B'),
('GOKULNATH V', '2006-01-14', 810023205116, 'IT-B'),
('PREM PRADHYUSH B A', '2005-10-29', 810023214001, 'BIOTECH'),
('ABISHEK S', '2006-06-08', 810023214002, 'BIOTECH'),
('NATRAJ R', '2003-09-12', 810023214003, 'BIOTECH'),
('PRIYADHARSHINI P', '2006-03-22', 810023214004, 'BIOTECH'),
('SURYASELVAN E', '2005-06-13', 810023214005, 'BIOTECH'),
('RAYAN AFRIN S', '2006-01-13', 810023214006, 'BIOTECH'),
('PRIYADHARSHINI B', '2005-12-23', 810023214007, 'BIOTECH'),
('VENKATESHWARI S', '2006-02-13', 810023214008, 'BIOTECH'),
('KAMALIKA M', '2005-11-19', 810023214009, 'BIOTECH'),
('AAQIF ALI N R', '2005-10-24', 810023214010, 'BIOTECH'),
('PREETHI JESSICA K', '2005-09-12', 810023214011, 'BIOTECH'),
('DHANUJA SRI N', '2006-06-13', 810023214013, 'BIOTECH'),
('SRIDHAR M', '2006-12-24', 810023214014, 'BIOTECH'),
('GOPIKRISHNAN A', '2005-10-15', 810023214015, 'BIOTECH'),
('MOURIYA J', '2005-08-07', 810023214016, 'BIOTECH'),
('GUNA S', '2006-03-18', 810023214017, 'BIOTECH'),
('ARUNADEVI R', '2006-07-05', 810023214018, 'BIOTECH'),
('LOGESHWARI P', '2005-11-16', 810023214019, 'BIOTECH'),
('NAVEEN KARTHIKEYAN R', '2005-09-10', 810023214020, 'BIOTECH'),
('MATHIVATHANI U', '2006-09-12', 810023214021, 'BIOTECH'),
('MADHUSRI V', '2006-06-30', 810023214022, 'BIOTECH'),
('SANKARIYYA S', '2006-05-20', 810023214023, 'BIOTECH'),
('KIRUBASANKARI J', '2005-12-05', 810023214024, 'BIOTECH'),
('PRIYADHARSHINI A', '2005-11-25', 810023214025, 'BIOTECH'),
('SUBIKSHA J', '2005-09-20', 810023214026, 'BIOTECH'),
('FLORENCE HINRIKA B', '2005-07-13', 810023214027, 'BIOTECH'),
('DHANUSH J U', '2006-03-01', 810023214028, 'BIOTECH'),
('SOWMIYA S', '2005-04-10', 810023214029, 'BIOTECH'),
('ABIRAMI S', '2006-06-10', 810023214030, 'BIOTECH'),
('SANCHITHA R S', '2006-06-06', 810023214031, 'BIOTECH'),
('HEMA SHALINI S', '2006-05-04', 810023214032, 'BIOTECH'),
('PRIYADHARSHINI V', '2004-08-02', 810023214033, 'BIOTECH'),
('DHARANI M', '2006-06-18', 810023214034, 'BIOTECH'),
('MAHESHWARAN S', '2005-07-10', 810023214035, 'BIOTECH'),
('DIVAHAR S', '2006-03-28', 810023214036, 'BIOTECH'),
('DHANYA M', '2006-02-01', 810023214037, 'BIOTECH'),
('JASMINE SHARMILA S', '2005-12-26', 810023214038, 'BIOTECH'),
('NANDHINI S', '2005-12-31', 810023214039, 'BIOTECH'),
('BAVATHARANI S', '2005-01-02', 810023214040, 'BIOTECH'),
('SHREYA B', '2006-01-31', 810023214041, 'BIOTECH'),
('SHILVIYA R', '2003-10-15', 810023214042, 'BIOTECH'),
('LOGESHWARAN K', '2006-01-09', 810023214043, 'BIOTECH'),
('DARWIN NAAKENDIRAN D', '2006-05-07', 810023214044, 'BIOTECH'),
('SARANYAESHWARI S', '2006-08-26', 810023214045, 'BIOTECH'),
('ABARNA P S', '2004-09-21', 810023214046, 'BIOTECH'),
('KEERTHIKA R', '2006-09-06', 810023214047, 'BIOTECH'),
('DEEPIKA T', '2006-07-06', 810023214048, 'BIOTECH'),
('GLADSON RAJ I', '2006-05-15', 810023214049, 'BIOTECH'),
('MAHABUNISHA M', '2005-01-11', 810023214050, 'BIOTECH'),
('JANANI S', '2006-04-21', 810023214051, 'BIOTECH'),
('SELVAKUMAR S', '2006-06-19', 810023214053, 'BIOTECH'),
('SURUTHI M', '2006-05-21', 810023214054, 'BIOTECH'),
('SHYJU WILSON R', '2005-07-22', 810023237001, 'PHARMA'),
('PODHIGAI THENDRAL K', '2005-12-04', 810023237002, 'PHARMA'),
('SRINITHI S', '2006-02-15', 810023237003, 'PHARMA'),
('DHURAI KALIRAJ M', '2006-04-08', 810023237004, 'PHARMA'),
('NIHITHA A', '2005-11-04', 810023237005, 'PHARMA'),
('YUVASRII R N', '2005-10-09', 810023237006, 'PHARMA'),
('PUSHPA V', '2005-07-22', 810023237007, 'PHARMA'),
('ARUN EDWIN Y', '2005-08-20', 810023237008, 'PHARMA'),
('DHARSHINI TR', '2006-03-28', 810023237009, 'PHARMA'),
('AADHILA FATHIMA M N F', '2005-09-01', 810023237010, 'PHARMA'),
('KRISHNASOMI S', '2006-08-09', 810023237011, 'PHARMA'),
('SOWMIYA M', '2006-03-31', 810023237012, 'PHARMA'),
('BHUVANESHWARI V', '2005-11-01', 810023237013, 'PHARMA'),
('VIJAY S', '2005-12-16', 810023237014, 'PHARMA'),
('ANANTH B', '2005-07-07', 810023237015, 'PHARMA'),
('ASHIK SANDHIYAGU J', '2006-07-20', 810023237016, 'PHARMA'),
('SANTHOSH R', '2006-06-04', 810023237018, 'PHARMA'),
('KRISHNA DHARA S', '2005-08-30', 810023237019, 'PHARMA'),
('RENUGADEVI M', '2005-09-28', 810023237020, 'PHARMA'),
('AMIRTHA SRI R', '2005-07-02', 810023237021, 'PHARMA'),
('HARINI M', '2006-09-06', 810023237022, 'PHARMA'),
('GOWNITHA N', '2006-06-01', 810023237023, 'PHARMA'),
('HARI SUDHARSAN S', '2005-11-22', 810023237024, 'PHARMA'),
('MUTHUMARI B', '2005-11-04', 810023237025, 'PHARMA'),
('AARTHI B', '2005-10-04', 810023237026, 'PHARMA'),
('AKILANDESHWARI S', '2006-04-01', 810023237028, 'PHARMA'),
('YOGESHWARI M', '2006-01-27', 810023237029, 'PHARMA'),
('SIVABHARATHI', '2006-01-13', 810023237030, 'PHARMA'),
('MEGANATHAN J', '2005-11-23', 810023237031, 'PHARMA'),
('THENMOZHI R', '2006-05-04', 810023237032, 'PHARMA'),
('PAVITHRA B', '2005-11-19', 810023237033, 'PHARMA'),
('SAMYUKTHA M S', '2005-09-25', 810023237034, 'PHARMA'),
('HEMALEKHAA G M', '2005-09-28', 810023237035, 'PHARMA'),
('VETHA VARSHINI K G', '2006-09-14', 810023237036, 'PHARMA'),
('HARIHARAN K', '2005-05-13', 810023237037, 'PHARMA'),
('AATHITHYA M', '2005-09-16', 810023237038, 'PHARMA'),
('ASMIYA M', '2005-11-07', 810023237039, 'PHARMA'),
('POORNITHA B', '2006-07-30', 810023237040, 'PHARMA'),
('SRIRAM C', '2006-03-02', 810023237041, 'PHARMA'),
('SHRI HARINI C', '2005-01-28', 810023237042, 'PHARMA'),
('KIRUBA S', '2006-07-22', 810023237043, 'PHARMA'),
('MADHUMITHA K', '2005-11-23', 810023237044, 'PHARMA'),
('KARTHIGA DEVI M', '2006-05-28', 810023237045, 'PHARMA'),
('JEETIKA S', '2006-05-19', 810023237046, 'PHARMA'),
('DHINESHKUMAR N', '2006-05-02', 810023237047, 'PHARMA'),
('JOTHEESHWARAN I', '2005-10-13', 810023237048, 'PHARMA'),
('NAOFIL ADAM M', '2005-11-24', 810023237049, 'PHARMA'),
('HASHINI C', '2005-09-26', 810023237050, 'PHARMA'),
('HARINI SRI B', '2006-07-06', 810023237051, 'PHARMA'),
('SWETHA S', '2005-10-28', 810023237052, 'PHARMA'),
('PRADEEP KUMAR M', '2006-05-14', 810023237053, 'PHARMA'),
('HAARES KANNAN G', '2006-05-03', 810023237054, 'PHARMA'),
('KARNA P', '2006-06-27', 810023239001, 'PETRO'),
('NITHYA SHREE R', '2006-02-28', 810023239002, 'PETRO'),
('NAVEEN KUMAR M', '2005-09-19', 810023239003, 'PETRO'),
('PRIYADHARSHINI U', '2004-11-19', 810023239004, 'PETRO'),
('ARUL SELVAN A', '2006-10-29', 810023239005, 'PETRO'),
('ANTO MIC JERSON G', '2006-03-09', 810023239006, 'PETRO'),
('SWETHA S', '2006-02-17', 810023239007, 'PETRO'),
('NITHIYANANTHA B', '2005-08-14', 810023239008, 'PETRO'),
('RESHMA J', '2006-05-18', 810023239009, 'PETRO'),
('VISHANTH D', '2006-01-11', 810023239010, 'PETRO'),
('KARTHIKA K', '2005-07-13', 810023239011, 'PETRO'),
('PRIYATHARSHINI G', '2006-03-22', 810023239012, 'PETRO'),
('ARAVINDH A', '2005-06-05', 810023239013, 'PETRO'),
('RAMYA R', '2006-07-21', 810023239014, 'PETRO'),
('ANBUCHELVAN S', '2005-07-13', 810023239015, 'PETRO'),
('VIMALRAJ S', '2006-07-05', 810023239016, 'PETRO'),
('LAKSHMANAN T', '2005-08-25', 810023239017, 'PETRO'),
('RAMKUMAR S', '2005-12-15', 810023239018, 'PETRO'),
('NAVDEEP S', '2006-06-11', 810023239019, 'PETRO'),
('AVINASH PG', '2005-11-13', 810023239020, 'PETRO'),
('HARINI LAKSHMI K', '2006-01-13', 810023239021, 'PETRO'),
('DHARSHAN M S', '2005-03-22', 810023239022, 'PETRO'),
('RIYAS MOHAMED S', '2006-06-14', 810023239023, 'PETRO'),
('SRIRAM K', '2006-04-06', 810023239024, 'PETRO'),
('ROJITHMANI S', '2006-02-19', 810023239025, 'PETRO'),
('KISOTH KUMAR S', '2006-01-02', 810023239026, 'PETRO'),
('VIDYACHARAN S', '2006-10-11', 810023239027, 'PETRO'),
('HARINI V', '2005-11-20', 810023239028, 'PETRO'),
('IDHAYA RANJAN I', '2005-09-08', 810023239029, 'PETRO'),
('ASEENA FATHIMA S', '2005-09-30', 810023239030, 'PETRO'),
('CHANDRU M', '2006-04-26', 810023239031, 'PETRO'),
('KAVIYA M', '2005-12-07', 810023239032, 'PETRO'),
('MATHIARASU M', '2002-03-25', 810023239033, 'PETRO'),
('SWETHA R U', '2005-11-14', 810023239034, 'PETRO'),
('ABINAYA SRI M', '2005-03-14', 810023239035, 'PETRO'),
('MOHAMMED MAHMOOD M', '2005-06-28', 810023239036, 'PETRO'),
('SOORYA T', '2005-06-10', 810023239037, 'PETRO'),
('SUDHARSAN B', '2006-04-27', 810023239038, 'PETRO'),
('MADESH P', '2004-08-18', 810023239039, 'PETRO'),
('BHARATH R', '2006-06-19', 810023239040, 'PETRO'),
('DISHYAMENAN R', '2006-03-02', 810023239041, 'PETRO');
INSERT INTO `studentdetails` (`name`, `dob`, `regno`, `dept`) VALUES
('RAKESH KUMAR M', '2006-10-03', 810023239042, 'PETRO'),
('VIGNESH S', '2005-11-30', 810023239043, 'PETRO'),
('HARIHARAN R', '2006-05-31', 810023239044, 'PETRO'),
('VISWA P', '2005-06-19', 810023239045, 'PETRO'),
('AAKASH M', '2005-10-17', 810023239047, 'PETRO'),
('SWETHA S', '2006-03-01', 810023239048, 'PETRO'),
('VISHWA M', '2005-08-21', 810023239049, 'PETRO'),
('PARASURAMAN B', '2005-11-15', 810023239050, 'PETRO'),
('VIJAYALAKSHMI K', '2005-11-20', 810023239051, 'PETRO'),
('DARSHAN B', '2004-09-27', 810023239052, 'PETRO'),
('KARTHI KEYAN M', '2005-12-07', 810023239053, 'PETRO');

-- --------------------------------------------------------

--
-- Table structure for table `totalautomobile`
--

CREATE TABLE `totalautomobile` (
  `subcode` varchar(10) DEFAULT NULL,
  `totalmark` int(5) DEFAULT NULL,
  `totalattendance` int(5) DEFAULT NULL
) ENGINE=InnoDB DEFAULT CHARSET=utf8mb4 COLLATE=utf8mb4_general_ci;

--
-- Dumping data for table `totalautomobile`
--

INSERT INTO `totalautomobile` (`subcode`, `totalmark`, `totalattendance`) VALUES
('CY3151', 100, 23),
('GE3151', 100, 23),
('HS3152', 100, 19),
('MA3151', 100, 33),
('GE3152', 100, 7);

-- --------------------------------------------------------

--
-- Table structure for table `totalbiotech`
--

CREATE TABLE `totalbiotech` (
  `subcode` varchar(10) DEFAULT NULL,
  `totalmark` int(5) DEFAULT NULL,
  `totalattendance` int(5) DEFAULT NULL
) ENGINE=InnoDB DEFAULT CHARSET=utf8mb4 COLLATE=utf8mb4_general_ci;

--
-- Dumping data for table `totalbiotech`
--

INSERT INTO `totalbiotech` (`subcode`, `totalmark`, `totalattendance`) VALUES
('GE3151', 100, 18),
('HS3152', 100, 23),
('GE3152', 100, 7),
('MA3151', 100, 29),
('PH3151', 100, 21);

-- --------------------------------------------------------

--
-- Table structure for table `totalcivila`
--

CREATE TABLE `totalcivila` (
  `subcode` varchar(10) DEFAULT NULL,
  `totalmark` int(5) DEFAULT NULL,
  `totalattendance` int(5) DEFAULT NULL
) ENGINE=InnoDB DEFAULT CHARSET=utf8mb4 COLLATE=utf8mb4_general_ci;

--
-- Dumping data for table `totalcivila`
--

INSERT INTO `totalcivila` (`subcode`, `totalmark`, `totalattendance`) VALUES
('PH3151', 100, 29),
('CY3151', 100, 25),
('MA3151', 100, 28),
('HS3152', 100, 20),
('GE3152', 100, 7),
('CY3151', 100, 21);

-- --------------------------------------------------------

--
-- Table structure for table `totalcivilb`
--

CREATE TABLE `totalcivilb` (
  `subcode` varchar(10) DEFAULT NULL,
  `totalmark` int(5) DEFAULT NULL,
  `totalattendance` int(5) DEFAULT NULL
) ENGINE=InnoDB DEFAULT CHARSET=utf8mb4 COLLATE=utf8mb4_general_ci;

--
-- Dumping data for table `totalcivilb`
--

INSERT INTO `totalcivilb` (`subcode`, `totalmark`, `totalattendance`) VALUES
('MA3151', 100, 30),
('PH3151', 100, 26),
('GE3151', 100, 21),
('GE3152', 100, 8),
('HS3152', 100, 26);

-- --------------------------------------------------------

--
-- Table structure for table `totalcivilmechanicaltm`
--

CREATE TABLE `totalcivilmechanicaltm` (
  `subcode` varchar(10) DEFAULT NULL,
  `totalmark` int(5) DEFAULT NULL,
  `totalattendance` int(5) DEFAULT NULL
) ENGINE=InnoDB DEFAULT CHARSET=utf8mb4 COLLATE=utf8mb4_general_ci;

--
-- Dumping data for table `totalcivilmechanicaltm`
--

INSERT INTO `totalcivilmechanicaltm` (`subcode`, `totalmark`, `totalattendance`) VALUES
('GE3151', 100, 23),
('HS3152', 100, 21),
('MA3151', 100, 34),
('GE3152', 100, 6);

-- --------------------------------------------------------

--
-- Table structure for table `totalcsea`
--

CREATE TABLE `totalcsea` (
  `subcode` varchar(10) DEFAULT NULL,
  `totalmark` int(5) DEFAULT NULL,
  `totalattendance` int(5) DEFAULT NULL
) ENGINE=InnoDB DEFAULT CHARSET=utf8mb4 COLLATE=utf8mb4_general_ci;

--
-- Dumping data for table `totalcsea`
--

INSERT INTO `totalcsea` (`subcode`, `totalmark`, `totalattendance`) VALUES
('GE3151', 100, 19),
('CY3151', 100, 24),
('MA3151', 100, 37),
('HS3152', 100, 24),
('GE3152', 100, 7),
('PH3151', 100, 36);

-- --------------------------------------------------------

--
-- Table structure for table `totalcseb`
--

CREATE TABLE `totalcseb` (
  `subcode` varchar(10) DEFAULT NULL,
  `totalmark` int(5) DEFAULT NULL,
  `totalattendance` int(5) DEFAULT NULL
) ENGINE=InnoDB DEFAULT CHARSET=utf8mb4 COLLATE=utf8mb4_general_ci;

--
-- Dumping data for table `totalcseb`
--

INSERT INTO `totalcseb` (`subcode`, `totalmark`, `totalattendance`) VALUES
('MA3151', 100, 33),
('GE3152', 100, 7),
('HS3152', 100, 22),
('PH3151', 100, 36);

-- --------------------------------------------------------

--
-- Table structure for table `totalecea`
--

CREATE TABLE `totalecea` (
  `subcode` varchar(10) DEFAULT NULL,
  `totalmark` int(5) DEFAULT NULL,
  `totalattendance` int(5) DEFAULT NULL
) ENGINE=InnoDB DEFAULT CHARSET=utf8mb4 COLLATE=utf8mb4_general_ci;

--
-- Dumping data for table `totalecea`
--

INSERT INTO `totalecea` (`subcode`, `totalmark`, `totalattendance`) VALUES
('GE3151', 100, 16),
('MA3151', 100, 26),
('CY3151', 100, 28),
('HS3152', 100, 19),
('PH3151', 100, 23),
('GE3152', 100, 9);

-- --------------------------------------------------------

--
-- Table structure for table `totaleceb`
--

CREATE TABLE `totaleceb` (
  `subcode` varchar(10) DEFAULT NULL,
  `totalmark` int(5) DEFAULT NULL,
  `totalattendance` int(5) DEFAULT NULL
) ENGINE=InnoDB DEFAULT CHARSET=utf8mb4 COLLATE=utf8mb4_general_ci;

--
-- Dumping data for table `totaleceb`
--

INSERT INTO `totaleceb` (`subcode`, `totalmark`, `totalattendance`) VALUES
('CY3151', 100, 25),
('MA3151', 100, 27),
('GE3151', 100, 21),
('GE3152', 100, 8),
('HS3152', 100, 19),
('PH3151', 100, 25);

-- --------------------------------------------------------

--
-- Table structure for table `totaleeea`
--

CREATE TABLE `totaleeea` (
  `subcode` varchar(10) DEFAULT NULL,
  `totalmark` int(5) DEFAULT NULL,
  `totalattendance` int(5) DEFAULT NULL
) ENGINE=InnoDB DEFAULT CHARSET=utf8mb4 COLLATE=utf8mb4_general_ci;

--
-- Dumping data for table `totaleeea`
--

INSERT INTO `totaleeea` (`subcode`, `totalmark`, `totalattendance`) VALUES
('HS3152', 100, 21),
('GE3152', 100, 9),
('CY3151', 100, 26),
('GE3151', 100, 18),
('MA3151', 100, 29),
('PH3151', 100, 21);

-- --------------------------------------------------------

--
-- Table structure for table `totaleeeb`
--

CREATE TABLE `totaleeeb` (
  `subcode` varchar(10) DEFAULT NULL,
  `totalmark` int(5) DEFAULT NULL,
  `totalattendance` int(5) DEFAULT NULL
) ENGINE=InnoDB DEFAULT CHARSET=utf8mb4 COLLATE=utf8mb4_general_ci;

--
-- Dumping data for table `totaleeeb`
--

INSERT INTO `totaleeeb` (`subcode`, `totalmark`, `totalattendance`) VALUES
('HS3152', 100, 22),
('GE3151', 100, 18),
('GE3152', 100, 9),
('PH3151', 100, 22);

-- --------------------------------------------------------

--
-- Table structure for table `totalita`
--

CREATE TABLE `totalita` (
  `subcode` varchar(10) DEFAULT NULL,
  `totalmark` int(5) DEFAULT NULL,
  `totalattendance` int(5) DEFAULT NULL
) ENGINE=InnoDB DEFAULT CHARSET=utf8mb4 COLLATE=utf8mb4_general_ci;

--
-- Dumping data for table `totalita`
--

INSERT INTO `totalita` (`subcode`, `totalmark`, `totalattendance`) VALUES
('GE3151', 100, 19),
('CY3151', 100, 20),
('HS3152', 100, 23),
('MA3151', 100, 32),
('GE3152', 100, 8),
('PH3151', 100, 21);

-- --------------------------------------------------------

--
-- Table structure for table `totalitb`
--

CREATE TABLE `totalitb` (
  `subcode` varchar(10) DEFAULT NULL,
  `totalmark` int(5) DEFAULT NULL,
  `totalattendance` int(5) DEFAULT NULL
) ENGINE=InnoDB DEFAULT CHARSET=utf8mb4 COLLATE=utf8mb4_general_ci;

--
-- Dumping data for table `totalitb`
--

INSERT INTO `totalitb` (`subcode`, `totalmark`, `totalattendance`) VALUES
('GE3151', 100, 14),
('HS3152', 100, 21),
('MA3151', 100, 29),
('GE3152', 100, 9),
('CY3151', 100, 25),
('PH3151', 100, 21);

-- --------------------------------------------------------

--
-- Table structure for table `totalmechanicala`
--

CREATE TABLE `totalmechanicala` (
  `subcode` varchar(10) DEFAULT NULL,
  `totalmark` int(5) DEFAULT NULL,
  `totalattendance` int(5) DEFAULT NULL
) ENGINE=InnoDB DEFAULT CHARSET=utf8mb4 COLLATE=utf8mb4_general_ci;

--
-- Dumping data for table `totalmechanicala`
--

INSERT INTO `totalmechanicala` (`subcode`, `totalmark`, `totalattendance`) VALUES
('HS3152', 100, 20),
('MA3151', 100, 30),
('GE3152', 100, 8),
('GE3151', 100, 21);

-- --------------------------------------------------------

--
-- Table structure for table `totalmechanicalb`
--

CREATE TABLE `totalmechanicalb` (
  `subcode` varchar(10) DEFAULT NULL,
  `totalmark` int(5) DEFAULT NULL,
  `totalattendance` int(5) DEFAULT NULL
) ENGINE=InnoDB DEFAULT CHARSET=utf8mb4 COLLATE=utf8mb4_general_ci;

--
-- Dumping data for table `totalmechanicalb`
--

INSERT INTO `totalmechanicalb` (`subcode`, `totalmark`, `totalattendance`) VALUES
('GE3151', 100, 23),
('HS3152', 100, 18),
('MA3151', 100, 30),
('GE3152', 100, 7),
('CY3151', 100, 24),
('PH3151', 100, 21);

-- --------------------------------------------------------

--
-- Table structure for table `totalpetro`
--

CREATE TABLE `totalpetro` (
  `subcode` varchar(10) DEFAULT NULL,
  `totalmark` int(5) DEFAULT NULL,
  `totalattendance` int(5) DEFAULT NULL
) ENGINE=InnoDB DEFAULT CHARSET=utf8mb4 COLLATE=utf8mb4_general_ci;

--
-- Dumping data for table `totalpetro`
--

INSERT INTO `totalpetro` (`subcode`, `totalmark`, `totalattendance`) VALUES
('GE3151', 100, 19),
('HS3152', 100, 24),
('PH3151', 100, 21),
('GE3152', 100, 7),
('CY3151', 100, 29);

-- --------------------------------------------------------

--
-- Table structure for table `totalpharma`
--

CREATE TABLE `totalpharma` (
  `subcode` varchar(10) DEFAULT NULL,
  `totalmark` int(5) DEFAULT NULL,
  `totalattendance` int(5) DEFAULT NULL
) ENGINE=InnoDB DEFAULT CHARSET=utf8mb4 COLLATE=utf8mb4_general_ci;

--
-- Dumping data for table `totalpharma`
--

INSERT INTO `totalpharma` (`subcode`, `totalmark`, `totalattendance`) VALUES
('GE3152', 100, 9),
('MA3151', 100, 25),
('HS3152', 100, 23),
('PH3151', 100, 20),
('CY3151', 100, 22),
('GE3151', 100, 22);
COMMIT;

/*!40101 SET CHARACTER_SET_CLIENT=@OLD_CHARACTER_SET_CLIENT */;
/*!40101 SET CHARACTER_SET_RESULTS=@OLD_CHARACTER_SET_RESULTS */;
/*!40101 SET COLLATION_CONNECTION=@OLD_COLLATION_CONNECTION */;
